#{"t_start": 1764060175.0585854, "env_id": "ALE/Breakout-v5"}
r,l,t
0.0,131,0.556866
1.0,154,0.670498
2.0,182,0.814735
0.0,132,0.932852
3.0,225,1.105616
3.0,266,1.303585
0.0,128,1.419899
1.0,175,1.538896
3.0,240,1.731643
0.0,124,1.817254
1.0,184,1.939669
3.0,225,2.126744
4.0,298,2.342961
1.0,173,2.459988
0.0,132,2.555009
2.0,194,2.687039
3.0,242,2.893574
1.0,172,3.010283
2.0,198,3.14146
0.0,143,3.238212
3.0,253,3.408191
1.0,174,3.557549
0.0,133,3.668361
3.0,250,3.83198
0.0,136,3.926967
1.0,160,4.033631
2.0,214,4.185445
0.0,136,4.308562
0.0,127,4.408716
0.0,134,4.50067
1.0,177,4.617115
1.0,172,4.7318
1.0,171,4.849764
2.0,228,5.038368
0.0,127,5.137137
3.0,228,5.287377
1.0,161,5.400383
0.0,139,5.494486
2.0,203,5.639852
1.0,171,5.782615
0.0,129,5.880399
0.0,128,5.967266
3.0,226,6.117048
0.0,131,6.206542
0.0,136,6.301786
0.0,127,6.408694
2.0,226,6.589582
0.0,135,6.680264
1.0,179,6.804183
0.0,133,6.894961
2.0,200,7.026714
3.0,230,7.216324
0.0,136,7.320258
0.0,135,7.41284
1.0,174,7.526546
0.0,130,7.614512
0.0,128,7.704557
2.0,204,7.86244
1.0,162,8.00183
0.0,131,8.092535
3.0,215,8.239946
3.0,260,8.41403
0.0,132,8.504371
1.0,158,8.647246
4.0,276,8.842658
1.0,155,8.94743
1.0,171,9.06282
0.0,140,9.15842
0.0,135,9.259711
0.0,141,9.359832
1.0,158,9.48203
0.0,128,9.56951
5.0,324,9.782812
0.0,140,9.879362
1.0,156,10.003772
1.0,154,10.140028
1.0,156,10.249666
1.0,171,10.364405
0.0,129,10.452226
2.0,190,10.58067
1.0,184,10.722451
0.0,132,10.836477
0.0,139,10.938401
0.0,134,11.028638
0.0,136,11.124162
0.0,139,11.217488
4.0,270,11.402528
0.0,128,11.518682
1.0,166,11.638376
1.0,167,11.749784
0.0,129,11.836663
0.0,131,11.926818
0.0,127,12.018691
0.0,132,12.106528
1.0,163,12.24952
1.0,194,12.394971
2.0,210,12.536455
0.0,143,12.63221
1.0,177,12.747793
2.0,223,12.914207
1.0,158,13.050466
1.0,183,13.171488
1.0,156,13.274832
0.0,136,13.36645
2.0,200,13.502425
0.0,132,13.608063
0.0,126,13.723033
1.0,182,13.850098
0.0,124,13.938323
3.0,245,14.098167
0.0,132,14.187888
0.0,126,14.275678
1.0,180,14.432481
0.0,138,14.535511
1.0,159,14.640343
2.0,205,14.775023
1.0,155,14.883275
3.0,231,15.051461
1.0,162,15.196574
2.0,205,15.335077
1.0,174,15.456933
2.0,201,15.593648
1.0,153,15.699116
2.0,204,15.872859
0.0,140,15.984888
2.0,202,16.116791
0.0,146,16.213533
1.0,178,16.329849
1.0,167,16.448407
0.0,130,16.556899
0.0,146,16.674816
1.0,157,16.779206
4.0,266,16.958797
0.0,123,17.042402
1.0,174,17.158941
2.0,204,17.335235
0.0,132,17.432981
2.0,223,17.58089
1.0,183,17.702571
0.0,133,17.794336
2.0,238,17.973222
4.0,274,18.18282
2.0,202,18.318269
0.0,137,18.411609
0.0,144,18.510372
2.0,228,18.683236
2.0,217,18.855168
3.0,271,19.031989
0.0,130,19.123797
0.0,126,19.20766
0.0,133,19.297832
1.0,160,19.431437
0.0,127,19.534463
0.0,131,19.622739
2.0,228,19.770965
0.0,132,19.859834
0.0,131,19.950583
1.0,167,20.076576
3.0,251,20.279341
1.0,150,20.380055
1.0,178,20.502898
3.0,258,20.668341
1.0,170,20.793561
1.0,180,20.948284
3.0,226,21.098727
2.0,226,21.245815
1.0,177,21.361685
0.0,128,21.449718
0.0,135,21.572303
0.0,125,21.682222
3.0,264,21.852164
0.0,140,21.946365
2.0,234,22.103434
2.0,225,22.277865
0.0,131,22.39293
0.0,126,22.480299
2.0,205,22.6187
1.0,171,22.734429
4.0,274,22.929976
0.0,129,23.0466
1.0,183,23.185925
2.0,210,23.353742
0.0,142,23.470471
2.0,213,23.652512
0.0,138,23.771836
2.0,203,23.95722
0.0,148,24.071061
3.0,244,24.257716
2.0,184,24.412428
4.0,317,24.695599
2.0,201,24.878099
2.0,199,25.044914
1.0,164,25.172501
1.0,168,25.282533
0.0,132,25.372463
2.0,216,25.557097
4.0,276,25.743987
1.0,169,25.855267
3.0,252,26.018647
2.0,201,26.178608
0.0,124,26.270759
0.0,130,26.359541
0.0,133,26.448978
0.0,133,26.540099
2.0,187,26.665988
1.0,149,26.764378
1.0,161,26.894692
0.0,130,27.00316
2.0,225,27.154097
2.0,226,27.300259
0.0,137,27.391891
3.0,247,27.575234
1.0,171,27.696647
0.0,128,27.782187
3.0,269,27.95624
3.0,255,28.122174
3.0,236,28.31611
4.0,279,28.513193
1.0,161,28.620211
1.0,158,28.724698
2.0,227,28.875552
2.0,228,29.047379
1.0,176,29.166653
3.0,229,29.315619
1.0,159,29.426014
0.0,129,29.515735
3.0,248,29.713607
1.0,185,29.856617
1.0,182,29.982857
0.0,123,30.064731
2.0,233,30.215257
0.0,134,30.308645
1.0,179,30.460551
2.0,216,30.61243
0.0,131,30.699424
2.0,212,30.838632
0.0,136,30.934171
2.0,202,31.084568
0.0,127,31.201002
0.0,133,31.294787
0.0,143,31.394433
1.0,155,31.496519
0.0,139,31.590231
2.0,227,31.740412
3.0,239,31.943846
0.0,129,32.032165
2.0,200,32.166663
2.0,227,32.314887
1.0,162,32.425072
0.0,138,32.542441
0.0,128,32.643719
1.0,175,32.760656
0.0,125,32.850348
1.0,174,32.967329
0.0,129,33.054988
0.0,124,33.140298
2.0,216,33.322729
1.0,175,33.453665
0.0,141,33.548968
0.0,134,33.641558
1.0,177,33.764395
0.0,129,33.852835
1.0,171,33.991317
1.0,176,34.138458
0.0,128,34.226836
1.0,160,34.33424
1.0,155,34.435739
1.0,164,34.542716
3.0,250,34.740701
2.0,224,34.912357
0.0,135,35.003709
1.0,179,35.127215
0.0,133,35.220816
1.0,158,35.327144
0.0,134,35.439455
0.0,152,35.571399
2.0,200,35.706297
2.0,210,35.850231
1.0,172,35.970933
0.0,140,36.071765
1.0,161,36.223194
1.0,178,36.367033
2.0,226,36.517396
1.0,154,36.622606
0.0,129,36.74331
3.0,291,37.621386
4.0,298,39.544644
2.0,222,40.866122
2.0,204,42.075211
3.0,233,43.498836
0.0,167,44.499698
2.0,232,45.879067
1.0,158,46.829953
1.0,205,48.090833
1.0,193,49.262904
1.0,174,50.276829
2.0,234,51.722868
0.0,126,52.475998
1.0,157,53.403504
3.0,241,54.835729
2.0,213,56.155778
3.0,270,57.745192
2.0,201,58.959803
2.0,200,60.148741
0.0,133,60.94373
3.0,248,62.442674
0.0,125,63.18859
1.0,152,64.106016
2.0,207,65.397405
0.0,130,66.171656
3.0,230,67.565783
0.0,131,68.359122
1.0,176,69.436177
3.0,226,70.797404
3.0,230,72.202387
4.0,273,73.822661
2.0,228,75.20615
3.0,234,76.606915
0.0,134,77.423745
3.0,235,78.84943
0.0,141,79.703326
2.0,215,81.046389
3.0,266,82.638609
0.0,126,83.392914
1.0,161,84.360639
4.0,273,86.032748
4.0,285,87.731302
1.0,173,88.791928
1.0,192,89.993149
1.0,171,91.003697
3.0,254,92.530959
1.0,159,93.488955
0.0,133,94.280819
0.0,133,95.114947
1.0,159,96.077539
4.0,277,97.715858
1.0,153,98.63242
0.0,122,99.411281
0.0,123,100.159979
1.0,152,101.079493
2.0,186,102.201332
2.0,208,103.478806
3.0,270,105.102478
1.0,171,106.115181
2.0,239,107.601006
2.0,209,108.852564
2.0,227,110.243355
3.0,246,111.750824
0.0,132,112.550366
1.0,175,113.60687
5.0,327,115.555756
2.0,185,116.656613
1.0,170,117.682882
2.0,187,118.853256
2.0,195,120.01341
3.0,263,121.594944
1.0,157,122.527302
2.0,200,123.773999
0.0,134,124.634105
0.0,135,125.464897
3.0,282,127.175761
6.0,328,129.127302
1.0,151,130.039182
2.0,202,131.227479
1.0,159,132.198454
1.0,155,133.151793
1.0,165,134.154673
0.0,159,135.113566
3.0,262,136.708738
4.0,263,138.266524
2.0,205,139.475991
1.0,192,140.638543
0.0,133,141.449235
2.0,213,142.757817
4.0,293,144.520706
1.0,154,145.436146
3.0,269,147.108822
1.0,160,148.083265
5.0,328,150.05372
3.0,246,151.529029
1.0,166,152.555989
2.0,199,153.739679
2.0,209,154.999644
0.0,134,155.79496
1.0,157,156.771707
1.0,167,157.814679
1.0,176,158.868977
2.0,218,160.21631
3.0,258,161.815254
1.0,160,162.779324
5.0,335,164.805217
4.0,268,166.406223
3.0,232,167.841513
1.0,175,168.893859
0.0,130,169.676336
1.0,170,170.72927
1.0,152,171.64948
1.0,170,172.70226
1.0,171,173.733474
1.0,163,174.716106
3.0,281,176.444595
2.0,186,177.591871
5.0,314,179.457408
4.0,297,181.265052
1.0,179,182.397734
1.0,158,183.372896
0.0,136,184.202899
3.0,230,185.585268
8.0,377,187.873169
2.0,210,189.135375
1.0,157,190.087362
0.0,137,190.902299
1.0,166,191.923616
0.0,141,192.817107
0.0,134,193.642644
4.0,289,195.375445
3.0,254,196.92964
0.0,140,197.775741
0.0,143,198.655146
2.0,222,199.998352
3.0,237,201.469036
4.0,260,203.012424
2.0,197,204.192632
0.0,154,205.122056
4.0,258,206.715623
3.0,239,208.167522
1.0,168,209.179413
2.0,184,210.30511
0.0,125,211.068183
2.0,226,212.480313
2.0,186,213.598369
5.0,375,215.880216
3.0,267,217.533888
0.0,124,218.284875
2.0,184,219.393106
3.0,251,220.882616
1.0,165,221.902287
3.0,268,223.562556
2.0,209,224.833312
0.0,123,225.58366
1.0,148,226.48013
2.0,202,227.714431
2.0,207,228.971387
3.0,233,230.385677
1.0,205,231.727894
2.0,190,232.949944
0.0,150,233.899579
0.0,155,234.94057
2.0,223,236.517326
0.0,141,237.380079
0.0,134,238.201018
2.0,199,239.386307
3.0,258,241.005979
4.0,277,242.669042
1.0,171,243.735013
0.0,146,244.625718
2.0,203,245.889959
2.0,223,247.27741
1.0,170,248.302146
1.0,170,249.338589
4.0,277,251.047661
2.0,205,252.305501
4.0,335,254.324424
1.0,170,255.367657
9.0,371,257.633699
2.0,205,258.89477
3.0,276,260.569185
0.0,132,261.360739
2.0,223,262.72576
2.0,202,263.955913
1.0,180,265.057532
0.0,130,265.840205
0.0,124,266.596391
2.0,200,267.844939
3.0,270,269.436913
1.0,158,270.39341
2.0,198,271.625697
2.0,194,272.777972
2.0,236,274.189696
3.0,240,275.639926
0.0,122,276.39505
6.0,374,278.681123
1.0,159,279.65571
0.0,153,280.576353
2.0,208,281.850454
2.0,177,282.953232
1.0,183,284.020562
0.0,125,284.769741
3.0,270,286.425102
2.0,195,287.621468
0.0,122,288.345117
0.0,138,289.208374
3.0,284,290.98098
1.0,155,291.92153
2.0,204,293.170566
0.0,140,294.027475
5.0,326,296.049392
7.0,441,298.688167
0.0,148,299.59044
2.0,184,300.726365
4.0,295,302.561677
0.0,136,303.377197
1.0,159,304.348255
3.0,236,305.800227
4.0,287,307.59361
0.0,140,308.566338
2.0,206,310.071988
0.0,130,310.874883
1.0,167,311.876992
2.0,214,313.231781
4.0,281,314.924418
0.0,134,315.732545
1.0,152,316.646323
9.0,366,318.883231
5.0,347,320.995416
2.0,231,322.415797
5.0,306,324.283718
3.0,249,325.786033
2.0,225,327.163363
3.0,262,328.73469
2.0,219,330.092902
2.0,196,331.275076
4.0,263,332.887863
5.0,355,335.018438
8.0,441,337.748231
1.0,166,338.742409
4.0,305,340.561815
1.0,155,341.507054
3.0,245,343.03255
4.0,264,344.634941
2.0,199,345.859921
5.0,307,347.734363
5.0,298,349.573447
5.0,364,351.786649
2.0,222,353.136176
2.0,199,354.337101
2.0,212,355.652657
0.0,125,356.407024
1.0,154,357.335593
0.0,127,358.105565
2.0,218,359.463912
3.0,250,360.982711
0.0,152,361.906938
5.0,313,363.80098
1.0,159,364.788125
2.0,199,366.040393
1.0,158,366.997271
1.0,158,367.964869
4.0,315,369.897592
2.0,208,371.17679
2.0,195,372.348178
2.0,219,373.694813
2.0,216,375.117255
4.0,277,376.797463
1.0,153,377.73466
6.0,377,380.011307
2.0,245,381.54338
1.0,167,382.569232
2.0,207,383.811814
3.0,265,385.394022
2.0,201,386.648897
1.0,156,387.584252
3.0,270,389.20508
3.0,230,390.589787
2.0,220,391.989034
2.0,209,393.269884
5.0,320,395.21293
1.0,156,396.169456
2.0,207,397.487267
4.0,337,399.538473
3.0,251,401.052172
6.0,406,403.543213
0.0,126,404.30593
1.0,177,405.415185
3.0,237,406.87536
2.0,207,408.120825
3.0,271,409.816904
2.0,213,411.11944
1.0,161,412.121738
0.0,144,413.004555
3.0,243,414.529495
4.0,273,416.225004
2.0,214,417.517526
4.0,327,419.546503
2.0,184,420.685742
2.0,222,422.077174
4.0,263,423.675707
4.0,305,425.532827
1.0,198,426.810054
4.0,291,428.6062
2.0,203,429.838082
3.0,270,431.498805
2.0,199,432.758257
0.0,128,433.540557
2.0,224,434.91618
1.0,153,435.840146
3.0,222,437.21936
3.0,248,438.748887
1.0,158,439.730701
2.0,222,441.077057
4.0,278,442.82742
1.0,150,443.747411
5.0,337,445.829911
3.0,247,447.340225
4.0,268,449.033293
0.0,128,449.806141
4.0,275,451.502966
0.0,136,452.335148
2.0,208,453.650007
1.0,175,454.71447
2.0,217,456.036187
2.0,188,457.189179
4.0,283,458.961629
0.0,132,459.759927
4.0,285,461.506251
5.0,307,463.384501
2.0,190,464.577254
1.0,178,465.673259
2.0,202,466.912268
3.0,262,468.546826
2.0,199,469.787462
0.0,128,470.607256
2.0,212,471.902542
0.0,133,472.691313
4.0,282,474.458603
7.0,406,476.913197
4.0,290,478.696633
4.0,272,480.356784
1.0,159,481.337736
2.0,197,482.579504
3.0,214,483.91171
1.0,188,485.079688
2.0,211,486.417674
0.0,123,487.163727
2.0,193,488.356676
0.0,141,489.234273
2.0,203,490.509154
3.0,218,491.826826
1.0,171,492.884629
6.0,367,495.110006
9.0,344,497.262885
6.0,363,499.479269
4.0,277,501.194505
7.0,260,502.791534
4.0,297,504.672396
4.0,285,506.435515
4.0,297,508.262974
2.0,195,509.482081
2.0,189,510.678357
4.0,274,512.362444
4.0,289,514.154791
3.0,227,515.581677
5.0,359,517.836995
4.0,281,519.545145
3.0,231,520.986271
2.0,180,522.091746
2.0,219,523.453071
2.0,203,524.719735
0.0,126,525.505928
4.0,278,527.200199
3.0,259,528.830528
3.0,225,530.200868
2.0,181,531.296717
1.0,165,532.332646
2.0,226,533.753811
3.0,244,535.26949
5.0,328,537.300581
2.0,187,538.447166
3.0,247,540.011199
3.0,221,541.354565
1.0,166,542.364529
3.0,216,543.685451
4.0,275,545.446708
2.0,186,546.61113
3.0,224,548.007838
3.0,238,549.47376
3.0,234,550.974345
4.0,266,552.587598
1.0,172,553.648088
7.0,256,555.241038
2.0,224,556.684988
5.0,336,558.762449
2.0,180,559.878941
5.0,347,562.025421
7.0,255,563.64998
3.0,230,565.072192
1.0,173,566.146413
3.0,227,567.560601
2.0,221,568.964214
2.0,199,570.181287
0.0,137,571.030126
2.0,208,572.307367
7.0,244,573.808157
2.0,197,575.046778
1.0,155,575.994724
3.0,260,577.603247
2.0,180,578.735535
3.0,232,580.188886
1.0,164,581.221454
3.0,242,582.739496
5.0,387,585.212879
3.0,248,586.739626
6.0,336,588.867137
1.0,170,589.931918
2.0,193,591.200161
2.0,182,592.344809
2.0,200,593.605911
2.0,208,594.891611
2.0,197,596.153679
7.0,263,597.807733
2.0,218,599.145595
0.0,137,600.098068
3.0,218,601.529793
4.0,268,603.233529
3.0,210,604.556873
3.0,207,605.840867
4.0,281,607.632676
3.0,236,609.128496
2.0,199,610.358189
3.0,213,611.721063
1.0,177,612.81894
2.0,235,614.356621
4.0,271,616.060139
7.0,376,618.432614
3.0,211,619.805128
3.0,217,621.168746
2.0,212,622.509399
4.0,261,624.192401
4.0,279,625.969687
3.0,232,627.440351
4.0,254,629.065448
4.0,296,630.938459
4.0,265,632.642327
1.0,168,633.706938
3.0,254,635.327922
2.0,183,636.469902
6.0,390,639.026563
3.0,235,640.521879
3.0,252,642.105928
3.0,234,643.586024
3.0,251,645.191511
7.0,252,646.79412
1.0,168,647.86768
3.0,276,649.595513
3.0,245,651.174697
3.0,225,652.603744
3.0,237,654.122821
4.0,255,655.715543
7.0,253,657.373
2.0,183,658.515951
3.0,230,659.984665
7.0,375,662.371615
3.0,227,663.847047
5.0,294,665.714255
4.0,289,667.536539
2.0,244,669.080392
8.0,318,671.163318
5.0,328,673.256324
3.0,257,674.906089
5.0,286,676.710295
2.0,193,677.979318
8.0,318,680.006607
12.0,311,681.997403
3.0,225,683.411531
2.0,216,684.814644
2.0,184,685.980436
11.0,288,687.824711
3.0,216,689.209028
8.0,316,691.248218
7.0,302,693.164208
2.0,184,694.343313
5.0,343,696.518753
7.0,254,698.197168
7.0,346,700.400888
4.0,285,702.213208
7.0,276,703.960782
4.0,300,705.905038
5.0,299,707.805162
8.0,315,709.802078
8.0,316,711.842075
1.0,198,713.154502
4.0,275,714.87598
7.0,247,716.449168
2.0,188,717.635402
2.0,182,718.826336
2.0,198,720.063915
3.0,211,721.413125
5.0,356,723.672035
1.0,204,725.022916
2.0,184,726.201928
5.0,316,728.204314
2.0,199,729.478439
2.0,192,730.735131
6.0,349,732.929317
2.0,218,734.308074
3.0,241,735.851806
2.0,226,737.346186
5.0,317,739.371485
5.0,312,741.354299
1.0,160,742.375401
7.0,255,744.034208
2.0,189,745.235444
6.0,421,747.942459
1.0,160,748.982151
2.0,199,750.275604
7.0,276,752.007379
3.0,279,753.779463
5.0,327,755.865075
4.0,243,757.474072
3.0,235,758.944165
3.0,281,760.713274
4.0,282,762.485777
3.0,223,763.947477
3.0,226,765.353375
8.0,328,767.4382
3.0,233,768.915863
5.0,308,770.904638
7.0,387,773.327867
4.0,307,775.278876
1.0,194,776.513128
3.0,242,778.089928
5.0,324,780.141981
7.0,265,781.839858
2.0,193,783.082099
5.0,297,785.027007
5.0,310,786.971245
3.0,303,788.919991
5.0,324,790.976479
5.0,303,792.948503
2.0,220,794.364213
2.0,212,795.705919
3.0,260,797.363798
7.0,421,800.073684
3.0,238,801.592779
3.0,239,803.072634
7.0,370,805.421634
6.0,367,807.779421
2.0,179,808.900543
2.0,194,810.12843
8.0,455,812.97616
4.0,280,814.791577
6.0,298,816.705009
5.0,314,818.710444
1.0,163,819.73355
1.0,170,820.826693
4.0,272,822.57959
8.0,299,824.49719
4.0,289,826.342587
0.0,148,827.275482
7.0,439,830.115787
6.0,366,832.44339
6.0,345,834.636183
12.0,337,836.837917
5.0,325,838.903836
2.0,192,840.137345
7.0,367,842.457231
6.0,371,844.816712
3.0,235,846.307449
5.0,361,848.609185
5.0,372,850.978365
6.0,399,853.545221
4.0,265,855.248256
3.0,212,856.594146
4.0,269,858.325225
4.0,264,860.049561
2.0,201,861.318818
3.0,216,862.695288
4.0,264,864.377123
7.0,281,866.19486
2.0,224,867.602844
3.0,230,869.081698
4.0,297,870.956475
5.0,296,872.851112
9.0,524,876.160923
6.0,320,878.175874
5.0,362,880.446121
4.0,286,882.317756
4.0,351,884.563758
8.0,434,887.32834
1.0,153,888.287002
10.0,362,890.622002
4.0,239,892.139764
2.0,209,893.468686
5.0,309,895.418066
4.0,269,897.141564
3.0,217,898.542902
5.0,310,900.483167
5.0,336,902.589309
6.0,343,904.825877
3.0,240,906.338226
8.0,311,908.291538
4.0,280,910.069386
4.0,280,911.878835
2.0,221,913.274303
4.0,326,915.355264
5.0,294,917.239735
6.0,346,919.46011
4.0,312,921.44991
2.0,189,922.633408
6.0,363,924.910311
5.0,348,927.147795
2.0,186,928.338312
6.0,361,930.630724
10.0,423,933.314303
6.0,374,935.688562
4.0,295,937.567324
3.0,308,939.54566
4.0,303,941.471619
13.0,386,943.956489
3.0,251,945.554672
5.0,286,947.39223
3.0,269,949.1043
7.0,293,951.019199
4.0,406,953.618422
4.0,299,955.494999
5.0,289,957.372332
3.0,238,958.915961
7.0,405,961.479183
4.0,312,963.459118
5.0,357,965.775146
4.0,282,967.594397
12.0,362,969.912992
5.0,333,972.032324
10.0,430,974.757654
5.0,356,977.049008
4.0,261,978.746522
12.0,331,980.848483
1.0,192,982.081982
2.0,240,983.666887
6.0,420,986.331141
11.0,443,989.139748
7.0,403,991.738899
5.0,329,993.89917
3.0,293,995.75899
7.0,394,998.302438
6.0,361,1000.611392
4.0,281,1002.450707
6.0,384,1004.892288
1.0,168,1005.972337
7.0,287,1007.813628
10.0,405,1010.435163
2.0,214,1011.830997
12.0,511,1015.118395
2.0,239,1016.625031
11.0,469,1019.664128
4.0,312,1021.647918
5.0,417,1024.305453
5.0,313,1026.299509
6.0,356,1028.615246
2.0,200,1029.904535
4.0,307,1031.880678
5.0,365,1034.229921
7.0,487,1037.382458
2.0,256,1039.032261
6.0,406,1041.623776
3.0,248,1043.200193
4.0,377,1045.654098
3.0,238,1047.168645
3.0,315,1049.19889
2.0,182,1050.352396
4.0,261,1052.078639
6.0,341,1054.254774
7.0,432,1057.013492
6.0,377,1059.429145
5.0,328,1061.555498
6.0,391,1064.060483
6.0,396,1066.602107
5.0,351,1068.847708
6.0,389,1071.383281
9.0,511,1074.6721
6.0,333,1076.803956
8.0,348,1079.059537
5.0,369,1081.463563
4.0,296,1083.375173
2.0,211,1084.732214
1.0,158,1085.720442
4.0,247,1087.369896
6.0,422,1090.069832
7.0,393,1092.6031
3.0,234,1094.111279
4.0,246,1095.736226
7.0,390,1098.23386
3.0,253,1099.873924
6.0,367,1102.216373
6.0,421,1104.960825
5.0,415,1107.622905
5.0,350,1109.862025
5.0,336,1112.030171
1.0,190,1113.218531
2.0,195,1114.531118
2.0,238,1116.096093
6.0,347,1118.349886
11.0,417,1121.069544
4.0,352,1123.318658
2.0,289,1125.163968
6.0,369,1127.49069
3.0,318,1129.602815
5.0,326,1131.691028
6.0,358,1134.010382
8.0,446,1136.869728
6.0,390,1139.508999
3.0,258,1141.25686
4.0,253,1143.225387
3.0,261,1145.041696
4.0,327,1147.184645
7.0,401,1149.773788
3.0,244,1151.357993
14.0,448,1154.239792
7.0,255,1155.943703
4.0,302,1157.906486
10.0,531,1161.361845
7.0,297,1163.274034
7.0,366,1165.66852
6.0,420,1168.399913
7.0,411,1171.0948
6.0,338,1173.314868
3.0,239,1174.887397
5.0,307,1176.902522
6.0,385,1179.386226
6.0,355,1181.705024
2.0,238,1183.288162
4.0,273,1185.056657
17.0,525,1188.469519
4.0,265,1190.190826
5.0,351,1192.527979
5.0,318,1194.602091
3.0,314,1196.642294
7.0,501,1199.905902
11.0,284,1201.806858
4.0,286,1203.681341
9.0,493,1206.834436
4.0,312,1208.867282
4.0,275,1210.692897
10.0,577,1214.454471
8.0,434,1217.305388
8.0,508,1220.610993
7.0,344,1222.909923
6.0,387,1225.418039
7.0,455,1228.400303
4.0,401,1230.991704
7.0,410,1233.741349
5.0,303,1235.733044
10.0,374,1238.141889
7.0,488,1241.316595
4.0,281,1243.191659
8.0,335,1245.387996
11.0,326,1247.500089
7.0,302,1249.4718
5.0,374,1251.971283
10.0,605,1255.90516
8.0,383,1258.402316
8.0,347,1260.662906
5.0,320,1262.790272
7.0,474,1265.932225
6.0,358,1268.275953
11.0,461,1271.326855
4.0,259,1273.048141
4.0,322,1275.16251
4.0,326,1277.287656
12.0,345,1279.580732
9.0,471,1282.675542
3.0,254,1284.368941
9.0,397,1286.925385
3.0,208,1288.296634
3.0,252,1290.006996
12.0,338,1292.252323
6.0,333,1294.438993
2.0,202,1295.751933
7.0,258,1297.518069
3.0,287,1299.431966
7.0,310,1301.47465
5.0,378,1304.000488
4.0,360,1306.930879
12.0,349,1309.21846
5.0,365,1311.634451
4.0,328,1313.816702
13.0,401,1316.473335
11.0,321,1318.606825
6.0,465,1321.683037
7.0,585,1325.546424
4.0,310,1327.653604
12.0,480,1330.812577
9.0,374,1333.261382
3.0,219,1334.693274
5.0,378,1337.18136
11.0,440,1340.080261
9.0,376,1342.553667
9.0,446,1345.501178
10.0,576,1349.337521
3.0,346,1351.61994
4.0,281,1353.486393
4.0,245,1355.088869
7.0,382,1357.639659
4.0,283,1359.538141
3.0,268,1361.314809
5.0,377,1363.80324
5.0,339,1366.089131
4.0,257,1367.810539
4.0,354,1370.203469
3.0,257,1371.912938
3.0,234,1373.528183
10.0,427,1376.346714
12.0,406,1379.057656
4.0,436,1381.967095
5.0,394,1384.624087
7.0,320,1386.749808
5.0,312,1388.80914
3.0,398,1391.482329
7.0,292,1393.458827
3.0,321,1395.596649
7.0,345,1397.913297
7.0,342,1400.206951
7.0,352,1402.601913
9.0,575,1406.485705
2.0,297,1408.468709
8.0,423,1411.308658
1.0,162,1412.428264
7.0,359,1414.844473
7.0,369,1417.359379
4.0,292,1419.302431
4.0,338,1421.614293
7.0,446,1424.596159
7.0,365,1427.040738
4.0,350,1429.378299
12.0,385,1431.965908
10.0,414,1434.761649
7.0,410,1437.479576
7.0,280,1439.369157
9.0,482,1442.663102
6.0,422,1445.51639
6.0,337,1447.770111
3.0,299,1449.794617
7.0,420,1452.678877
4.0,292,1454.640968
3.0,320,1456.80072
7.0,394,1459.449868
6.0,424,1462.346516
12.0,352,1464.719298
14.0,431,1467.572552
8.0,492,1470.894887
7.0,306,1473.011967
5.0,395,1475.676832
2.0,192,1476.983331
12.0,677,1481.548133
11.0,339,1483.882031
5.0,316,1486.037487
6.0,372,1488.576636
3.0,306,1490.675297
6.0,561,1494.465205
4.0,353,1496.87251
4.0,296,1498.881428
3.0,291,1500.851737
7.0,334,1503.169245
8.0,331,1505.433963
10.0,827,1511.061969
3.0,308,1513.187151
7.0,402,1515.979417
8.0,437,1518.952994
8.0,400,1521.69076
7.0,271,1523.561673
12.0,550,1527.34143
12.0,618,1531.609063
3.0,240,1533.246488
6.0,472,1536.490067
3.0,383,1539.16304
3.0,226,1540.720196
3.0,313,1542.873032
12.0,826,1548.579914
4.0,304,1550.719364
2.0,240,1552.376471
8.0,408,1555.193957
6.0,443,1558.208304
6.0,846,1564.065315
8.0,419,1566.951682
4.0,610,1571.180864
6.0,477,1574.525578
4.0,359,1577.047812
8.0,796,1582.59535
3.0,356,1585.091826
8.0,321,1587.348768
7.0,252,1589.15562
3.0,330,1591.46294
9.0,402,1594.278003
7.0,1013,1601.329265
5.0,519,1605.028028
3.0,629,1609.457095
11.0,503,1613.019213
4.0,446,1616.150373
3.0,277,1618.154278
4.0,495,1621.613803
4.0,490,1625.087981
4.0,711,1630.053106
6.0,322,1632.393645
3.0,600,1636.60461
3.0,584,1640.724346
2.0,419,1643.693969
2.0,206,1645.196003
3.0,410,1648.101486
4.0,600,1652.343475
3.0,359,1654.885146
10.0,2103,1669.86156
4.0,1319,1679.22803
5.0,327,1681.590725
3.0,500,1685.155403
3.0,428,1688.243927
4.0,374,1690.886659
14.0,2524,1708.905519
14.0,1262,1718.022762
5.0,677,1722.89288
3.0,355,1725.46039
11.0,799,1731.138217
7.0,782,1736.687752
6.0,322,1739.015925
8.0,525,1742.804901
3.0,210,1744.317014
5.0,627,1748.809429
12.0,961,1755.724612
7.0,605,1760.060424
3.0,210,1761.580948
3.0,275,1763.547987
3.0,210,1765.084051
3.0,210,1766.613207
5.0,357,1769.19002
8.0,1079,1777.002038
4.0,296,1779.151792
12.0,447,1782.332536
13.0,2737,1801.994961
4.0,524,1805.811178
12.0,476,1809.305594
2.0,193,1810.719953
2.0,272,1812.707238
4.0,371,1815.39711
7.0,841,1821.531812
4.0,590,1825.797945
2.0,317,1828.119009
9.0,1245,1837.155014
5.0,405,1840.136559
11.0,811,1845.975907
6.0,861,1852.206587
3.0,225,1853.838788
3.0,210,1855.407019
8.0,663,1860.190693
7.0,746,1865.509288
3.0,889,1871.915706
7.0,766,1877.510271
2.0,343,1879.97781
6.0,771,1885.505697
9.0,1025,1892.870528
1.0,312,1895.172866
3.0,226,1896.804095
3.0,414,1899.803118
9.0,528,1903.635606
9.0,425,1906.723052
9.0,819,1912.66781
11.0,417,1915.664355
4.0,606,1920.008592
4.0,352,1922.598462
4.0,333,1925.024313
4.0,260,1926.910763
8.0,578,1931.092612
9.0,380,1933.850272
8.0,967,1940.832348
3.0,348,1943.307709
5.0,287,1945.385612
5.0,628,1949.935141
9.0,383,1952.662619
4.0,263,1954.562641
12.0,645,1959.182455
7.0,580,1963.372136
13.0,1301,1972.737987
3.0,242,1974.466457
11.0,1030,1981.916545
6.0,376,1984.664294
1.0,220,1986.256141
5.0,490,1989.774298
8.0,402,1992.688446
7.0,312,1994.977089
8.0,509,1998.621357
3.0,267,2000.550592
3.0,268,2002.478064
3.0,226,2004.151942
4.0,257,2006.008097
11.0,640,2010.596915
6.0,348,2013.119207
8.0,345,2015.678006
5.0,492,2019.27869
7.0,587,2023.434502
7.0,1104,2031.379879
4.0,242,2033.162746
4.0,328,2035.512545
3.0,628,2039.999914
10.0,471,2043.384013
3.0,213,2044.946591
4.0,241,2046.729983
5.0,288,2048.917081
5.0,342,2051.759414
4.0,562,2055.865428
4.0,393,2058.713342
4.0,348,2061.231084
8.0,568,2065.348155
5.0,655,2070.132695
4.0,280,2072.159871
4.0,701,2077.235433
15.0,1000,2084.491729
3.0,210,2086.071948
5.0,290,2088.152298
3.0,236,2089.856255
4.0,246,2091.642798
5.0,349,2094.203259
2.0,191,2095.601534
3.0,329,2097.973641
4.0,489,2101.53505
2.0,408,2104.525354
5.0,290,2106.632573
2.0,201,2108.095087
7.0,572,2112.250838
5.0,405,2115.232889
6.0,322,2117.580557
7.0,596,2121.902027
6.0,417,2124.920992
4.0,478,2128.406987
4.0,256,2130.250145
4.0,292,2132.370633
3.0,256,2134.233738
8.0,906,2140.787224
7.0,744,2146.157005
2.0,179,2147.464377
1.0,148,2148.544827
7.0,403,2151.517814
2.0,297,2153.658118
5.0,306,2155.841054
4.0,478,2159.312129
3.0,210,2160.862348
4.0,336,2163.290609
8.0,296,2165.464165
4.0,284,2167.50611
4.0,271,2169.531044
4.0,312,2171.805411
14.0,697,2177.400864
14.0,528,2181.196536
5.0,288,2183.290458
5.0,272,2185.225067
6.0,341,2187.722188
8.0,482,2191.1992
1.0,148,2192.275348
4.0,256,2194.143242
6.0,371,2196.795291
4.0,241,2198.527788
12.0,820,2204.480833
11.0,812,2210.335261
9.0,569,2214.447554
5.0,296,2216.597595
5.0,334,2219.041876
7.0,822,2225.005288
6.0,447,2228.229131
2.0,179,2229.525155
3.0,207,2231.048278
6.0,428,2234.119691
6.0,353,2236.668893
8.0,383,2239.450028
7.0,438,2242.619641
5.0,290,2244.735705
3.0,210,2246.246317
5.0,290,2248.335048
7.0,394,2251.21712
5.0,394,2254.062549
2.0,179,2255.335475
5.0,305,2257.562787
1.0,148,2258.654184
5.0,322,2260.999593
4.0,257,2262.839827
4.0,256,2264.691275
5.0,429,2267.820101
5.0,372,2270.51987
7.0,480,2273.971596
4.0,254,2275.782433
10.0,462,2279.158205
11.0,824,2285.112729
5.0,290,2287.219673
5.0,309,2289.43091
7.0,436,2292.613657
5.0,301,2294.806129
3.0,228,2296.462432
7.0,389,2299.262774
0.0,175,2300.581753
6.0,322,2302.895607
4.0,306,2305.128673
7.0,503,2308.735135
4.0,241,2310.527603
6.0,370,2313.163672
4.0,292,2315.280929
6.0,367,2317.95038
5.0,323,2320.321846
6.0,442,2323.472391
12.0,745,2328.840677
3.0,291,2330.958463
2.0,177,2332.272983
2.0,286,2334.35333
6.0,394,2337.210777
4.0,258,2339.104131
3.0,207,2340.649211
9.0,410,2343.592344
6.0,327,2345.958595
5.0,287,2348.042676
15.0,451,2351.28182
12.0,455,2354.55874
9.0,567,2358.795299
5.0,291,2360.906487
2.0,180,2362.228302
2.0,194,2363.617996
3.0,234,2365.334581
12.0,780,2370.942023
5.0,391,2373.782727
12.0,877,2380.08515
5.0,436,2383.231196
3.0,225,2384.840372
3.0,210,2386.386878
8.0,409,2389.340612
5.0,300,2391.507988
3.0,227,2393.141443
4.0,608,2397.523115
4.0,1064,2405.184967
7.0,328,2407.533001
6.0,536,2411.37133
7.0,1275,2420.525041
10.0,409,2423.469947
10.0,503,2427.08201
6.0,480,2430.536175
13.0,526,2434.37184
3.0,352,2436.899822
6.0,303,2439.05701
11.0,376,2441.762653
9.0,584,2446.001176
6.0,354,2448.578504
12.0,1240,2457.47803
8.0,376,2460.167499
2.0,195,2461.621972
10.0,648,2466.288812
7.0,263,2468.168868
8.0,313,2470.438549
10.0,692,2475.440717
5.0,310,2477.660375
10.0,592,2481.899721
5.0,287,2483.952557
6.0,321,2486.261115
6.0,552,2490.235782
9.0,602,2494.572517
8.0,388,2497.342913
7.0,353,2499.912634
6.0,345,2502.398744
8.0,711,2507.515086
10.0,1090,2515.330373
7.0,393,2518.197863
13.0,875,2524.476922
4.0,259,2526.309253
8.0,396,2529.172293
6.0,324,2531.547239
4.0,290,2533.665162
4.0,411,2536.565368
14.0,853,2542.726413
4.0,241,2544.491778
5.0,297,2546.637617
4.0,286,2548.705804
4.0,256,2550.542413
5.0,374,2553.255365
1.0,148,2554.305057
8.0,397,2557.170221
4.0,256,2559.023102
13.0,515,2562.773167
3.0,210,2564.304309
12.0,776,2569.884878
7.0,404,2572.779292
3.0,225,2574.453503
4.0,282,2576.476282
5.0,368,2579.116119
8.0,365,2581.764667
13.0,515,2585.494724
6.0,340,2587.923393
3.0,227,2589.551713
14.0,868,2595.779596
4.0,468,2599.173938
7.0,373,2601.881461
6.0,497,2605.495242
4.0,249,2607.281302
6.0,491,2610.853425
5.0,288,2612.927474
4.0,259,2614.798634
8.0,467,2618.196852
4.0,274,2620.207314
12.0,443,2623.381516
1.0,172,2624.628762
5.0,302,2626.816849
6.0,409,2629.791387
6.0,338,2632.239039
4.0,244,2634.0106
1.0,148,2635.087307
1.0,148,2636.167366
11.0,489,2639.712705
12.0,735,2645.027203
5.0,287,2647.069835
3.0,272,2649.078574
11.0,919,2655.691089
7.0,389,2658.521672
10.0,421,2661.567366
5.0,332,2664.013657
2.0,211,2665.541219
4.0,278,2667.553281
8.0,500,2671.180546
6.0,331,2673.618813
10.0,371,2676.273977
3.0,251,2678.094373
4.0,308,2680.317675
5.0,295,2682.524144
6.0,423,2685.594456
2.0,180,2686.907262
6.0,321,2689.223285
2.0,179,2690.561418
13.0,506,2694.225569
7.0,371,2696.927368
17.0,1771,2709.794989
6.0,490,2713.369951
2.0,179,2714.694076
7.0,374,2717.407626
5.0,370,2720.146511
10.0,391,2723.042177
5.0,392,2725.896706
4.0,259,2727.781574
4.0,259,2729.692145
3.0,378,2732.485631
4.0,258,2734.370087
4.0,405,2737.306679
4.0,256,2739.194783
11.0,451,2742.486209
6.0,454,2745.819435
4.0,399,2748.708868
14.0,432,2751.908415
3.0,298,2754.122139
6.0,303,2756.321642
6.0,357,2758.91304
12.0,370,2761.607786
8.0,427,2764.750044
4.0,250,2766.563779
3.0,232,2768.251809
3.0,226,2769.897865
3.0,221,2771.541921
4.0,346,2774.046413
3.0,270,2775.988105
12.0,1140,2784.18227
3.0,210,2785.756252
3.0,226,2787.377473
7.0,480,2790.822181
8.0,479,2794.292225
10.0,393,2797.138214
9.0,741,2802.472694
8.0,514,2806.162348
9.0,330,2808.526679
8.0,400,2811.470682
4.0,279,2813.480091
5.0,337,2815.926661
6.0,341,2818.363566
9.0,587,2822.64202
4.0,256,2824.50188
7.0,423,2827.530172
12.0,505,2831.135758
10.0,374,2833.858035
11.0,947,2840.723467
10.0,840,2846.795935
6.0,474,2850.247008
5.0,330,2852.685849
4.0,295,2854.827981
5.0,355,2857.37129
4.0,265,2859.30663
4.0,268,2861.296775
4.0,242,2863.041311
6.0,444,2866.239332
5.0,300,2868.388067
5.0,305,2870.621
5.0,605,2875.036761
8.0,408,2878.00564
5.0,289,2880.087805
7.0,365,2882.75851
3.0,212,2884.314429
5.0,305,2886.495471
9.0,562,2890.541968
3.0,210,2892.067698
12.0,437,2895.210172
6.0,327,2897.541368
5.0,319,2899.865512
3.0,211,2901.43293
5.0,292,2903.541243
4.0,820,2909.465837
11.0,491,2913.030688
15.0,1345,2922.709111
10.0,559,2926.766294
11.0,1822,2939.904846
5.0,289,2942.030008
2.0,179,2943.375543
5.0,368,2946.052627
3.0,348,2948.583882
7.0,426,2951.705867
4.0,241,2953.528545
7.0,351,2956.175552
9.0,835,2962.606156
11.0,947,2969.450772
18.0,1437,2979.826062
5.0,295,2981.934821
4.0,241,2983.642142
10.0,845,2989.734353
5.0,293,2991.891112
10.0,492,2995.430475
7.0,382,2998.17613
4.0,272,3000.143854
3.0,223,3001.789232
7.0,372,3004.485517
13.0,811,3010.303562
12.0,987,3017.393517
5.0,307,3019.604309
10.0,485,3023.112926
3.0,232,3024.792785
13.0,798,3030.504993
5.0,306,3032.792622
8.0,346,3035.289037
9.0,570,3039.392028
9.0,590,3043.609117
4.0,277,3045.654662
5.0,292,3047.756931
7.0,449,3051.022877
5.0,287,3053.083232
8.0,285,3055.176693
7.0,386,3057.950963
3.0,238,3059.69318
5.0,303,3061.853151
1.0,293,3064.024364
12.0,970,3071.052146
4.0,262,3072.946532
12.0,1058,3080.524477
8.0,744,3085.907431
3.0,235,3087.616771
7.0,1193,3096.195416
14.0,753,3101.624108
1.0,577,3106.386002
5.0,355,3108.936439
11.0,531,3112.765549
14.0,1093,3120.685668
5.0,317,3123.066249
8.0,396,3125.984515
3.0,215,3127.518172
10.0,604,3131.849609
7.0,369,3134.550416
1.0,166,3135.726588
5.0,391,3138.53237
6.0,658,3143.257278
4.0,241,3145.041702
7.0,374,3147.749656
4.0,275,3149.766973
7.0,715,3154.957286
5.0,295,3157.069915
9.0,411,3160.039001
5.0,272,3162.025811
5.0,272,3163.985932
5.0,306,3166.247544
9.0,560,3170.283669
7.0,435,3173.410682
4.0,281,3175.445865
5.0,294,3177.582381
8.0,668,3182.38454
3.0,210,3183.919942
11.0,1003,3191.142138
5.0,273,3193.176906
7.0,394,3195.989627
3.0,230,3197.652442
2.0,182,3198.969424
1.0,270,3200.9748
6.0,326,3203.342489
5.0,312,3205.600211
6.0,338,3208.062509
5.0,272,3210.067075
1.0,149,3211.137085
5.0,308,3213.374284
7.0,343,3215.860186
5.0,272,3217.875296
1.0,149,3218.98122
8.0,462,3222.292374
11.0,427,3225.390164
11.0,1672,3237.56829
11.0,627,3242.122418
13.0,829,3248.070086
4.0,318,3250.37302
5.0,295,3252.557092
1.0,157,3253.721272
5.0,308,3255.939847
5.0,315,3258.187195
5.0,383,3261.002771
3.0,236,3262.70479
6.0,370,3265.390286
5.0,291,3267.47767
12.0,557,3271.53749
8.0,400,3274.441002
5.0,330,3276.801514
8.0,411,3279.773546
7.0,362,3282.432214
8.0,513,3286.129415
19.0,995,3293.296195
8.0,287,3295.385302
6.0,470,3298.822415
6.0,411,3301.78324
5.0,432,3304.908297
5.0,429,3308.046491
11.0,458,3311.40326
5.0,316,3313.696076
9.0,520,3317.454308
7.0,414,3320.443343
7.0,350,3323.009815
12.0,548,3326.977639
4.0,301,3329.16117
3.0,247,3330.960893
11.0,452,3334.246291
7.0,388,3337.037113
9.0,851,3343.218515
4.0,256,3345.089565
10.0,557,3349.138791
5.0,330,3351.5429
7.0,442,3354.710351
5.0,287,3356.774278
8.0,402,3359.724365
3.0,497,3363.344028
13.0,655,3368.047817
6.0,342,3370.520776
6.0,347,3373.07697
4.0,298,3375.209208
10.0,652,3379.947074
5.0,373,3382.618489
6.0,327,3385.027507
7.0,378,3387.765249
2.0,179,3389.052246
7.0,346,3391.571813
6.0,341,3394.076647
14.0,424,3397.12613
3.0,236,3398.829137
5.0,307,3401.039129
3.0,223,3402.674298
4.0,354,3405.238993
5.0,272,3407.204968
8.0,276,3409.209006
5.0,295,3411.37858
12.0,568,3415.466308
12.0,851,3421.599171
4.0,304,3423.794731
6.0,364,3426.460988
6.0,303,3428.637613
8.0,379,3431.393147
17.0,623,3435.888011
5.0,279,3437.92107
6.0,319,3440.197124
4.0,256,3442.041076
14.0,672,3446.848042
3.0,376,3449.600378
3.0,223,3451.232757
3.0,254,3453.087188
7.0,370,3455.761454
11.0,722,3461.043269
6.0,336,3463.488851
4.0,275,3465.460556
3.0,309,3467.722089
5.0,272,3469.730321
8.0,389,3472.550847
6.0,398,3475.446537
6.0,328,3477.826885
12.0,449,3481.12019
5.0,287,3483.184767
8.0,390,3486.046336
7.0,319,3488.382679
4.0,325,3490.760298
7.0,350,3493.294066
6.0,321,3495.624767
6.0,369,3498.284405
5.0,326,3500.651542
12.0,640,3505.257592
5.0,411,3508.21851
6.0,328,3510.613815
10.0,422,3513.762372
12.0,600,3518.139903
9.0,328,3520.55792
6.0,352,3523.109324
6.0,326,3525.522135
5.0,310,3527.77889
10.0,440,3530.9549
5.0,312,3533.22785
9.0,936,3539.982286
11.0,771,3545.56621
10.0,1756,3558.239944
5.0,308,3560.505222
3.0,226,3562.194752
5.0,318,3564.503599
5.0,383,3567.295375
4.0,256,3569.156064
4.0,254,3571.037619
6.0,397,3573.92892
12.0,564,3578.007511
6.0,379,3580.760788
14.0,1484,3591.545363
7.0,390,3594.375384
9.0,661,3599.152603
6.0,329,3601.560759
7.0,446,3604.799293
10.0,508,3608.494232
6.0,494,3612.093678
10.0,569,3616.210573
5.0,308,3618.466963
12.0,793,3624.21362
6.0,330,3626.63667
13.0,718,3631.84178
4.0,241,3633.626843
2.0,179,3634.940941
3.0,343,3637.428216
9.0,652,3642.163066
9.0,495,3645.849261
15.0,1347,3655.783163
6.0,357,3658.451944
7.0,378,3661.264677
7.0,548,3665.377146
3.0,223,3667.007694
8.0,436,3670.2273
9.0,741,3675.705003
3.0,241,3677.537581
6.0,381,3680.345243
6.0,336,3682.810357
3.0,214,3684.388342
7.0,437,3687.630066
15.0,613,3692.172186
5.0,366,3694.869162
5.0,291,3697.045226
3.0,223,3698.744995
5.0,337,3701.230805
3.0,326,3703.63016
3.0,248,3705.459058
10.0,402,3708.452528
3.0,233,3710.19234
5.0,296,3712.404489
4.0,255,3714.297325
13.0,528,3718.199337
6.0,360,3720.805042
6.0,614,3725.272258
9.0,539,3729.259439
4.0,265,3731.220521
6.0,320,3733.572327
3.0,223,3735.18789
4.0,257,3737.075466
5.0,407,3740.120552
5.0,376,3742.878434
13.0,1274,3752.160298
2.0,269,3754.12631
4.0,343,3756.702824
8.0,1185,3765.386999
6.0,324,3767.786516
4.0,844,3773.989969
16.0,866,3780.34368
15.0,1452,3790.981332
1.0,148,3792.070518
4.0,259,3794.000187
7.0,473,3797.501015
6.0,315,3799.808012
6.0,597,3804.185951
6.0,626,3808.804243
7.0,407,3811.836017
7.0,399,3814.76209
20.0,1335,3824.604185
12.0,1035,3832.213934
15.0,548,3836.298936
2.0,190,3837.697982
12.0,607,3842.156873
6.0,2343,3859.320565
8.0,431,3862.604082
11.0,875,3869.370868
4.0,664,3874.17626
9.0,715,3879.353736
6.0,510,3883.111894
3.0,372,3885.793832
4.0,256,3887.661247
5.0,336,3890.085235
3.0,223,3891.743383
11.0,476,3895.1855
14.0,703,3900.251495
8.0,603,3904.613606
4.0,907,3911.214962
4.0,365,3913.807151
3.0,251,3915.637985
2.0,204,3917.131616
8.0,643,3921.810659
4.0,1156,3930.142145
9.0,390,3932.94938
4.0,273,3934.915472
7.0,331,3937.371522
2.0,198,3938.811525
9.0,343,3941.301081
6.0,337,3943.73614
5.0,886,3950.168262
6.0,364,3952.808788
8.0,1018,3960.721966
6.0,553,3964.726179
2.0,179,3966.023441
10.0,423,3969.070435
5.0,297,3971.216256
9.0,329,3973.611501
11.0,1138,3981.958986
3.0,233,3983.625257
6.0,324,3985.963025
4.0,276,3987.970595
5.0,305,3990.245559
13.0,1088,3998.073393
3.0,256,3999.916245
7.0,403,4002.795216
5.0,292,4004.946432
4.0,446,4008.160161
6.0,558,4012.185996
15.0,792,4017.87026
8.0,317,4020.224575
8.0,353,4022.760275
4.0,252,4024.581888
5.0,293,4026.705443
5.0,311,4028.980733
10.0,374,4031.674841
9.0,1787,4044.513318
6.0,332,4046.900631
10.0,1393,4056.955665
4.0,274,4058.922901
8.0,481,4062.368224
4.0,255,4064.204861
6.0,379,4066.99439
2.0,215,4068.548838
11.0,526,4072.333921
9.0,467,4075.698723
6.0,423,4078.751531
6.0,408,4081.69827
2.0,207,4083.208544
9.0,433,4086.345977
3.0,241,4088.139027
3.0,220,4089.720589
2.0,181,4091.01647
5.0,322,4093.317983
8.0,552,4097.351029
12.0,967,4104.315416
9.0,368,4106.987639
6.0,323,4109.318572
4.0,256,4111.274111
8.0,428,4114.344128
11.0,680,4119.204739
9.0,616,4123.65846
5.0,433,4126.790847
9.0,490,4130.306033
6.0,321,4132.602621
5.0,294,4134.710955
5.0,327,4137.12567
4.0,328,4139.498809
5.0,416,4142.471102
7.0,263,4144.375496
8.0,409,4147.369833
6.0,337,4149.790123
3.0,226,4151.415538
15.0,472,4154.822534
2.0,243,4156.619145
6.0,303,4158.786188
9.0,418,4161.810463
5.0,406,4164.735383
2.0,277,4166.773106
9.0,341,4169.215232
5.0,357,4171.80615
11.0,630,4176.371359
5.0,333,4178.79204
9.0,803,4184.545814
4.0,261,4186.424871
5.0,292,4188.538186
5.0,290,4190.668785
7.0,404,4193.583321
12.0,1243,4202.544184
6.0,343,4205.026992
12.0,1650,4216.886142
8.0,341,4219.374258
6.0,329,4221.769655
8.0,398,4224.630767
13.0,512,4228.349366
8.0,314,4230.618731
5.0,288,4232.687614
5.0,292,4234.789768
6.0,327,4237.186747
1.0,149,4238.262675
5.0,320,4240.598563
11.0,952,4247.44016
5.0,264,4249.376584
6.0,369,4252.048848
7.0,565,4256.111276
10.0,1192,4264.718234
10.0,777,4270.369958
3.0,287,4272.423768
4.0,260,4274.316054
6.0,334,4276.722199
7.0,364,4279.387875
4.0,298,4281.547437
5.0,288,4283.650932
9.0,452,4286.914636
11.0,492,4290.5044
3.0,228,4292.146926
12.0,538,4296.036025
10.0,687,4300.9784
8.0,432,4304.143769
8.0,398,4307.006325
4.0,244,4308.772729
7.0,369,4311.424027
10.0,481,4314.913826
2.0,270,4316.852992
7.0,1140,4325.003014
13.0,800,4330.781596
12.0,618,4335.300525
5.0,292,4337.39283
9.0,526,4341.173529
7.0,372,4343.860587
5.0,326,4346.25897
12.0,702,4351.294348
7.0,414,4354.297109
5.0,407,4357.208333
7.0,1038,4364.739127
14.0,416,4367.72882
5.0,292,4369.860371
8.0,762,4375.334178
6.0,392,4378.215951
2.0,298,4380.367065
7.0,403,4383.290421
3.0,210,4384.805641
9.0,673,4389.678031
8.0,418,4392.726447
3.0,623,4397.21003
10.0,439,4400.348513
12.0,463,4403.786219
9.0,698,4408.848848
5.0,303,4411.018332
8.0,392,4413.846001
5.0,328,4416.198494
5.0,320,4418.538919
7.0,426,4421.664901
6.0,323,4424.020209
5.0,291,4426.150025
9.0,462,4429.482664
5.0,289,4431.581892
13.0,613,4436.004235
6.0,351,4438.570533
5.0,292,4440.703165
6.0,321,4443.013793
11.0,1858,4456.397193
6.0,330,4458.81183
9.0,618,4463.262644
6.0,439,4466.447909
12.0,528,4470.283844
5.0,490,4473.85241
4.0,330,4476.27149
4.0,253,4478.108421
7.0,351,4480.653913
2.0,180,4481.983074
10.0,960,4488.907619
4.0,267,4490.855151
4.0,314,4493.144284
4.0,267,4495.129008
1.0,234,4496.838038
3.0,211,4498.395778
6.0,667,4503.283669
8.0,491,4506.889128
7.0,368,4509.565639
3.0,207,4511.076791
4.0,274,4513.105503
4.0,284,4515.194451
6.0,319,4517.479875
9.0,325,4519.819124
5.0,305,4522.048819
11.0,607,4526.492163
7.0,450,4529.751003
4.0,274,4531.773433
7.0,362,4534.388584
6.0,407,4537.38246
9.0,441,4540.56204
5.0,299,4542.732059
5.0,273,4544.696855
5.0,302,4546.93693
15.0,543,4550.875234
13.0,564,4554.981059
3.0,239,4556.736099
8.0,474,4560.214114
5.0,297,4562.347287
3.0,277,4564.359616
11.0,1223,4573.296076
4.0,256,4575.213525
12.0,471,4578.662544
3.0,226,4580.319975
4.0,256,4582.198175
6.0,335,4584.686827
13.0,503,4588.392015
11.0,402,4591.337343
6.0,320,4593.684699
3.0,268,4595.670899
10.0,630,4600.30172
4.0,238,4602.043561
5.0,1013,4609.404153
15.0,1084,4617.323649
9.0,562,4621.436867
6.0,310,4623.680776
17.0,898,4630.234242
7.0,370,4632.944854
10.0,511,4636.647268
6.0,350,4639.200164
16.0,1663,4651.173488
8.0,391,4654.028873
4.0,280,4656.06621
4.0,259,4657.95347
5.0,729,4663.201228
1.0,149,4664.277657
4.0,265,4666.231756
3.0,245,4668.004212
9.0,927,4674.715137
7.0,974,4681.791354
15.0,1852,4695.098361
5.0,602,4699.473634
4.0,300,4701.671256
2.0,180,4703.013183
12.0,452,4706.3022
4.0,241,4708.028221
3.0,245,4709.80011
7.0,360,4712.414922
5.0,491,4716.01009
7.0,677,4720.913924
13.0,944,4727.749972
12.0,349,4730.296331
11.0,480,4733.79142
10.0,505,4737.469723
18.0,1071,4745.226552
6.0,336,4747.715808
11.0,628,4752.304566
12.0,696,4757.319635
7.0,439,4760.525777
7.0,1079,4768.323165
4.0,256,4770.245425
2.0,177,4771.581403
5.0,291,4774.035266
4.0,318,4776.462048
6.0,316,4778.7794
12.0,406,4781.74978
7.0,409,4784.729461
11.0,546,4788.717059
10.0,1021,4796.108184
5.0,330,4798.509845
14.0,1016,4805.840155
6.0,345,4808.37636
7.0,379,4811.085944
2.0,258,4812.973939
5.0,288,4815.028925
6.0,356,4817.690806
3.0,453,4820.976975
3.0,247,4822.744243
3.0,207,4824.26237
7.0,411,4827.270035
6.0,303,4829.50223
8.0,293,4831.618836
15.0,481,4835.136272
7.0,406,4838.079545
5.0,285,4840.171472
4.0,458,4843.53103
11.0,395,4846.445677
4.0,291,4848.601899
13.0,761,4854.155964
6.0,316,4856.469254
4.0,241,4858.217956
3.0,269,4860.188293
5.0,287,4862.289034
8.0,276,4864.32335
11.0,502,4867.98331
5.0,286,4870.137335
5.0,315,4872.426507
9.0,476,4875.919721
10.0,550,4879.892823
2.0,201,4881.414155
19.0,663,4886.258471
11.0,423,4889.340242
6.0,359,4891.94834
3.0,261,4893.87742
3.0,211,4895.418201
5.0,377,4898.168419
12.0,465,4901.573858
8.0,413,4905.102272
4.0,327,4907.470948
5.0,290,4909.599199
7.0,461,4912.950313
10.0,958,4919.91406
7.0,747,4925.35308
7.0,553,4929.34155
12.0,485,4932.872975
8.0,499,4936.474704
8.0,411,4939.441011
11.0,1187,4948.061405
9.0,327,4950.450657
7.0,362,4953.09531
10.0,502,4956.738987
6.0,358,4959.327689
6.0,541,4963.224761
11.0,458,4966.602635
5.0,285,4968.670317
4.0,450,4971.954961
7.0,402,4974.86963
11.0,399,4977.792958
6.0,345,4980.283195
5.0,333,4982.685827
7.0,364,4985.342642
5.0,354,4987.997381
8.0,419,4991.036732
7.0,343,4993.513622
13.0,601,4997.901412
5.0,287,5000.014393
9.0,455,5003.329291
5.0,297,5005.488225
9.0,445,5008.698825
7.0,349,5011.232302
10.0,467,5014.572354
10.0,460,5017.893385
4.0,271,5019.824295
10.0,355,5022.486024
8.0,399,5025.409369
12.0,956,5032.357198
10.0,527,5036.185624
3.0,244,5038.001112
12.0,536,5041.881199
11.0,547,5045.800768
12.0,556,5049.824058
2.0,203,5051.352772
4.0,262,5053.273334
6.0,334,5055.678082
4.0,259,5057.563756
15.0,1004,5064.864116
5.0,316,5067.153917
5.0,280,5069.190792
1.0,148,5070.26283
10.0,355,5072.855141
16.0,584,5077.066391
1.0,236,5078.794235
7.0,460,5082.135732
8.0,515,5085.877907
2.0,197,5087.34783
6.0,412,5090.350299
5.0,328,5092.732907
4.0,259,5094.646822
7.0,387,5097.441676
3.0,213,5098.979584
12.0,484,5102.464542
4.0,241,5104.280129
4.0,260,5106.170112
4.0,274,5108.158953
4.0,241,5109.887936
14.0,873,5116.227156
8.0,711,5121.353897
6.0,340,5123.842587
6.0,343,5126.35282
7.0,375,5129.108775
6.0,342,5131.581328
11.0,844,5137.636278
6.0,377,5140.397753
5.0,294,5142.567684
12.0,441,5145.773693
4.0,257,5147.642442
4.0,241,5149.388863
13.0,565,5153.48458
9.0,672,5158.324309
13.0,619,5162.813633
9.0,737,5168.112558
15.0,635,5172.773973
19.0,1495,5183.592638
7.0,370,5186.255591
5.0,295,5188.405852
17.0,1091,5196.360966
9.0,448,5199.590736
5.0,293,5201.713888
4.0,250,5203.514907
4.0,250,5205.381898
9.0,481,5208.872378
4.0,259,5210.772578
9.0,472,5214.18826
14.0,920,5220.862097
7.0,370,5223.544672
7.0,374,5226.249248
14.0,519,5230.015296
7.0,365,5232.699841
9.0,1252,5241.773429
3.0,210,5243.283622
6.0,353,5245.824536
8.0,489,5249.381989
2.0,197,5250.811661
4.0,255,5252.671518
4.0,339,5255.138315
10.0,496,5258.768204
8.0,567,5262.859248
15.0,532,5266.685935
6.0,337,5269.139916
6.0,357,5271.758054
13.0,815,5277.699087
7.0,373,5280.395255
12.0,437,5283.561913
4.0,260,5285.491933
8.0,477,5288.947383
4.0,275,5290.966306
7.0,379,5293.710762
5.0,287,5295.853285
6.0,326,5298.191544
8.0,413,5301.210995
9.0,488,5304.766525
7.0,373,5307.533766
7.0,592,5311.78369
8.0,448,5315.016006
10.0,515,5318.724633
11.0,482,5322.28806
2.0,180,5323.605967
9.0,925,5330.261295
14.0,737,5335.570668
4.0,255,5337.464306
4.0,281,5339.477674
6.0,323,5341.791714
7.0,465,5345.194125
10.0,547,5349.234407
11.0,477,5352.690282
5.0,326,5355.055474
15.0,642,5359.707732
2.0,179,5361.058234
4.0,260,5362.93328
4.0,309,5365.170067
18.0,929,5371.915401
7.0,371,5374.655065
8.0,278,5376.660307
2.0,179,5377.984941
5.0,381,5380.738463
1.0,149,5381.824702
6.0,360,5384.509282
9.0,438,5387.711436
5.0,308,5389.967337
8.0,380,5392.7891
13.0,594,5397.118627
3.0,253,5398.991128
7.0,869,5405.356058
8.0,900,5411.948334
7.0,485,5415.494895
11.0,504,5419.182526
4.0,243,5420.971956
13.0,1339,5430.759379
5.0,272,5432.773123
12.0,1825,5446.0784
7.0,385,5448.924229
6.0,343,5451.45755
3.0,210,5452.975173
5.0,272,5454.965132
5.0,310,5457.266534
6.0,329,5459.707634
9.0,476,5463.182304
17.0,782,5468.887978
13.0,495,5472.52491
7.0,408,5475.562135
3.0,227,5477.244348
6.0,303,5479.476817
6.0,305,5481.719111
11.0,426,5484.87988
4.0,238,5486.654808
5.0,295,5488.797275
20.0,2052,5503.761311
10.0,712,5508.953889
4.0,257,5510.815122
9.0,447,5514.099694
9.0,474,5517.560933
6.0,335,5520.083813
13.0,674,5524.994252
6.0,323,5527.345491
3.0,223,5528.988794
7.0,355,5531.632571
9.0,496,5535.240386
16.0,1127,5543.407312
6.0,344,5545.939116
6.0,454,5549.285729
7.0,362,5551.897141
4.0,257,5553.793387
5.0,351,5556.321926
14.0,514,5560.079431
6.0,350,5562.600986
5.0,574,5566.774565
6.0,360,5569.390519
9.0,460,5572.746927
3.0,226,5574.409767
1.0,153,5575.538844
13.0,600,5579.921619
11.0,584,5584.263994
4.0,254,5586.12987
18.0,777,5591.802865
4.0,243,5593.603957
12.0,991,5600.886771
9.0,416,5603.916773
3.0,214,5605.477435
6.0,321,5607.841576
15.0,520,5611.703491
7.0,920,5618.380966
11.0,796,5624.257507
12.0,478,5627.714227
8.0,400,5630.649682
9.0,501,5634.311904
22.0,1199,5643.032363
9.0,482,5646.531454
3.0,223,5648.189294
3.0,212,5649.743456
9.0,372,5652.442203
5.0,406,5655.423076
5.0,621,5659.957088
13.0,1173,5668.441626
9.0,545,5672.393016
7.0,534,5676.248834
4.0,272,5678.333708
4.0,241,5680.247227
4.0,264,5682.40364
6.0,346,5684.94024
18.0,2052,5699.81922
18.0,1147,5708.117908
5.0,287,5710.195804
13.0,936,5716.982383
8.0,1849,5730.382495
5.0,272,5732.35254
9.0,570,5736.472923
7.0,369,5739.160078
12.0,883,5745.679786
4.0,406,5748.592899
2.0,187,5749.944753
11.0,558,5753.973944
6.0,486,5757.535278
13.0,504,5761.19393
13.0,800,5766.971839
3.0,236,5768.70797
5.0,290,5770.849939
7.0,675,5775.729318
10.0,345,5778.231663
9.0,478,5781.690006
8.0,415,5784.743167
8.0,608,5789.145447
12.0,2985,5810.767766
8.0,428,5813.860909
8.0,433,5817.040888
3.0,223,5818.860463
12.0,715,5824.329506
12.0,1266,5833.474331
7.0,404,5836.456429
6.0,456,5839.755402
5.0,307,5841.971628
5.0,382,5844.721211
3.0,210,5846.247802
9.0,405,5849.190645
2.0,264,5851.101836
3.0,227,5852.736408
8.0,556,5856.778197
6.0,474,5860.208272
14.0,599,5864.549404
15.0,680,5869.431639
7.0,379,5872.190611
5.0,390,5875.020488
5.0,319,5877.32798
7.0,634,5881.878612
5.0,287,5883.990816
10.0,501,5888.135505
14.0,1771,5901.525635
8.0,559,5905.936494
6.0,321,5908.440626
4.0,260,5910.337715
9.0,418,5913.354177
12.0,1297,5922.677255
8.0,646,5927.38807
12.0,634,5931.901506
11.0,437,5935.036103
3.0,211,5936.54005
4.0,267,5938.503056
13.0,1204,5947.16453
3.0,228,5948.781394
8.0,289,5950.870548
8.0,637,5955.499314
5.0,341,5957.920816
4.0,289,5959.969537
10.0,928,5966.601487
17.0,1649,5978.485129
5.0,292,5980.587021
17.0,886,5986.895764
5.0,902,5993.382309
10.0,415,5996.349995
17.0,842,6002.367561
6.0,328,6004.731758
17.0,1590,6016.03691
10.0,2157,6031.48951
6.0,329,6033.815436
14.0,1554,6044.951234
11.0,1045,6052.427061
4.0,267,6054.42614
6.0,706,6059.480714
12.0,1048,6066.947265
7.0,373,6069.61124
9.0,943,6076.419023
7.0,438,6079.530259
8.0,431,6082.563459
7.0,408,6085.480181
4.0,313,6087.763488
4.0,360,6090.363231
11.0,1024,6097.638866
4.0,349,6100.15328
4.0,285,6102.246869
9.0,474,6105.61281
9.0,610,6110.018571
12.0,743,6115.27966
13.0,1174,6123.679176
14.0,729,6128.835541
6.0,413,6131.79738
9.0,585,6135.985473
4.0,261,6137.912087
4.0,241,6139.62869
6.0,351,6142.161933
17.0,1064,6149.761618
5.0,325,6152.151149
13.0,1053,6160.050309
4.0,477,6163.561296
6.0,339,6166.077956
6.0,397,6169.101353
6.0,340,6171.65074
12.0,1336,6181.560815
10.0,1349,6191.595302
10.0,971,6198.877563
9.0,436,6202.127651
12.0,445,6205.444732
12.0,557,6209.652907
4.0,258,6211.66995
18.0,560,6215.769732
17.0,1317,6225.952698
11.0,509,6229.661949
5.0,307,6231.972091
16.0,885,6238.49836
8.0,487,6242.02726
7.0,370,6244.726087
8.0,474,6248.252539
13.0,575,6252.442204
5.0,487,6255.999984
5.0,287,6258.083233
8.0,452,6261.489939
10.0,364,6264.152189
8.0,384,6266.968018
10.0,971,6274.046882
4.0,279,6276.132973
7.0,549,6280.133239
5.0,291,6282.244687
4.0,375,6284.987817
7.0,641,6289.732065
11.0,430,6292.858716
4.0,280,6294.893857
4.0,240,6296.652066
8.0,423,6299.820539
17.0,586,6304.103676
18.0,893,6310.620178
17.0,728,6315.934533
16.0,724,6321.285201
6.0,779,6326.972895
8.0,618,6331.466499
6.0,392,6334.325516
8.0,396,6337.259788
5.0,313,6339.544615
6.0,320,6341.867164
7.0,555,6345.891581
4.0,241,6347.730177
5.0,359,6350.355797
5.0,301,6352.537941
11.0,602,6356.927463
8.0,436,6360.205135
7.0,726,6365.450821
5.0,314,6367.753338
8.0,443,6370.968246
13.0,571,6375.142684
3.0,385,6377.952134
5.0,313,6380.202
7.0,390,6382.993969
7.0,390,6385.903497
4.0,317,6388.183805
5.0,425,6391.230019
20.0,872,6397.534505
9.0,553,6401.59376
8.0,392,6404.422736
5.0,285,6406.479008
3.0,214,6408.005842
9.0,433,6411.189774
8.0,562,6415.205059
9.0,505,6418.833623
7.0,482,6422.297363
7.0,376,6425.067226
10.0,616,6429.49439
12.0,1574,6440.766565
14.0,2385,6457.920268
13.0,712,6463.092769
6.0,422,6466.099209
9.0,585,6470.285552
5.0,291,6472.391364
10.0,515,6476.143161
10.0,492,6479.64513
10.0,410,6482.581577
9.0,470,6485.979782
1.0,148,6487.114804
7.0,434,6490.257906
12.0,1030,6497.652455
9.0,328,6500.020304
13.0,615,6504.506917
7.0,562,6508.5554
7.0,373,6511.228722
8.0,433,6514.343992
5.0,307,6516.610941
9.0,1280,6525.796064
8.0,416,6528.801233
4.0,279,6530.812671
7.0,508,6534.497599
4.0,270,6536.434816
9.0,989,6543.5974
7.0,491,6547.109983
11.0,430,6550.243261
7.0,382,6552.992093
11.0,654,6557.661149
10.0,467,6561.021778
13.0,535,6564.931014
10.0,792,6570.624787
3.0,298,6572.756623
7.0,355,6575.303854
6.0,338,6577.788598
5.0,296,6579.924952
6.0,399,6582.81965
16.0,909,6589.742348
11.0,707,6595.020925
1.0,387,6597.834835
8.0,412,6600.813713
9.0,895,6607.287494
6.0,402,6610.243479
9.0,1355,6619.999645
10.0,2637,6639.025597
8.0,427,6642.065572
4.0,253,6643.966234
10.0,929,6651.130044
10.0,672,6656.002114
8.0,486,6659.514754
9.0,1007,6666.805916
14.0,947,6673.625077
8.0,963,6680.57823
8.0,363,6683.204184
7.0,353,6685.806182
2.0,204,6687.268507
7.0,370,6689.973094
12.0,1438,6700.334406
15.0,825,6706.375327
11.0,424,6709.442897
6.0,374,6712.161576
9.0,650,6716.840223
6.0,395,6719.766924
5.0,289,6721.859388
9.0,484,6725.352568
11.0,486,6728.85814
7.0,387,6731.698518
14.0,828,6737.633246
9.0,826,6743.58964
5.0,327,6745.977985
2.0,196,6747.474315
5.0,378,6750.187517
6.0,321,6752.507738
4.0,241,6754.261457
7.0,439,6757.512336
3.0,273,6759.464109
7.0,353,6761.99579
6.0,361,6764.594367
16.0,1078,6772.422908
13.0,514,6776.100053
8.0,367,6778.764448
8.0,291,6780.874287
10.0,426,6784.019608
5.0,304,6786.210561
9.0,656,6790.912238
7.0,450,6794.199941
6.0,322,6796.577494
7.0,331,6798.99646
13.0,591,6803.265082
5.0,379,6805.987555
4.0,261,6807.93877
2.0,182,6809.219165
16.0,636,6813.752039
6.0,330,6816.132961
9.0,455,6819.490116
4.0,364,6822.123109
7.0,410,6825.082573
13.0,1182,6833.557405
9.0,951,6840.452353
5.0,307,6842.658021
8.0,433,6845.738519
8.0,415,6848.734745
7.0,360,6851.389919
6.0,370,6854.07094
12.0,1272,6863.192846
8.0,415,6866.169518
6.0,321,6868.579613
7.0,362,6871.165417
4.0,262,6873.052855
6.0,371,6875.712643
13.0,679,6880.658917
8.0,409,6883.563585
6.0,324,6885.895495
6.0,354,6888.438971
5.0,286,6890.524129
4.0,245,6892.327793
5.0,295,6894.440846
6.0,1562,6905.72779
5.0,307,6908.016924
8.0,376,6910.738106
15.0,640,6915.341687
10.0,543,6919.250975
22.0,1091,6927.185868
9.0,431,6930.303502
12.0,531,6934.145127
9.0,541,6938.034131
7.0,357,6940.647896
8.0,800,6946.360148
10.0,1785,6959.229503
6.0,559,6963.297524
7.0,687,6968.408532
11.0,568,6972.488825
15.0,778,6978.077702
6.0,341,6980.54888
13.0,552,6984.610575
6.0,334,6987.016346
5.0,287,6989.095998
5.0,336,6991.521671
9.0,429,6994.66013
5.0,269,6996.631514
15.0,545,7000.560738
12.0,470,7003.945042
5.0,313,7006.267104
4.0,251,7008.070228
16.0,912,7014.674818
3.0,638,7019.239587
20.0,1045,7026.719308
5.0,285,7028.761145
16.0,1444,7039.114992
3.0,211,7040.663639
23.0,1720,7053.02904
8.0,401,7055.898714
9.0,690,7060.837482
9.0,492,7064.371575
5.0,289,7066.513044
4.0,282,7068.538505
18.0,1004,7075.758286
9.0,470,7079.162865
7.0,346,7081.710221
12.0,622,7086.173905
17.0,672,7090.994735
5.0,322,7093.303892
14.0,644,7098.01265
20.0,889,7104.347743
16.0,1072,7112.05706
19.0,559,7116.090267
8.0,426,7119.245895
8.0,437,7122.405964
5.0,321,7124.748562
6.0,358,7127.319406
16.0,787,7133.063639
7.0,483,7136.515334
12.0,843,7142.584273
17.0,801,7148.377708
15.0,474,7151.86347
4.0,609,7156.241535
4.0,268,7158.185707
16.0,1027,7165.584534
12.0,555,7169.687985
2.0,231,7171.344543
6.0,405,7174.305668
6.0,400,7177.17772
4.0,322,7179.548108
9.0,530,7183.389733
12.0,449,7186.642521
1.0,149,7187.730851
12.0,587,7192.070064
11.0,496,7195.671449
15.0,624,7200.186363
10.0,394,7203.042387
4.0,274,7205.133344
7.0,568,7209.277578
2.0,220,7210.87767
8.0,276,7212.900839
5.0,314,7215.22826
5.0,305,7217.464605
15.0,751,7222.924708
4.0,311,7225.214243
14.0,1807,7238.387949
3.0,270,7240.353812
13.0,682,7245.30816
11.0,578,7249.540285
6.0,375,7252.377783
6.0,338,7254.86445
6.0,323,7257.226564
9.0,414,7260.259441
13.0,396,7263.230183
4.0,280,7265.274995
10.0,531,7269.128222
15.0,587,7273.416639
4.0,355,7276.078483
5.0,277,7278.087316
13.0,605,7282.506787
6.0,326,7284.8676
5.0,389,7287.77997
12.0,635,7292.374135
6.0,400,7295.299444
5.0,292,7297.451051
12.0,686,7302.534065
9.0,435,7305.698165
7.0,357,7308.332212
6.0,343,7310.812894
8.0,430,7314.033664
8.0,426,7317.118008
5.0,379,7319.881775
11.0,928,7326.625746
10.0,491,7330.299523
9.0,475,7333.785594
8.0,421,7336.848694
4.0,259,7338.751605
2.0,180,7340.15171
12.0,709,7345.299801
9.0,347,7347.817119
12.0,514,7351.534015
4.0,339,7354.094798
7.0,682,7359.060073
5.0,411,7362.060936
7.0,392,7364.900177
4.0,271,7366.967727
9.0,413,7369.926733
10.0,356,7372.529923
7.0,444,7375.773207
9.0,1810,7388.988534
11.0,723,7394.218552
15.0,709,7399.40398
7.0,543,7403.330389
11.0,832,7409.414617
9.0,397,7412.304163
6.0,337,7414.713332
12.0,463,7418.086416
15.0,1593,7429.71286
3.0,212,7431.245001
3.0,287,7433.326318
22.0,1800,7446.380713
15.0,880,7452.793682
14.0,525,7456.614594
9.0,877,7462.953715
10.0,614,7467.467044
7.0,421,7470.575383
12.0,774,7476.177281
12.0,422,7479.263567
7.0,451,7482.50336
8.0,474,7485.983018
6.0,498,7489.609337
14.0,560,7493.757082
4.0,256,7495.687256
6.0,377,7498.998981
10.0,1845,7512.271454
6.0,347,7514.778231
6.0,341,7517.26258
9.0,920,7523.931771
6.0,398,7526.798041
13.0,372,7529.470205
8.0,386,7532.244155
5.0,312,7534.562735
4.0,274,7536.540987
6.0,345,7539.007214
11.0,990,7546.105204
6.0,350,7548.711421
4.0,241,7550.425647
10.0,2172,7565.949776
6.0,434,7569.116079
11.0,417,7572.158335
6.0,385,7574.914922
7.0,372,7577.681095
6.0,383,7580.445113
10.0,497,7584.083183
4.0,242,7585.854593
8.0,277,7587.848794
5.0,289,7589.968844
5.0,279,7592.063747
11.0,422,7595.069437
11.0,573,7599.162813
7.0,492,7602.700058
6.0,350,7605.26423
7.0,368,7607.912807
4.0,239,7609.647568
14.0,412,7612.607894
17.0,1306,7621.949245
9.0,435,7625.080398
7.0,355,7627.62936
3.0,309,7629.858778
7.0,406,7632.860833
9.0,1054,7640.417218
6.0,321,7642.716657
6.0,306,7644.923045
12.0,772,7650.527358
13.0,1297,7659.828664
14.0,864,7666.055053
11.0,521,7669.799176
12.0,522,7673.628207
4.0,238,7675.338174
7.0,357,7677.934381
7.0,414,7680.918899
15.0,615,7685.384579
7.0,369,7688.04867
9.0,1244,7696.96793
12.0,2640,7715.904492
10.0,410,7718.91245
5.0,339,7721.347267
9.0,500,7724.963017
7.0,534,7728.808377
9.0,728,7734.081935
10.0,916,7740.6444
9.0,329,7743.002083
13.0,506,7746.671381
7.0,476,7750.171004
9.0,504,7753.795164
5.0,540,7757.677849
7.0,494,7761.209872
8.0,376,7763.975976
5.0,309,7766.203746
15.0,670,7771.02384
3.0,226,7772.629151
15.0,1236,7781.582716
14.0,876,7787.925166
4.0,295,7790.049742
5.0,306,7792.274999
6.0,343,7794.852008
10.0,486,7798.358533
4.0,329,7800.729728
11.0,512,7804.405648
20.0,985,7811.561206
5.0,490,7815.091034
14.0,631,7819.589528
4.0,928,7826.294735
13.0,934,7833.080316
5.0,292,7835.181334
15.0,598,7839.518737
15.0,770,7845.066719
7.0,366,7847.791342
6.0,484,7851.289463
17.0,647,7855.936949
11.0,909,7862.474241
4.0,280,7864.573164
18.0,791,7870.282809
11.0,562,7874.350759
12.0,483,7877.855496
4.0,300,7880.100445
7.0,556,7884.136164
13.0,1009,7891.452059
9.0,571,7895.608679
8.0,653,7900.400727
7.0,384,7903.162765
5.0,658,7907.855304
7.0,577,7912.032107
8.0,482,7915.632128
7.0,384,7918.41042
13.0,566,7922.529855
24.0,1082,7930.377159
9.0,491,7933.991507
14.0,538,7937.898665
4.0,261,7939.778388
15.0,723,7944.990833
8.0,436,7948.207331
7.0,372,7950.923065
4.0,251,7952.734533
3.0,213,7954.281678
11.0,1012,7961.657998
3.0,229,7963.349095
9.0,467,7966.70111
16.0,660,7971.456767
6.0,392,7974.395385
5.0,310,7976.63362
12.0,507,7980.287506
6.0,423,7983.328768
6.0,337,7985.82883
4.0,286,7987.889989
8.0,952,7994.762935
8.0,423,7997.824183
12.0,583,8002.098626
10.0,567,8006.193179
5.0,465,8009.580608
13.0,962,8016.51389
8.0,444,8019.817604
11.0,572,8023.992073
5.0,294,8026.343
14.0,865,8032.616363
11.0,941,8039.432262
6.0,363,8042.092393
7.0,530,8045.889255
6.0,361,8048.504393
15.0,565,8052.644311
7.0,359,8055.246629
13.0,688,8060.192986
19.0,909,8066.761726
9.0,464,8070.168911
5.0,290,8072.249899
17.0,1089,8080.069848
6.0,369,8082.723773
6.0,303,8084.981364
6.0,421,8088.017807
1.0,285,8090.07767
13.0,547,8094.037024
8.0,693,8099.116274
4.0,377,8101.846316
15.0,662,8106.627323
3.0,301,8108.79294
12.0,553,8112.837215
7.0,391,8115.63658
5.0,292,8117.719008
9.0,476,8121.131515
13.0,918,8127.804397
10.0,717,8132.951413
12.0,794,8138.626148
8.0,452,8141.901231
10.0,638,8146.571262
10.0,499,8150.172489
9.0,615,8154.600052
8.0,449,8157.857038
14.0,598,8162.229004
8.0,521,8166.01715
4.0,261,8167.913094
8.0,482,8171.342702
17.0,565,8175.488205
16.0,970,8182.463989
18.0,669,8187.286026
4.0,275,8189.290524
9.0,475,8192.874455
8.0,612,8197.298996
5.0,293,8199.423358
12.0,541,8203.305074
13.0,1260,8212.435727
5.0,308,8214.673947
10.0,486,8218.207412
7.0,354,8220.749194
9.0,751,8226.20776
7.0,357,8228.770502
5.0,308,8230.96087
6.0,508,8234.58662
6.0,344,8237.109736
16.0,779,8242.677721
7.0,380,8245.395558
6.0,339,8247.78081
7.0,609,8252.170404
10.0,534,8255.980703
12.0,680,8260.870709
5.0,313,8263.12503
8.0,423,8266.217946
10.0,1002,8273.369148
5.0,327,8275.72888
5.0,290,8277.798123
14.0,469,8281.231049
20.0,1321,8290.692056
9.0,442,8293.846563
6.0,305,8296.022586
8.0,515,8299.804504
5.0,423,8302.887663
6.0,344,8305.361548
5.0,533,8309.159842
5.0,330,8311.635473
9.0,663,8316.377626
6.0,380,8319.115499
14.0,2446,8336.714563
9.0,420,8339.7629
6.0,352,8342.308756
8.0,418,8345.28344
16.0,748,8350.649956
19.0,679,8355.589591
7.0,380,8358.304715
3.0,219,8359.871247
10.0,548,8363.813844
7.0,351,8366.420741
4.0,258,8368.275916
5.0,307,8370.525285
20.0,2016,8385.068008
14.0,779,8390.744144
1.0,148,8391.80821
1.0,148,8392.881532
5.0,272,8394.815392
5.0,438,8398.013247
10.0,438,8401.235008
11.0,1274,8410.781332
8.0,276,8412.765582
8.0,408,8415.768743
4.0,254,8417.605754
9.0,451,8420.838709
1.0,148,8421.912021
9.0,475,8425.416014
11.0,753,8431.012829
4.0,274,8433.063495
7.0,384,8435.842788
3.0,231,8437.594286
6.0,369,8440.257936
16.0,615,8444.710093
10.0,509,8448.388863
9.0,493,8452.532526
11.0,709,8457.642967
6.0,342,8460.098588
8.0,1073,8467.784029
18.0,2207,8483.689774
15.0,1344,8494.064425
10.0,535,8498.034878
2.0,179,8499.408039
6.0,322,8502.345887
8.0,455,8506.902329
5.0,308,8509.775803
6.0,336,8512.528972
8.0,460,8516.478101
14.0,549,8521.01764
7.0,523,8525.252368
7.0,430,8528.825069
18.0,1247,8538.443148
8.0,426,8541.684296
11.0,740,8547.537932
3.0,210,8549.21367
7.0,706,8555.049672
12.0,511,8558.97455
12.0,2151,8575.432944
0.0,134,8576.43889
8.0,486,8580.454207
4.0,243,8582.603562
17.0,748,8588.284415
13.0,495,8592.109958
17.0,935,8599.222066
11.0,695,8604.409844
20.0,885,8611.034189
5.0,292,8613.204581
5.0,301,8615.488534
7.0,437,8618.772162
7.0,400,8621.738442
11.0,423,8624.905381
9.0,406,8628.016826
16.0,708,8633.315342
4.0,273,8635.33917
6.0,353,8637.970454
7.0,482,8641.636429
8.0,723,8647.037524
4.0,644,8651.842212
11.0,476,8655.423367
2.0,190,8656.871397
4.0,338,8659.420594
8.0,629,8664.104473
8.0,446,8667.423775
19.0,687,8672.603519
14.0,738,8678.17451
6.0,353,8680.753409
3.0,284,8682.85854
6.0,341,8685.453319
9.0,549,8689.556636
9.0,874,8696.107998
13.0,713,8701.459419
7.0,1874,8715.474376
8.0,790,8721.357136
1.0,148,8722.468866
15.0,896,8729.218557
17.0,850,8735.63619
22.0,1245,8744.944492
18.0,1512,8756.301719
7.0,337,8758.83515
6.0,318,8761.30119
4.0,256,8763.217673
5.0,277,8765.28493
4.0,385,8768.134212
13.0,1895,8782.337386
8.0,456,8785.765727
7.0,901,8792.550603
14.0,473,8796.100965
7.0,364,8798.867469
7.0,1683,8811.400707
7.0,724,8816.787479
9.0,761,8822.499524
20.0,1499,8833.769275
7.0,1166,8842.415621
4.0,264,8844.41572
3.0,210,8845.982448
13.0,467,8849.548665
2.0,183,8850.92034
6.0,307,8853.198627
4.0,261,8855.149553
20.0,1106,8863.482148
15.0,462,8866.965204
16.0,880,8873.664216
17.0,371,8876.415128
9.0,331,8878.964952
7.0,379,8881.823858
5.0,297,8884.048099
10.0,367,8886.831398
4.0,513,8890.698016
10.0,679,8895.769636
13.0,454,8899.130793
13.0,2542,8918.013589
7.0,389,8920.946906
7.0,508,8924.695296
14.0,1370,8934.861726
11.0,404,8937.862468
10.0,414,8941.029615
5.0,295,8943.218332
2.0,198,8944.679424
5.0,301,8946.912884
22.0,977,8954.213058
4.0,260,8956.162516
9.0,325,8958.604614
4.0,241,8960.427404
17.0,576,8964.845637
2.0,198,8966.345469
4.0,377,8969.144115
10.0,594,8973.579273
7.0,810,8979.604222
16.0,696,8984.762109
11.0,1032,8992.382688
16.0,575,8996.67943
6.0,358,8999.405201
5.0,321,9001.812057
7.0,386,9004.661641
4.0,369,9007.409424
13.0,848,9013.76104
2.0,212,9015.344145
10.0,582,9019.842334
5.0,338,9022.380551
4.0,268,9024.426402
12.0,440,9027.951012
6.0,359,9030.822373
7.0,402,9033.801255
10.0,1075,9041.708941
5.0,1015,9049.29382
11.0,658,9054.125287
6.0,335,9056.575518
11.0,536,9060.584758
10.0,553,9064.698437
7.0,639,9069.371752
13.0,624,9073.930984
4.0,314,9076.310009
10.0,488,9079.88468
8.0,423,9082.986649
4.0,256,9084.876418
8.0,614,9089.411404
14.0,593,9093.717076
4.0,298,9095.908888
15.0,1206,9104.666081
8.0,400,9107.632494
6.0,310,9109.919082
11.0,562,9114.046456
11.0,1174,9122.620127
13.0,486,9126.23554
6.0,323,9128.62708
14.0,731,9133.991335
3.0,509,9137.692448
3.0,207,9139.256953
10.0,1187,9147.904598
3.0,244,9149.690004
13.0,993,9156.999042
16.0,930,9163.8044
5.0,312,9166.074069
7.0,959,9173.027897
5.0,306,9175.263883
11.0,1054,9182.976032
4.0,311,9185.220337
3.0,988,9192.371706
5.0,290,9194.483407
8.0,474,9198.030473
7.0,361,9200.649239
8.0,444,9203.856923
6.0,336,9206.297038
7.0,326,9208.742367
7.0,575,9212.979351
6.0,310,9215.249226
10.0,477,9218.796905
5.0,304,9221.058596
16.0,438,9224.288981
5.0,963,9231.315225
7.0,380,9234.08116
7.0,395,9237.013098
14.0,649,9241.789416
8.0,441,9245.023281
3.0,277,9247.034113
6.0,357,9249.652061
12.0,456,9252.97988
12.0,468,9256.381417
8.0,427,9259.498844
9.0,501,9263.200017
16.0,1362,9273.189548
6.0,597,9277.523442
6.0,359,9280.135867
12.0,597,9284.501659
6.0,294,9286.643492
15.0,980,9293.790406
3.0,340,9296.284871
8.0,411,9299.295928
4.0,279,9301.367675
10.0,2318,9318.74295
14.0,837,9325.34368
16.0,777,9331.076102
5.0,324,9333.476261
21.0,1566,9344.873164
21.0,693,9349.925949
12.0,443,9353.186089
16.0,1068,9360.994691
17.0,677,9365.917734
22.0,560,9370.011739
12.0,609,9374.503476
6.0,320,9376.842641
22.0,888,9383.28119
21.0,1502,9394.32392
9.0,452,9397.682649
5.0,284,9399.749772
6.0,408,9402.725007
4.0,256,9404.600888
4.0,261,9406.568751
14.0,459,9409.860476
4.0,351,9412.426336
14.0,1053,9420.034585
10.0,840,9426.172656
4.0,405,9429.132927
16.0,671,9433.993224
23.0,746,9439.487437
9.0,495,9443.169861
7.0,384,9445.94682
5.0,413,9448.960898
8.0,476,9452.462456
14.0,970,9459.55417
9.0,647,9464.278217
9.0,450,9467.518883
3.0,230,9469.183982
13.0,319,9471.550097
4.0,241,9473.27163
13.0,642,9477.914183
7.0,420,9480.990826
9.0,536,9484.963075
12.0,649,9489.689208
9.0,730,9494.996669
12.0,572,9499.149378
4.0,243,9500.957024
5.0,308,9503.197693
7.0,332,9505.619902
7.0,348,9508.196694
6.0,394,9511.157552
4.0,286,9513.243197
11.0,679,9518.163131
9.0,342,9520.656249
12.0,628,9525.228199
2.0,179,9526.527674
7.0,373,9529.2548
2.0,177,9530.561737
18.0,900,9537.169567
11.0,428,9540.312478
15.0,859,9546.575907
8.0,445,9549.851539
24.0,1843,9563.322132
4.0,248,9565.117387
12.0,564,9569.25873
4.0,275,9571.331885
15.0,637,9576.045398
9.0,469,9579.512329
9.0,897,9586.014655
2.0,305,9588.238271
5.0,312,9590.553751
7.0,419,9593.595754
9.0,321,9595.936366
5.0,292,9598.091621
4.0,261,9600.020181
14.0,509,9603.769453
10.0,538,9607.726648
6.0,341,9610.226024
6.0,1311,9619.778878
10.0,493,9623.397514
13.0,1621,9635.397134
22.0,562,9639.446352
12.0,624,9644.055938
4.0,258,9645.962039
4.0,344,9648.481165
7.0,358,9651.106546
9.0,601,9655.534233
10.0,695,9660.637076
4.0,257,9662.512474
15.0,419,9665.585035
11.0,405,9668.578305
6.0,339,9671.067496
5.0,325,9673.399231
6.0,366,9676.094296
10.0,402,9679.05202
3.0,246,9680.85326
12.0,708,9685.982531
11.0,421,9689.026103
8.0,434,9692.270033
8.0,457,9695.587672
9.0,304,9697.826313
14.0,507,9701.532524
4.0,261,9703.483056
7.0,1105,9711.494599
6.0,338,9713.965001
17.0,1710,9726.53198
16.0,410,9729.558469
12.0,613,9734.033744
20.0,442,9737.266889
8.0,440,9740.464807
13.0,485,9744.057998
12.0,481,9747.583155
6.0,322,9749.888188
4.0,241,9751.682958
10.0,690,9756.775338
5.0,418,9759.830084
2.0,197,9761.273457
5.0,276,9763.295409
4.0,274,9765.324391
13.0,531,9769.195498
6.0,389,9772.043795
9.0,444,9775.28959
15.0,463,9778.725038
8.0,443,9781.983368
8.0,496,9785.620299
9.0,479,9789.161492
14.0,843,9795.343365
3.0,267,9797.311201
2.0,180,9798.635752
11.0,393,9801.508813
7.0,385,9804.372759
14.0,587,9808.644147
9.0,324,9811.036512
10.0,1098,9819.122061
8.0,405,9822.111674
8.0,656,9826.939638
6.0,1739,9839.696105
6.0,427,9842.863724
3.0,242,9844.691639
6.0,374,9847.457877
8.0,441,9850.685194
3.0,235,9852.448149
9.0,343,9855.013445
5.0,303,9857.268115
6.0,321,9859.6216
5.0,483,9863.148678
20.0,964,9870.240664
10.0,463,9873.650877
10.0,485,9877.213989
12.0,410,9880.220556
16.0,338,9882.746442
2.0,614,9887.287285
15.0,548,9891.326159
2.0,180,9892.652637
5.0,303,9894.904721
9.0,373,9897.66765
9.0,624,9902.301452
13.0,1441,9913.006071
6.0,527,9916.922874
7.0,396,9919.827613
22.0,1270,9929.178031
6.0,334,9931.66581
17.0,896,9938.269391
5.0,298,9940.460973
6.0,532,9944.367783
11.0,1239,9953.489007
5.0,445,9956.797141
5.0,334,9959.256426
4.0,315,9961.579809
16.0,856,9967.878304
16.0,899,9974.513092
8.0,433,9977.704695
7.0,480,9981.203049
8.0,429,9984.387962
7.0,356,9987.079254
13.0,454,9990.415677
24.0,781,9996.14582
5.0,356,9998.748456
16.0,463,10002.167059
6.0,1024,10009.619333
4.0,286,10011.744199
17.0,1352,10021.586295
5.0,316,10023.958088
17.0,1629,10035.856844
4.0,362,10038.481679
7.0,552,10042.499376
13.0,478,10046.053504
7.0,636,10050.685878
8.0,435,10053.917875
8.0,342,10056.43633
13.0,1323,10066.122543
4.0,303,10068.363894
12.0,501,10072.026158
20.0,585,10076.294072
4.0,279,10078.364589
6.0,304,10080.61452
8.0,439,10083.797922
15.0,577,10087.988889
6.0,365,10090.682616
14.0,482,10094.234409
10.0,646,10098.950982
11.0,1062,10106.624848
25.0,863,10112.999834
4.0,259,10114.89762
10.0,1139,10123.190628
11.0,471,10126.633575
17.0,560,10130.776251
6.0,329,10133.154068
7.0,567,10137.318495
6.0,358,10139.949111
9.0,897,10146.580537
6.0,314,10148.881974
5.0,309,10151.155792
6.0,340,10153.663103
18.0,662,10158.576406
6.0,340,10161.058635
9.0,481,10164.557545
14.0,1046,10172.212509
19.0,834,10178.30719
3.0,225,10179.948959
9.0,324,10182.285691
5.0,365,10184.922107
3.0,244,10186.729763
7.0,339,10189.205265
5.0,323,10191.568357
11.0,1169,10200.04271
5.0,320,10202.414627
9.0,468,10205.784552
3.0,247,10207.608596
20.0,700,10212.743722
9.0,445,10216.052487
14.0,868,10222.800206
6.0,325,10225.162713
8.0,462,10228.547831
11.0,558,10232.679089
12.0,732,10238.041893
6.0,669,10242.919824
6.0,582,10247.15268
13.0,452,10250.458905
6.0,389,10253.297395
13.0,489,10256.878677
4.0,256,10258.746618
6.0,372,10261.498657
7.0,831,10267.54604
4.0,294,10269.707043
6.0,312,10272.016769
18.0,505,10275.705962
11.0,1828,10289.076001
16.0,452,10292.393242
13.0,466,10295.838887
12.0,1216,10304.753073
9.0,1431,10315.188323
7.0,435,10318.868172
14.0,349,10321.446667
14.0,754,10326.977602
8.0,677,10331.88328
7.0,382,10334.678125
4.0,818,10340.563836
6.0,421,10343.677857
6.0,303,10345.880521
6.0,321,10348.24561
10.0,647,10353.003592
4.0,241,10354.809223
8.0,418,10357.905523
9.0,362,10360.511857
6.0,337,10363.001772
4.0,241,10364.807483
6.0,334,10367.245156
7.0,837,10373.319716
12.0,599,10377.69671
10.0,757,10383.310922
9.0,779,10388.991609
4.0,261,10390.907268
16.0,722,10396.202858
14.0,693,10401.314338
15.0,861,10407.608752
12.0,699,10412.717318
6.0,369,10415.417557
13.0,353,10418.020445
11.0,689,10423.019227
10.0,777,10428.678652
5.0,272,10430.67658
9.0,718,10435.954265
7.0,360,10438.616698
4.0,294,10440.771775
14.0,543,10444.752802
26.0,619,10449.325253
13.0,1267,10458.452083
17.0,1255,10467.545318
12.0,1139,10475.849967
16.0,682,10480.855186
12.0,1753,10493.556349
9.0,475,10497.042545
6.0,357,10499.642101
10.0,489,10503.266587
11.0,504,10506.93398
3.0,258,10508.830035
5.0,313,10511.098191
8.0,415,10514.168491
17.0,365,10516.813192
7.0,406,10519.762183
6.0,391,10522.588431
14.0,505,10526.317338
11.0,422,10529.395321
2.0,197,10530.830107
11.0,488,10534.407522
5.0,296,10536.600496
5.0,455,10539.921268
4.0,324,10542.284331
6.0,1225,10551.138777
14.0,420,10554.228245
19.0,635,10558.830834
9.0,331,10561.282549
17.0,681,10566.261497
13.0,853,10572.463553
3.0,229,10574.137359
4.0,278,10576.156963
6.0,463,10579.55302
13.0,1062,10587.323718
15.0,917,10594.026229
3.0,208,10595.544834
12.0,720,10600.810054
6.0,382,10603.65665
8.0,424,10606.745243
19.0,460,10610.133188
4.0,327,10612.548273
2.0,197,10614.039368
5.0,290,10616.131465
7.0,242,10617.9459
4.0,308,10620.187409
6.0,343,10622.785546
21.0,540,10626.785139
6.0,341,10629.310029
13.0,353,10631.86309
9.0,531,10635.814611
6.0,964,10642.824209
20.0,679,10647.765062
6.0,345,10650.269445
7.0,507,10654.018546
17.0,862,10660.290022
16.0,442,10663.522217
8.0,429,10666.609821
8.0,411,10669.656096
6.0,699,10674.695461
17.0,641,10679.378304
14.0,1189,10688.05336
14.0,522,10691.889321
11.0,699,10696.953657
9.0,442,10700.204423
5.0,306,10702.412962
12.0,507,10706.101469
15.0,411,10709.08288
8.0,269,10711.036491
8.0,364,10713.68561
9.0,486,10717.270073
9.0,950,10724.15487
10.0,343,10726.687727
6.0,939,10733.512211
4.0,262,10735.460387
8.0,408,10738.471856
16.0,1301,10748.024685
13.0,1178,10756.626026
24.0,1362,10766.603135
16.0,1986,10781.099181
16.0,893,10787.668827
12.0,1200,10796.490499
11.0,803,10802.427018
18.0,386,10805.240487
11.0,824,10811.274256
3.0,262,10813.215775
11.0,421,10816.342149
10.0,466,10819.750607
4.0,263,10821.677944
11.0,524,10825.526392
3.0,388,10828.40544
13.0,429,10831.591448
10.0,866,10837.885385
8.0,299,10840.080149
5.0,305,10842.379295
14.0,1279,10851.725375
14.0,763,10857.315974
6.0,368,10860.005151
5.0,292,10862.197564
11.0,486,10865.729233
3.0,210,10867.262262
14.0,1206,10876.092134
15.0,506,10879.838518
6.0,419,10882.912348
4.0,241,10884.688855
5.0,300,10886.891271
8.0,509,10890.699068
1.0,166,10891.951972
7.0,356,10894.578456
12.0,1023,10902.03506
10.0,529,10905.968833
12.0,439,10909.183657
12.0,772,10914.854377
19.0,1249,10923.994877
7.0,395,10926.939954
18.0,676,10931.874428
5.0,293,10934.044284
5.0,272,10936.065656
8.0,399,10939.036642
5.0,304,10941.268217
7.0,513,10945.017252
11.0,1024,10952.508669
10.0,912,10959.149588
14.0,633,10963.71348
9.0,293,10965.865891
13.0,457,10969.162862
3.0,294,10971.342721
4.0,256,10973.229417
5.0,297,10975.403109
9.0,1136,10983.674458
3.0,210,10985.260017
6.0,497,10988.884613
7.0,392,10991.712573
16.0,861,10998.018921
19.0,834,11004.126702
17.0,443,11007.353463
17.0,543,11011.325769
4.0,241,11013.119387
11.0,561,11017.214482
5.0,377,11019.92676
3.0,210,11021.452148
4.0,252,11023.291742
9.0,466,11026.709833
10.0,453,11030.029626
12.0,477,11033.469737
15.0,621,11037.991697
5.0,298,11040.260891
5.0,323,11042.588852
18.0,839,11048.685365
6.0,334,11051.134588
13.0,1108,11059.227979
5.0,292,11061.376751
12.0,925,11068.126163
13.0,631,11072.717289
13.0,464,11076.157247
3.0,227,11077.806573
9.0,428,11080.923021
15.0,970,11087.997508
22.0,1002,11095.297412
12.0,435,11098.438027
6.0,450,11101.713066
4.0,296,11103.864108
19.0,733,11109.191747
5.0,989,11116.353651
7.0,434,11119.536362
4.0,262,11121.422255
3.0,274,11123.521466
6.0,352,11126.145572
8.0,291,11128.444909
7.0,431,11131.737684
7.0,445,11135.005226
3.0,228,11136.648835
8.0,443,11139.864053
8.0,399,11142.735633
15.0,1008,11150.031371
20.0,762,11155.494845
5.0,311,11157.747191
13.0,543,11161.65658
6.0,347,11164.227373
14.0,488,11167.791405
14.0,872,11174.038692
8.0,421,11177.147119
3.0,249,11178.979117
7.0,867,11185.296276
14.0,870,11191.671657
14.0,504,11195.343875
6.0,359,11198.0131
10.0,329,11200.400584
12.0,479,11203.898706
14.0,595,11208.244029
5.0,324,11211.143564
18.0,2101,11226.250218
16.0,653,11230.953755
14.0,479,11234.458322
14.0,408,11237.465296
12.0,522,11241.245966
12.0,645,11245.86491
5.0,293,11248.003837
16.0,490,11251.631682
12.0,725,11256.865783
12.0,1823,11269.973132
12.0,633,11274.580379
7.0,425,11277.690646
13.0,585,11281.913293
5.0,592,11286.182547
4.0,274,11288.181158
18.0,578,11292.342149
4.0,258,11294.247086
11.0,492,11297.782723
7.0,401,11300.659752
12.0,784,11306.365229
7.0,419,11309.386172
11.0,1081,11317.188106
2.0,177,11318.45744
5.0,962,11325.45365
5.0,287,11327.545779
4.0,257,11329.398785
17.0,1694,11341.608964
12.0,620,11346.182676
14.0,416,11349.191503
11.0,495,11352.78763
8.0,461,11356.083315
8.0,343,11358.622893
13.0,367,11361.314309
9.0,1294,11370.646599
8.0,433,11373.855181
7.0,364,11376.547421
13.0,609,11380.951153
12.0,724,11386.169492
10.0,391,11388.991692
15.0,762,11394.51673
15.0,617,11398.951128
6.0,409,11401.983767
7.0,374,11404.671683
10.0,547,11408.656788
12.0,956,11415.547751
12.0,758,11421.005111
25.0,1479,11431.729723
13.0,1071,11439.5363
2.0,207,11441.036066
18.0,544,11444.947031
10.0,798,11450.719864
6.0,370,11453.421137
7.0,365,11456.064339
8.0,597,11460.335832
8.0,442,11463.521058
8.0,415,11466.548683
4.0,264,11468.463322
4.0,258,11470.356239
20.0,2066,11485.207333
17.0,632,11489.800543
5.0,326,11492.196705
9.0,319,11494.524531
10.0,780,11500.104943
14.0,1000,11507.35601
14.0,757,11512.823569
9.0,584,11517.014482
5.0,284,11519.051147
9.0,419,11522.115044
8.0,349,11524.623107
8.0,367,11527.285445
7.0,366,11529.904189
17.0,604,11534.329196
11.0,474,11537.750958
15.0,458,11541.050156
10.0,534,11544.914308
5.0,368,11547.599701
13.0,780,11553.261273
11.0,443,11556.447994
11.0,435,11559.60133
5.0,273,11561.603951
7.0,353,11564.157361
7.0,360,11566.76092
8.0,421,11569.76594
9.0,471,11573.230717
16.0,478,11576.704396
14.0,830,11582.703551
13.0,389,11585.522573
6.0,300,11587.751464
11.0,388,11590.564708
16.0,669,11595.365032
1.0,151,11596.469475
4.0,241,11598.254068
15.0,373,11600.930442
3.0,611,11605.335953
15.0,358,11607.946687
8.0,605,11612.383535
15.0,481,11615.828789
7.0,341,11618.283597
14.0,366,11620.955421
13.0,459,11624.315085
8.0,413,11627.293787
12.0,439,11630.496925
11.0,396,11633.389081
19.0,660,11638.237344
7.0,436,11641.427265
18.0,1922,11655.332581
6.0,305,11657.552157
24.0,1167,11666.083226
10.0,348,11668.613122
5.0,452,11671.903763
16.0,963,11678.895401
14.0,1117,11687.033397
3.0,217,11688.589171
5.0,271,11690.551561
9.0,335,11693.014209
15.0,397,11695.953706
15.0,946,11702.857437
12.0,499,11706.480159
4.0,275,11708.504479
5.0,606,11712.983658
9.0,758,11718.44097
5.0,291,11720.563952
5.0,306,11722.778379
4.0,278,11724.83603
15.0,492,11728.43426
7.0,461,11731.797898
14.0,620,11736.29491
4.0,258,11738.223137
11.0,1222,11747.10011
10.0,578,11751.309005
3.0,736,11756.665618
12.0,721,11761.977607
10.0,486,11765.5298
8.0,437,11768.741276
5.0,670,11773.657193
16.0,579,11777.930384
12.0,498,11781.550582
9.0,609,11786.020194
17.0,834,11792.075739
17.0,491,11795.728048
18.0,408,11798.696954
12.0,386,11801.466546
21.0,1695,11813.779574
9.0,439,11817.019827
9.0,296,11819.170647
5.0,299,11821.35029
6.0,1399,11831.421204
17.0,637,11836.087968
11.0,448,11839.306408
10.0,462,11842.6453
4.0,257,11844.500597
6.0,349,11847.062236
4.0,514,11850.786743
5.0,322,11853.17496
6.0,333,11855.572352
21.0,1090,11863.508486
16.0,1333,11873.100634
4.0,239,11874.810394
5.0,323,11877.174545
9.0,412,11880.202308
10.0,499,11883.820796
19.0,452,11887.110814
7.0,375,11889.817239
15.0,702,11894.936701
5.0,364,11897.577983
13.0,574,11901.724639
13.0,518,11905.472349
16.0,701,11910.593264
22.0,1603,11922.243371
12.0,677,11927.143357
15.0,628,11931.744621
8.0,417,11934.817945
12.0,1821,11948.125714
5.0,442,11951.343482
9.0,519,11955.159871
19.0,1210,11963.978435
17.0,415,11966.951412
17.0,740,11972.367069
20.0,711,11977.53505
5.0,271,11979.552543
6.0,414,11982.533095
20.0,595,11986.887485
17.0,475,11990.352174
5.0,324,11992.744052
11.0,380,11995.503185
15.0,1222,12004.310704
10.0,613,12008.770193
6.0,331,12011.219625
16.0,654,12016.053293
15.0,582,12020.284047
17.0,509,12024.038225
9.0,2745,12044.419765
13.0,557,12048.444534
11.0,1418,12058.763564
10.0,404,12061.701127
11.0,653,12066.489541
25.0,714,12071.644157
17.0,1188,12080.206285
14.0,522,12083.962318
26.0,583,12088.230458
7.0,725,12093.534616
19.0,1208,12102.426075
21.0,536,12106.352079
12.0,488,12109.993463
15.0,581,12114.24231
13.0,592,12118.527449
2.0,177,12119.834843
11.0,555,12123.922561
10.0,903,12130.462298
12.0,424,12133.56519
7.0,459,12136.929852
11.0,672,12141.878704
13.0,851,12148.095593
8.0,617,12152.626977
12.0,444,12156.310833
10.0,350,12158.894756
20.0,516,12162.659163
16.0,440,12165.848029
4.0,288,12167.930686
4.0,362,12170.628765
5.0,378,12173.341202
12.0,822,12179.299986
12.0,546,12183.285529
7.0,363,12185.958935
12.0,312,12188.235051
3.0,210,12189.7642
17.0,1081,12197.593775
8.0,423,12200.677731
15.0,399,12203.599607
3.0,884,12210.035839
14.0,741,12215.46257
5.0,305,12217.735856
10.0,353,12220.259945
13.0,349,12222.775289
5.0,275,12224.77553
7.0,403,12227.748874
5.0,1198,12236.458564
5.0,296,12238.621377
13.0,1354,12248.581014
15.0,603,12253.00661
14.0,562,12257.087871
5.0,342,12259.559299
15.0,922,12266.230075
6.0,320,12268.611692
17.0,474,12272.08323
27.0,1095,12280.037809
6.0,341,12282.496532
14.0,1174,12291.057071
2.0,275,12293.0538
8.0,546,12296.993319
1.0,149,12298.053299
10.0,729,12303.400361
6.0,319,12305.689429
24.0,822,12311.638268
5.0,328,12314.023465
10.0,362,12316.711751
7.0,377,12319.476095
13.0,490,12323.020171
5.0,303,12325.215464
9.0,686,12330.26062
3.0,228,12331.954775
4.0,260,12333.855657
9.0,415,12336.878703
6.0,370,12339.616508
5.0,292,12341.736759
5.0,293,12343.859563
11.0,600,12348.164376
9.0,696,12353.233981
18.0,541,12357.137313
6.0,765,12362.668088
5.0,307,12364.907841
7.0,381,12367.699954
19.0,1874,12381.250882
5.0,306,12383.48674
9.0,436,12386.659967
14.0,2178,12402.53692
7.0,372,12405.228522
11.0,394,12408.084368
4.0,282,12410.15306
18.0,411,12413.198459
6.0,354,12415.764139
2.0,179,12417.068112
6.0,341,12419.561023
5.0,287,12421.708465
9.0,757,12427.192957
13.0,959,12434.101256
11.0,377,12436.815439
14.0,596,12441.188008
3.0,223,12442.812077
10.0,363,12445.454699
7.0,403,12448.345608
17.0,522,12452.214194
5.0,387,12455.015725
9.0,720,12460.287254
9.0,351,12462.81921
3.0,481,12466.385221
8.0,1012,12473.70179
14.0,947,12480.555697
18.0,525,12484.416694
7.0,365,12487.130771
18.0,378,12489.88093
11.0,424,12492.947806
10.0,344,12495.433697
12.0,671,12500.372664
10.0,403,12503.321223
7.0,355,12505.904715
14.0,490,12509.434346
9.0,318,12511.843204
9.0,342,12514.32583
9.0,354,12516.916312
14.0,544,12520.865993
4.0,280,12522.938817
3.0,224,12524.572149
17.0,360,12527.168488
14.0,755,12532.625656
7.0,363,12535.331016
8.0,541,12539.321905
6.0,307,12541.584076
15.0,703,12546.755244
13.0,591,12551.147894
14.0,486,12554.712386
9.0,501,12558.348202
8.0,487,12561.893549
16.0,485,12565.46661
12.0,821,12571.47807
8.0,575,12575.667039
5.0,294,12577.838461
6.0,340,12580.396118
18.0,844,12586.592021
7.0,370,12589.277127
7.0,438,12592.478189
4.0,291,12594.653306
5.0,283,12596.722886
19.0,607,12601.17118
5.0,298,12603.393405
17.0,434,12606.598053
5.0,306,12608.831138
2.0,179,12610.129695
1.0,149,12611.238694
3.0,303,12613.475442
7.0,416,12616.496875
21.0,512,12620.233514
17.0,479,12623.75813
13.0,414,12626.838034
7.0,541,12630.774022
7.0,395,12633.670533
8.0,509,12637.369947
4.0,268,12639.37788
23.0,1032,12646.917075
13.0,441,12650.151971
6.0,317,12652.452599
7.0,1817,12665.808349
2.0,196,12667.256779
7.0,394,12670.14729
4.0,254,12672.031975
16.0,758,12677.631043
11.0,464,12681.047472
10.0,1972,12695.484009
16.0,896,12702.075963
12.0,812,12708.087746
3.0,210,12709.630445
9.0,444,12712.884292
16.0,725,12718.173109
5.0,291,12720.350977
13.0,844,12726.5455
7.0,382,12729.307294
25.0,546,12733.296703
14.0,1226,12742.289859
16.0,442,12745.519354
2.0,196,12746.942305
6.0,347,12749.452597
3.0,210,12751.043698
4.0,466,12754.460685
2.0,177,12755.780591
10.0,373,12758.512379
5.0,425,12761.689362
6.0,712,12766.909843
4.0,243,12768.69726
15.0,536,12772.597601
15.0,443,12775.915047
13.0,737,12781.317408
4.0,271,12783.309081
10.0,367,12785.973493
4.0,257,12787.917047
12.0,428,12791.048595
10.0,471,12794.464276
3.0,226,12796.134146
10.0,852,12802.352285
6.0,423,12805.430827
19.0,430,12808.586472
9.0,512,12812.354354
3.0,242,12814.15168
28.0,586,12818.404311
16.0,636,12823.043177
9.0,469,12826.428074
12.0,504,12830.139708
1.0,235,12831.849002
7.0,349,12834.422028
9.0,505,12838.113317
7.0,644,12842.870372
13.0,460,12846.208125
6.0,555,12850.219435
9.0,518,12853.988187
2.0,195,12855.440156
5.0,293,12857.544656
15.0,530,12861.384553
16.0,881,12867.769318
8.0,1158,12876.224641
3.0,210,12877.760359
16.0,411,12880.734203
5.0,291,12882.874658
17.0,1348,12892.680905
6.0,357,12895.265746
6.0,575,12899.436192
4.0,243,12901.226166
2.0,177,12902.594118
8.0,371,12905.282408
5.0,292,12907.401119
12.0,402,12910.310954
18.0,396,12913.239705
7.0,540,12917.153157
5.0,290,12919.274849
13.0,736,12924.576837
17.0,374,12927.353392
9.0,315,12929.651206
25.0,1614,12941.446774
5.0,288,12943.848028
16.0,463,12947.377334
12.0,746,12952.833226
11.0,393,12955.663558
6.0,355,12958.230355
11.0,888,12964.693712
7.0,372,12967.410752
13.0,408,12970.401744
17.0,683,12975.376049
5.0,312,12977.70127
7.0,405,12980.65614
13.0,1234,12989.563522
3.0,289,12991.72676
6.0,321,12994.072849
5.0,294,12996.223651
8.0,382,12998.986269
8.0,480,13002.457827
17.0,459,13005.825413
8.0,556,13009.867706
12.0,420,13012.913122
16.0,1099,13020.903669
15.0,417,13024.023634
9.0,992,13031.211173
12.0,299,13033.370817
9.0,307,13035.599624
2.0,228,13037.297449
9.0,1070,13045.058693
17.0,971,13052.105459
4.0,273,13054.091318
14.0,2268,13070.573896
8.0,447,13073.852181
18.0,1538,13085.15472
8.0,571,13089.312512
10.0,353,13091.895813
19.0,965,13098.992203
1.0,148,13100.091733
9.0,631,13104.701193
6.0,317,13107.065896
16.0,965,13114.461594
7.0,415,13117.581962
9.0,535,13121.424878
7.0,388,13124.286829
17.0,881,13130.6955
10.0,395,13133.559865
4.0,243,13135.34787
5.0,326,13137.743005
4.0,346,13140.288286
12.0,426,13143.376818
14.0,363,13146.015713
10.0,355,13148.63707
13.0,481,13152.107243
12.0,375,13154.825513
4.0,315,13157.063445
6.0,340,13159.560864
13.0,496,13163.149236
12.0,323,13165.482884
15.0,650,13170.215024
7.0,368,13172.959113
19.0,673,13177.805884
1.0,149,13178.863536
13.0,776,13184.432069
6.0,535,13188.349552
4.0,259,13190.2102
15.0,403,13193.098449
13.0,856,13199.262902
4.0,262,13201.23872
15.0,622,13205.722342
10.0,345,13208.230167
5.0,285,13210.302216
5.0,309,13212.606053
17.0,593,13216.869505
10.0,365,13219.529631
8.0,434,13222.621257
13.0,733,13227.930426
11.0,531,13231.794822
11.0,1089,13239.600128
8.0,282,13241.674329
14.0,1673,13253.775065
13.0,827,13259.764837
6.0,419,13262.829186
6.0,289,13264.925588
17.0,1353,13274.718244
13.0,579,13278.927764
10.0,474,13282.342641
7.0,456,13285.68514
10.0,358,13288.310176
14.0,539,13292.249397
10.0,459,13295.547755
28.0,1020,13302.955786
6.0,325,13305.346284
15.0,881,13311.708102
13.0,476,13315.164027
11.0,1159,13323.519242
4.0,495,13327.205319
15.0,923,13333.876942
7.0,553,13337.866973
6.0,332,13340.279487
17.0,959,13347.204509
16.0,1307,13356.704968
7.0,345,13359.211962
2.0,177,13360.483624
16.0,642,13365.172054
8.0,1115,13373.249678
11.0,377,13376.013436
14.0,1867,13389.528833
14.0,353,13392.118961
5.0,1670,13404.221609
18.0,570,13408.394109
15.0,497,13411.99865
9.0,320,13414.364173
2.0,198,13415.812526
17.0,513,13419.533092
5.0,293,13421.654254
22.0,1062,13429.392642
21.0,789,13435.121965
8.0,387,13437.943377
10.0,593,13442.244496
13.0,1280,13451.498787
20.0,458,13454.799515
7.0,354,13457.4007
5.0,765,13462.905586
3.0,244,13464.730592
7.0,369,13467.387815
14.0,502,13471.067513
7.0,321,13473.410798
4.0,256,13475.273439
12.0,459,13478.608696
9.0,1082,13486.43336
14.0,788,13492.12415
11.0,1376,13502.084736
11.0,533,13505.981386
9.0,475,13509.422474
10.0,804,13515.189554
1.0,148,13516.273598
10.0,418,13519.351025
10.0,1019,13526.709926
19.0,613,13531.179666
8.0,454,13534.577899
10.0,567,13538.707921
23.0,642,13543.407728
14.0,1917,13557.308578
4.0,259,13559.241408
6.0,339,13561.742176
6.0,319,13564.07034
14.0,1086,13571.996807
13.0,427,13575.132205
17.0,777,13580.774163
6.0,311,13583.038336
5.0,291,13585.181282
4.0,262,13587.138064
7.0,346,13589.648514
16.0,804,13595.521258
10.0,360,13598.135848
10.0,1293,13607.531083
14.0,345,13610.063179
4.0,275,13612.079645
5.0,283,13614.140375
10.0,653,13618.993786
10.0,382,13621.807501
9.0,449,13625.058458
17.0,374,13627.793528
7.0,439,13631.019312
12.0,458,13634.394753
7.0,292,13636.521186
9.0,406,13639.466676
4.0,296,13641.657684
10.0,393,13644.552147
5.0,297,13646.688704
10.0,471,13650.099298
1.0,148,13651.230006
18.0,391,13654.035775
15.0,487,13657.570746
19.0,475,13661.04458
8.0,408,13664.064544
8.0,412,13667.08206
16.0,1191,13675.708119
9.0,469,13679.109728
6.0,323,13681.518335
3.0,244,13683.263798
4.0,272,13685.228518
6.0,346,13687.756055
5.0,303,13689.998291
6.0,290,13692.103206
20.0,566,13696.226672
17.0,584,13700.42868
12.0,448,13703.710035
13.0,1497,13714.500779
2.0,196,13715.92552
12.0,617,13720.395717
7.0,321,13722.78621
5.0,347,13725.284205
10.0,504,13728.912971
15.0,1275,13738.167962
6.0,358,13740.82506
18.0,397,13743.700507
8.0,631,13748.292334
14.0,746,13753.64544
8.0,426,13756.757966
14.0,1184,13765.273592
4.0,239,13766.988889
11.0,927,13773.736243
20.0,595,13778.106923
19.0,1052,13785.688608
19.0,425,13788.754293
5.0,292,13790.883689
8.0,406,13793.88606
20.0,458,13797.180195
6.0,292,13799.274895
4.0,394,13802.123156
15.0,1095,13810.071813
9.0,513,13813.77424
6.0,472,13817.167787
8.0,414,13820.135997
6.0,343,13822.670371
16.0,575,13826.806887
6.0,402,13829.734684
11.0,368,13832.42699
12.0,500,13836.091202
9.0,408,13839.013613
18.0,805,13844.8195
6.0,391,13847.703249
8.0,410,13850.859161
7.0,372,13853.811358
25.0,1709,13866.181825
6.0,326,13868.535829
10.0,353,13871.144128
14.0,386,13873.93295
6.0,335,13876.35741
10.0,561,13880.415398
6.0,336,13882.900362
15.0,410,13885.871595
18.0,674,13890.741234
17.0,522,13894.559504
22.0,564,13898.682519
9.0,686,13903.638641
6.0,324,13905.935076
12.0,309,13908.165249
16.0,837,13914.331876
8.0,787,13920.025329
13.0,366,13922.712631
8.0,470,13926.115124
7.0,359,13928.783233
10.0,525,13932.545955
5.0,321,13935.377065
7.0,395,13938.187485
3.0,209,13939.789196
15.0,388,13942.603769
16.0,1327,13952.183713
19.0,524,13956.022557
18.0,408,13959.034832
9.0,1282,13968.274112
6.0,352,13970.829317
16.0,444,13974.070525
7.0,479,13977.612921
13.0,358,13980.195306
14.0,545,13984.098901
10.0,359,13986.715545
14.0,725,13991.962354
13.0,608,13996.320037
2.0,182,13997.650889
16.0,747,14003.046159
17.0,709,14008.222349
16.0,637,14012.860444
18.0,443,14016.052959
26.0,535,14019.927849
20.0,505,14023.628948
17.0,502,14027.305891
12.0,427,14030.423545
17.0,495,14034.050633
12.0,571,14038.23445
10.0,1121,14046.434639
13.0,532,14050.267713
12.0,452,14053.558215
18.0,534,14057.458374
4.0,253,14059.311405
4.0,282,14061.346896
13.0,496,14064.912955
10.0,514,14068.717418
9.0,299,14070.878915
4.0,257,14072.775963
11.0,404,14075.695262
11.0,382,14078.483337
6.0,421,14081.51281
10.0,462,14084.868196
5.0,297,14087.004091
5.0,267,14088.979637
19.0,922,14095.59962
9.0,535,14099.462259
8.0,487,14102.956011
4.0,265,14104.907953
9.0,808,14110.750621
6.0,343,14113.263039
16.0,388,14116.059728
6.0,352,14118.667421
5.0,301,14120.85032
5.0,302,14123.060297
9.0,418,14126.096484
5.0,969,14133.101337
22.0,543,14137.012255
9.0,328,14139.387775
7.0,394,14142.228204
17.0,652,14146.974654
9.0,417,14149.968605
7.0,374,14152.66956
5.0,306,14154.889825
8.0,293,14157.053287
12.0,427,14160.167062
11.0,1034,14167.665996
8.0,359,14170.287925
23.0,517,14174.071297
17.0,554,14178.098304
6.0,360,14180.721132
21.0,492,14184.2969
5.0,311,14186.599163
8.0,403,14189.484503
5.0,385,14192.317002
9.0,325,14194.649505
7.0,407,14197.65435
13.0,458,14200.966442
5.0,269,14202.913648
5.0,292,14205.006049
13.0,634,14209.657373
5.0,304,14211.839491
6.0,341,14214.318349
6.0,326,14216.698415
9.0,917,14223.390505
10.0,1274,14232.6288
16.0,1555,14243.916951
4.0,239,14245.687141
9.0,507,14249.441001
18.0,1070,14257.23557
16.0,832,14263.234262
12.0,407,14266.191875
5.0,284,14268.300429
17.0,814,14274.174028
8.0,412,14277.158845
8.0,401,14280.100965
18.0,758,14285.670004
17.0,840,14291.746427
14.0,509,14295.454114
5.0,569,14299.571876
16.0,452,14302.875934
18.0,505,14306.502681
13.0,491,14310.078784
4.0,241,14311.846188
11.0,687,14316.867066
11.0,410,14319.821908
13.0,637,14324.456755
5.0,306,14326.678513
18.0,467,14330.125558
9.0,498,14333.735941
8.0,470,14337.181901
7.0,442,14340.376719
14.0,656,14345.151105
6.0,500,14348.782229
15.0,425,14351.834409
29.0,697,14356.883667
11.0,449,14360.183623
4.0,254,14362.02726
9.0,726,14367.341575
7.0,769,14372.956034
12.0,716,14378.208882
17.0,729,14383.499913
6.0,325,14385.88531
15.0,393,14388.757551
12.0,436,14391.970643
8.0,542,14395.89652
5.0,293,14398.056024
10.0,333,14400.464123
3.0,228,14402.202643
14.0,523,14406.016025
15.0,478,14409.49086
4.0,270,14411.470331
6.0,332,14413.955579
12.0,494,14417.580437
13.0,357,14420.180567
18.0,452,14423.47451
22.0,435,14426.709167
14.0,434,14429.914266
11.0,419,14432.989072
16.0,1079,14440.883568
14.0,1637,14452.751969
8.0,421,14455.809511
21.0,1031,14463.315283
12.0,303,14465.55471
13.0,497,14469.17569
14.0,781,14474.889075
7.0,353,14477.422878
12.0,808,14483.286483
21.0,821,14489.196007
19.0,553,14493.244379
5.0,746,14498.665366
12.0,450,14501.974822
10.0,514,14505.774591
18.0,680,14510.736618
12.0,763,14516.348511
9.0,573,14520.535294
9.0,597,14524.956101
21.0,704,14530.048957
18.0,556,14534.091985
22.0,539,14538.03396
6.0,325,14540.430119
5.0,683,14545.477969
20.0,742,14550.853194
8.0,514,14554.659471
17.0,576,14558.899866
16.0,440,14562.087386
5.0,293,14564.204417
4.0,244,14565.987385
19.0,453,14569.313057
8.0,477,14572.796961
5.0,309,14575.057301
3.0,213,14576.602787
13.0,366,14579.297297
11.0,380,14582.062372
8.0,469,14585.468413
6.0,366,14588.101083
17.0,499,14591.731862
7.0,335,14594.188376
16.0,497,14597.756353
4.0,261,14599.657965
6.0,361,14602.363098
18.0,645,14607.00723
20.0,421,14610.024288
21.0,490,14613.588995
13.0,364,14616.281098
3.0,263,14618.199401
2.0,177,14619.5045
9.0,434,14622.658253
3.0,1175,14631.214164
3.0,210,14632.738355
1.0,178,14634.049933
16.0,490,14637.567857
22.0,906,14644.242941
14.0,497,14647.830054
21.0,376,14650.527762
15.0,399,14653.421979
17.0,1044,14660.968965
4.0,277,14662.956436
23.0,462,14666.290954
2.0,182,14667.614847
7.0,324,14669.974069
12.0,449,14673.266897
25.0,1046,14680.768636
11.0,1956,14694.89679
11.0,400,14697.852989
7.0,323,14700.229632
1.0,150,14701.306625
2.0,235,14703.001117
12.0,500,14706.640519
13.0,495,14710.19375
9.0,496,14713.766437
6.0,357,14716.335075
8.0,391,14719.185451
11.0,399,14722.040409
17.0,1216,14730.773591
9.0,396,14733.634601
4.0,259,14735.553195
15.0,1493,14746.318099
27.0,1002,14753.519496
9.0,403,14756.519769
7.0,353,14759.331411
4.0,847,14765.747915
12.0,525,14769.530277
7.0,324,14771.859051
11.0,567,14776.003324
17.0,1288,14785.353774
12.0,394,14788.194079
6.0,366,14790.845848
17.0,1233,14799.794156
15.0,485,14803.259365
2.0,177,14804.533975
3.0,229,14806.196812
12.0,576,14810.382484
4.0,879,14816.714005
2.0,199,14818.176551
15.0,870,14824.456039
8.0,505,14828.145485
10.0,497,14831.697371
5.0,319,14833.999632
29.0,1888,14847.503108
10.0,534,14851.413904
17.0,611,14855.791478
12.0,454,14859.090991
4.0,261,14860.959502
8.0,422,14863.998951
6.0,360,14866.567878
6.0,535,14870.424944
22.0,1485,14881.125446
10.0,357,14883.76737
9.0,897,14890.227144
18.0,723,14895.462844
17.0,732,14900.713493
4.0,324,14903.124047
17.0,836,14909.684
7.0,404,14912.655504
7.0,345,14915.151615
5.0,271,14917.126543
8.0,378,14919.867471
10.0,369,14922.551291
5.0,381,14925.334873
10.0,511,14929.07413
15.0,420,14932.106038
16.0,1159,14940.573178
10.0,513,14944.281374
21.0,2082,14959.430322
7.0,752,14964.86395
14.0,525,14968.680431
5.0,483,14972.260314
21.0,1736,14984.814837
13.0,791,14990.520224
19.0,1244,14999.527672
15.0,421,15002.574354
10.0,731,15007.894273
4.0,667,15012.727805
12.0,1037,15020.182621
14.0,384,15022.9761
8.0,392,15025.856175
2.0,179,15027.140491
8.0,374,15029.84568
6.0,1080,15037.622005
7.0,356,15040.286831
7.0,356,15042.89068
8.0,369,15045.538863
7.0,432,15048.65541
25.0,830,15054.759272
14.0,496,15058.315889
22.0,454,15061.56614
10.0,329,15063.923764
16.0,714,15069.145513
18.0,651,15073.847694
4.0,243,15075.56972
15.0,386,15078.364878
3.0,206,15079.884411
9.0,462,15083.266613
6.0,391,15086.078708
12.0,650,15090.735744
10.0,517,15094.564623
5.0,293,15096.712127
7.0,1005,15103.963406
21.0,409,15106.921508
11.0,396,15109.835729
25.0,490,15113.396122
12.0,800,15119.158494
9.0,297,15121.320795
11.0,1051,15128.979543
13.0,348,15131.493159
5.0,281,15133.520155
4.0,276,15135.521088
13.0,366,15138.187404
5.0,327,15140.580341
11.0,504,15144.191073
6.0,333,15146.570073
6.0,537,15150.515804
13.0,404,15153.471175
7.0,398,15156.362617
5.0,325,15158.696573
6.0,440,15161.909589
4.0,275,15163.928261
9.0,499,15167.543418
2.0,177,15168.839339
18.0,498,15172.479158
17.0,668,15177.271196
15.0,389,15180.086593
18.0,495,15183.648845
10.0,581,15187.875532
18.0,1056,15195.481609
5.0,307,15197.704339
6.0,429,15200.789907
2.0,177,15202.106442
12.0,498,15205.710806
5.0,279,15207.724476
7.0,361,15210.365872
6.0,364,15213.089505
25.0,440,15216.250187
8.0,876,15222.550221
20.0,676,15227.428111
10.0,450,15230.712904
17.0,383,15233.531323
11.0,570,15237.633365
5.0,320,15239.965715
16.0,937,15246.800713
16.0,1056,15254.429618
9.0,386,15257.186295
16.0,1499,15268.088958
12.0,959,15275.118151
5.0,542,15279.02112
12.0,594,15283.307472
4.0,281,15285.352087
5.0,291,15287.513206
10.0,331,15289.888055
4.0,269,15291.861626
8.0,299,15294.02317
11.0,420,15297.110444
12.0,589,15301.390499
21.0,888,15307.840977
6.0,453,15311.141041
5.0,292,15313.329333
12.0,561,15317.370691
5.0,324,15319.714684
19.0,634,15324.301861
20.0,525,15328.092167
10.0,453,15331.415719
8.0,438,15334.63993
5.0,558,15338.659649
14.0,440,15341.882201
2.0,263,15343.8168
17.0,496,15347.472728
1.0,169,15348.699614
9.0,710,15353.912708
7.0,433,15357.061177
5.0,378,15359.807926
5.0,321,15362.183103
9.0,357,15364.805828
14.0,385,15367.589708
6.0,526,15371.417505
6.0,337,15373.881097
9.0,916,15380.583632
2.0,179,15381.895314
18.0,440,15385.093019
14.0,629,15389.679201
17.0,526,15393.565128
8.0,487,15397.077868
14.0,958,15404.051506
12.0,2697,15423.626496
3.0,273,15425.630708
7.0,473,15429.065607
8.0,436,15432.241485
14.0,494,15435.839945
10.0,658,15440.634731
5.0,590,15444.94895
20.0,719,15450.183944
14.0,653,15454.946201
10.0,368,15457.661444
10.0,882,15464.071179
15.0,1167,15472.538334
15.0,443,15475.788342
21.0,806,15481.653792
8.0,287,15483.714497
4.0,283,15485.788152
18.0,746,15491.174026
11.0,665,15496.028376
10.0,449,15499.244838
4.0,472,15502.668342
18.0,701,15507.690597
5.0,293,15509.842621
3.0,225,15511.501741
15.0,579,15515.679877
13.0,722,15520.896712
14.0,458,15524.241832
20.0,770,15529.812359
3.0,231,15531.517487
21.0,699,15536.596993
9.0,482,15540.187605
13.0,486,15543.695276
14.0,577,15547.900285
20.0,1303,15557.254691
15.0,403,15560.212046
15.0,455,15563.525089
21.0,1733,15576.068808
3.0,210,15577.623456
20.0,983,15584.71979
20.0,598,15589.006431
14.0,1004,15596.186173
12.0,482,15599.635993
17.0,573,15603.821948
5.0,301,15606.008141
15.0,1508,15616.903101
17.0,641,15621.492777
17.0,657,15626.263342
21.0,583,15630.494067
7.0,363,15633.135449
5.0,283,15635.186693
19.0,601,15639.527629
19.0,521,15643.309904
21.0,412,15646.243886
15.0,829,15652.137259
13.0,370,15654.850286
5.0,283,15656.88439
8.0,470,15660.267861
6.0,355,15662.853442
5.0,518,15666.749288
6.0,389,15669.853009
13.0,840,15675.915544
5.0,387,15678.712796
5.0,266,15680.689494
3.0,524,15684.479082
8.0,406,15687.403826
3.0,1196,15696.063183
6.0,360,15698.741967
11.0,545,15703.205609
6.0,601,15707.555122
6.0,450,15710.830763
6.0,704,15716.072946
10.0,1738,15728.641899
4.0,248,15730.420889
10.0,567,15734.519646
13.0,509,15738.26942
1.0,169,15739.497951
15.0,677,15744.396693
6.0,343,15746.843491
12.0,428,15749.969483
2.0,177,15751.277714
4.0,264,15753.186554
23.0,832,15759.206089
1.0,149,15760.328813
3.0,244,15762.113129
7.0,435,15765.227423
11.0,403,15768.145606
17.0,901,15774.673535
23.0,691,15779.673476
17.0,991,15786.814152
5.0,271,15788.766813
6.0,368,15791.478406
7.0,1033,15798.927303
9.0,328,15801.293308
6.0,498,15804.811133
9.0,439,15808.023309
10.0,837,15814.099004
10.0,439,15817.273426
10.0,437,15820.417579
5.0,297,15822.630822
9.0,342,15825.064962
15.0,432,15828.218359
2.0,236,15829.947741
4.0,428,15833.108449
8.0,413,15836.085241
13.0,801,15841.97011
5.0,303,15844.144729
15.0,820,15850.052741
21.0,712,15855.187838
6.0,452,15858.438493
5.0,304,15860.613937
9.0,708,15865.765413
3.0,230,15867.447714
20.0,1000,15874.640431
3.0,524,15878.429188
3.0,235,15880.177756
15.0,519,15883.886863
5.0,337,15886.334064
16.0,430,15889.429071
16.0,1169,15897.864641
10.0,1011,15905.116348
6.0,362,15907.75814
9.0,950,15914.658659
12.0,526,15918.527944
6.0,330,15920.929006
4.0,352,15923.481157
3.0,214,15925.055869
15.0,573,15929.258254
13.0,508,15932.957299
15.0,782,15938.603016
6.0,397,15941.475625
18.0,1014,17295.613088
7.0,871,17303.63532
1.0,148,17304.901864
16.0,457,17308.303996
6.0,352,17310.910428
24.0,693,17315.995759
18.0,623,17320.505385
6.0,466,17323.929815
8.0,282,17326.000338
2.0,180,17327.316832
12.0,1068,17335.033549
6.0,709,17340.166653
20.0,1343,17350.006305
3.0,224,17351.644847
6.0,310,17354.103905
23.0,1321,17364.251431
15.0,382,17367.053194
1.0,570,17371.126401
12.0,1217,17379.741246
6.0,529,17383.465303
8.0,729,17388.732103
14.0,967,17395.587194
20.0,999,17402.681514
4.0,258,17404.541494
22.0,376,17407.299061
17.0,688,17412.181226
10.0,472,17415.53164
17.0,1024,17422.769236
7.0,366,17425.412325
14.0,372,17428.080925
8.0,1139,17436.195917
7.0,390,17438.930643
16.0,1002,17446.179665
5.0,292,17448.254089
17.0,706,17453.263488
5.0,276,17455.231124
2.0,202,17456.746529
11.0,381,17459.448174
3.0,246,17461.207402
10.0,468,17464.530324
10.0,452,17467.830529
14.0,1024,17475.079498
8.0,391,17477.861124
11.0,854,17483.979917
17.0,821,17489.89558
15.0,419,17492.895992
10.0,582,17497.075113
18.0,907,17503.51197
12.0,1013,17510.80139
13.0,912,17517.292885
11.0,1222,17525.994672
7.0,427,17529.044668
20.0,673,17533.895952
9.0,298,17536.023508
14.0,335,17538.394505
10.0,1061,17545.961849
20.0,1129,17554.075706
14.0,520,17557.727085
9.0,333,17560.093603
25.0,564,17564.126833
10.0,347,17566.660297
0.0,120,17567.536029
20.0,940,17574.176749
13.0,1420,17584.167266
12.0,975,17591.076089
7.0,376,17593.726051
19.0,815,17599.541433
4.0,281,17601.526756
7.0,374,17604.226135
14.0,674,17609.022943
18.0,386,17611.919823
3.0,210,17613.442975
11.0,1691,17625.970176
14.0,490,17629.61455
5.0,306,17631.826023
25.0,638,17636.4929
20.0,724,17641.898561
1.0,159,17643.047
14.0,564,17647.14151
11.0,421,17650.220041
14.0,1078,17658.150014
5.0,266,17660.091048
19.0,1176,17668.855127
19.0,502,17672.48058
18.0,727,17678.377998
9.0,447,17681.618882
5.0,292,17683.757976
26.0,911,17690.295666
14.0,448,17693.660932
16.0,982,17700.65502
15.0,848,17706.656924
10.0,345,17709.124283
13.0,1256,17718.088644
15.0,1570,17729.203523
16.0,330,17731.604298
15.0,755,17736.943526
34.0,524,17740.699442
15.0,509,17744.305287
13.0,321,17746.588051
12.0,456,17749.818266
5.0,291,17751.962126
10.0,715,17757.050679
3.0,228,17758.674834
7.0,445,17761.827783
15.0,943,17768.508132
7.0,365,17771.097179
25.0,782,17776.642343
6.0,394,17779.434366
5.0,407,17782.403369
21.0,948,17789.107943
13.0,451,17792.301006
6.0,324,17794.599657
15.0,1559,17805.689875
12.0,323,17807.973771
8.0,1420,17817.998115
9.0,440,17821.114133
13.0,733,17826.34411
17.0,973,17833.225292
11.0,835,17839.082165
5.0,382,17841.837081
17.0,1897,17855.295132
13.0,2031,17869.694378
15.0,670,17874.409623
25.0,2084,17889.117363
5.0,290,17891.255776
6.0,290,17893.277047
13.0,393,17896.105607
20.0,460,17899.393499
5.0,292,17901.541506
15.0,614,17905.86187
7.0,568,17909.883912
23.0,934,17916.509202
7.0,550,17920.638224
3.0,272,17922.968687
6.0,299,17925.218363
7.0,373,17927.87685
11.0,685,17932.748394
5.0,326,17935.088094
19.0,1134,17943.122993
11.0,831,17949.106137
7.0,390,17951.940342
19.0,616,17956.3011
5.0,290,17958.347342
11.0,413,17961.28977
2.0,177,17962.638753
14.0,335,17965.010728
7.0,371,17967.627205
8.0,545,17971.537521
20.0,859,17977.714769
12.0,546,17981.587553
13.0,321,17983.863416
21.0,670,17988.585507
5.0,283,17990.647337
12.0,548,17994.526398
9.0,322,17996.823226
6.0,356,17999.331743
13.0,320,18001.675289
10.0,322,18003.960682
12.0,527,18007.684016
15.0,462,18010.928043
4.0,256,18012.799749
15.0,434,18015.892078
7.0,373,18018.535216
3.0,369,18021.145203
6.0,298,18023.343021
35.0,600,18027.575793
3.0,210,18029.055748
6.0,346,18031.553962
9.0,550,18035.536677
7.0,352,18038.013863
5.0,301,18040.15759
16.0,536,18043.96995
4.0,263,18045.876882
7.0,863,18051.937712
5.0,299,18054.077951
4.0,240,18055.782028
4.0,257,18057.665058
13.0,944,18064.373683
17.0,915,18070.829008
3.0,211,18072.339013
7.0,376,18075.057068
20.0,481,18078.454067
6.0,340,18080.858892
15.0,404,18083.707947
7.0,340,18086.192671
12.0,609,18090.486195
8.0,383,18093.255538
23.0,528,18096.992714
21.0,534,18100.838053
13.0,350,18103.320875
11.0,419,18106.300994
10.0,395,18109.086358
4.0,241,18110.899565
2.0,196,18112.292979
11.0,418,18115.233479
8.0,268,18117.135976
14.0,536,18121.002892
5.0,303,18123.113996
4.0,278,18125.077195
26.0,473,18128.462581
2.0,195,18129.898072
2.0,177,18131.160687
4.0,276,18133.095514
7.0,423,18136.065611
7.0,929,18142.751693
7.0,482,18146.154981
4.0,241,18147.857045
18.0,657,18152.557715
8.0,414,18155.565996
9.0,301,18157.696274
5.0,345,18160.158325
10.0,1054,18167.62847
10.0,1290,18176.859881
4.0,273,18178.80325
12.0,312,18181.013773
12.0,449,18184.191473
23.0,629,18188.700073
15.0,450,18191.923228
13.0,488,18195.391983
5.0,299,18197.55169
13.0,517,18201.275332
3.0,242,18202.980913
4.0,246,18204.750329
12.0,831,18210.648715
7.0,743,18216.041197
2.0,452,18219.259959
16.0,1852,18232.43291
21.0,1402,18242.46122
9.0,458,18245.772989
5.0,303,18248.009793
21.0,464,18251.335457
18.0,402,18254.22061
14.0,464,18257.67939
19.0,664,18262.530501
7.0,386,18265.277317
11.0,382,18268.046888
12.0,428,18271.238858
10.0,357,18273.786889
1.0,1072,18281.419991
19.0,755,18286.794041
19.0,504,18290.484965
6.0,1359,18300.164642
11.0,549,18304.086544
6.0,341,18306.522447
16.0,633,18311.093761
10.0,1122,18319.033758
6.0,320,18321.330982
5.0,352,18323.849011
12.0,1054,18331.435753
2.0,178,18332.730436
5.0,929,18339.37049
4.0,657,18344.058048
6.0,341,18346.60733
9.0,420,18349.980104
13.0,567,18354.032429
13.0,356,18356.580922
8.0,500,18360.254331
11.0,371,18362.894975
7.0,367,18365.506879
7.0,405,18368.38388
11.0,420,18371.448465
7.0,374,18374.11729
4.0,245,18375.93377
18.0,389,18378.810519
25.0,802,18384.597629
7.0,362,18387.180888
14.0,416,18390.118642
5.0,299,18392.273073
8.0,437,18395.47188
21.0,664,18400.170311
16.0,324,18402.475511
15.0,775,18407.972539
16.0,1014,18415.187583
13.0,316,18417.428244
9.0,392,18420.199846
9.0,336,18422.617709
11.0,1342,18432.249861
17.0,714,18437.305042
4.0,253,18439.103941
16.0,447,18442.294679
12.0,441,18445.505855
5.0,308,18447.703325
17.0,371,18450.320034
18.0,690,18455.269329
24.0,2263,18471.323893
20.0,1652,18483.035066
5.0,362,18485.607983
13.0,357,18488.143032
17.0,409,18491.090347
19.0,454,18494.327258
14.0,518,18498.019005
5.0,481,18501.460613
3.0,228,18503.170161
19.0,422,18506.159224
14.0,493,18509.648544
14.0,452,18512.880013
18.0,763,18518.384232
4.0,296,18520.438203
2.0,264,18522.309588
6.0,306,18524.49478
14.0,645,18529.150279
7.0,481,18532.573194
5.0,296,18534.68722
21.0,530,18538.462817
14.0,958,18545.335272
5.0,300,18547.46274
8.0,701,18552.438832
11.0,426,18555.49946
5.0,301,18557.747162
14.0,1630,18569.319411
18.0,522,18573.053664
12.0,502,18576.680711
5.0,324,18579.064862
2.0,228,18580.685038
6.0,494,18584.230568
10.0,1604,18595.644671
15.0,437,18598.895061
3.0,306,18601.111761
3.0,229,18602.751091
22.0,562,18606.767396
10.0,1207,18615.357968
2.0,217,18616.93981
11.0,601,18621.234304
29.0,560,18625.239663
9.0,316,18627.588863
6.0,343,18630.044888
4.0,257,18631.897487
4.0,291,18633.957486
3.0,230,18635.6461
11.0,551,18639.580262
13.0,449,18642.770725
13.0,314,18645.002811
19.0,556,18649.053128
23.0,1083,18656.674929
14.0,505,18660.291369
12.0,450,18663.483176
17.0,465,18666.84371
5.0,294,18668.944251
2.0,715,18673.994533
10.0,778,18679.503967
2.0,638,18684.108678
15.0,510,18687.688582
19.0,431,18690.754329
13.0,474,18694.138548
9.0,844,18700.154469
4.0,274,18702.106951
11.0,768,18707.552612
4.0,303,18709.673067
7.0,371,18712.365587
21.0,552,18716.249687
5.0,325,18718.553311
6.0,329,18720.900109
5.0,372,18723.615748
9.0,375,18726.305299
17.0,935,18732.886636
6.0,361,18735.451997
4.0,239,18737.21358
10.0,796,18742.816517
6.0,359,18745.353333
7.0,370,18747.951731
10.0,375,18750.645224
19.0,1250,18759.465276
5.0,306,18761.620686
17.0,1210,18770.188333
7.0,479,18773.643342
18.0,448,18776.804701
12.0,545,18780.664284
18.0,895,18786.979417
26.0,631,18791.492866
10.0,492,18794.965483
29.0,832,18800.857173
4.0,274,18802.830809
15.0,669,18807.63723
14.0,387,18810.319862
7.0,360,18812.890095
13.0,730,18818.024896
6.0,1190,18826.556994
12.0,435,18829.90145
18.0,399,18832.881668
12.0,571,18836.930675
11.0,391,18839.817128
15.0,896,18846.212196
18.0,417,18849.155738
19.0,990,18856.183116
20.0,472,18859.623314
15.0,539,18863.438069
1.0,149,18864.519451
4.0,903,18870.833675
9.0,317,18873.232944
18.0,539,18877.056262
21.0,641,18881.61502
5.0,290,18883.66855
16.0,420,18886.712882
8.0,270,18888.951377
19.0,434,18892.157409
11.0,1918,18905.708719
6.0,365,18908.35481
10.0,1202,18916.791905
20.0,562,18920.779183
5.0,293,18922.837485
18.0,1498,18933.556822
22.0,438,18936.638208
11.0,1930,18950.298712
11.0,521,18953.972423
2.0,182,18955.326208
18.0,540,18959.136568
4.0,243,18960.823539
12.0,755,18966.158546
5.0,273,18968.143267
3.0,210,18969.638423
26.0,471,18972.960768
10.0,341,18975.396355
2.0,199,18976.884637
4.0,257,18978.727459
8.0,1378,18988.448054
12.0,435,18991.562892
21.0,376,18994.318888
9.0,293,18996.409943
11.0,377,18999.093424
8.0,370,19001.720327
5.0,291,19003.862142
15.0,1264,19012.816757
15.0,711,19017.809708
9.0,473,19021.171141
21.0,1000,19028.253313
9.0,301,19030.381436
17.0,958,19037.097983
5.0,303,19039.241976
8.0,419,19042.301788
6.0,343,19044.733201
17.0,706,19049.717477
26.0,919,19056.249738
22.0,443,19059.445958
5.0,347,19061.891466
12.0,436,19064.936305
13.0,467,19068.235989
32.0,1697,19080.326323
6.0,361,19082.894864
10.0,449,19086.06398
18.0,535,19089.893902
5.0,296,19092.074372
19.0,426,19095.040604
16.0,480,19098.45795
19.0,436,19101.559288
6.0,412,19104.553393
8.0,343,19106.984037
21.0,517,19110.62457
4.0,264,19112.525918
19.0,437,19115.657397
23.0,1840,19128.673549
5.0,292,19130.734992
8.0,269,19132.66387
12.0,725,19137.914931
8.0,421,19140.932771
4.0,243,19142.689666
22.0,431,19145.753612
17.0,359,19148.367956
12.0,455,19151.602177
15.0,1156,19159.762804
2.0,179,19161.033926
15.0,588,19165.241187
12.0,426,19168.236739
3.0,210,19169.728528
23.0,465,19173.059106
18.0,956,19179.881472
5.0,292,19181.948486
4.0,274,19183.927965
11.0,495,19187.407756
3.0,223,19189.081115
20.0,343,19191.517326
17.0,370,19194.140453
18.0,587,19198.439493
5.0,292,19200.580483
20.0,538,19204.401025
19.0,462,19207.683703
18.0,976,19214.585207
5.0,292,19216.744766
9.0,421,19219.997692
18.0,555,19224.161412
23.0,619,19228.617966
13.0,356,19231.260469
16.0,400,19234.12657
19.0,442,19237.250074
16.0,1439,19247.465424
2.0,196,19248.946356
5.0,295,19251.043797
5.0,448,19254.254601
21.0,628,19258.728247
3.0,383,19261.510403
2.0,179,19262.785385
5.0,292,19264.877799
8.0,270,19266.818677
14.0,664,19271.665426
7.0,418,19274.609753
14.0,417,19277.630901
9.0,338,19280.026387
5.0,294,19282.226392
4.0,286,19284.226211
8.0,268,19286.12621
16.0,838,19292.092733
12.0,1379,19301.959127
4.0,276,19303.875591
20.0,400,19306.708955
17.0,637,19311.258834
7.0,360,19313.892051
6.0,331,19316.219561
29.0,877,19322.408958
25.0,1869,19335.6916
5.0,269,19337.673672
24.0,664,19342.358048
12.0,689,19347.22445
5.0,318,19349.524482
19.0,441,19352.757696
19.0,800,19358.596273
14.0,880,19364.824225
6.0,339,19367.257774
1.0,231,19369.020059
16.0,912,19375.490282
22.0,1084,19383.199617
7.0,387,19385.945627
12.0,415,19389.009503
8.0,271,19390.956124
6.0,354,19393.473166
10.0,354,19396.006568
11.0,546,19399.945036
8.0,404,19402.820296
10.0,378,19405.504938
15.0,414,19408.406615
5.0,291,19410.576301
9.0,293,19412.691125
28.0,1144,19420.773713
11.0,720,19425.84024
8.0,412,19428.823422
7.0,385,19431.572315
20.0,493,19435.045202
17.0,1508,19445.7718
27.0,1429,19455.990968
1.0,149,19457.054943
4.0,275,19459.026736
21.0,388,19461.797667
3.0,229,19463.510387
10.0,381,19466.33839
5.0,406,19469.304607
13.0,1303,19478.957737
18.0,428,19482.190006
10.0,816,19488.172638
20.0,2193,19504.20363
3.0,229,19505.887491
7.0,363,19508.603345
2.0,198,19510.070973
22.0,1538,19521.476116
7.0,467,19524.992939
6.0,364,19527.693889
18.0,1054,19536.020557
19.0,535,19539.944328
11.0,574,19544.049704
10.0,564,19548.230952
4.0,243,19549.951799
16.0,397,19552.796925
7.0,649,19557.391771
24.0,697,19562.40159
18.0,448,19565.604818
5.0,344,19568.057437
18.0,1041,19575.437698
26.0,1864,19588.76524
25.0,1074,19596.406103
9.0,325,19598.7006
14.0,829,19604.567786
7.0,491,19608.103593
10.0,380,19610.791328
11.0,380,19613.496256
13.0,345,19615.935938
10.0,358,19618.535631
26.0,436,19621.620629
0.0,122,19622.45125
14.0,450,19625.649628
12.0,414,19628.651942
1.0,194,19630.032661
11.0,1131,19637.97772
15.0,586,19642.10606
2.0,179,19643.449754
22.0,2199,19658.883536
2.0,179,19660.136403
26.0,555,19664.112258
5.0,326,19666.469676
26.0,436,19669.543341
5.0,487,19672.947592
24.0,908,19679.366298
29.0,434,19682.509636
8.0,503,19686.06525
12.0,830,19691.853995
17.0,642,19696.391201
13.0,352,19698.971458
4.0,275,19700.894878
22.0,485,19704.332421
17.0,565,19708.252798
5.0,368,19710.927233
14.0,843,19716.873579
2.0,195,19718.238666
8.0,390,19721.027587
27.0,491,19724.554051
6.0,339,19726.929929
5.0,304,19729.06917
5.0,300,19731.181686
21.0,921,19738.187482
13.0,516,19742.085126
1.0,148,19743.143183
8.0,269,19745.056504
1.0,148,19746.134675
29.0,442,19749.303263
6.0,328,19751.636401
4.0,259,19753.462312
3.0,228,19755.133955
1.0,200,19756.553295
12.0,454,19759.752904
14.0,359,19762.276968
7.0,589,19766.552391
6.0,320,19768.823218
2.0,177,19770.058631
13.0,439,19773.243423
13.0,678,19778.080828
9.0,430,19781.101527
29.0,479,19784.465872
1.0,148,19785.516468
15.0,375,19788.259196
1.0,174,19789.468628
8.0,276,19791.413405
7.0,2361,19808.012525
16.0,526,19811.805343
1.0,149,19812.884315
5.0,297,19814.975235
13.0,316,19817.20841
1.0,151,19818.295296
27.0,657,19822.990173
8.0,392,19825.751989
15.0,2131,19840.837597
9.0,393,19843.670431
17.0,797,19849.313679
8.0,397,19852.096946
20.0,1817,19864.942875
10.0,540,19868.832657
15.0,912,19875.230313
3.0,495,19878.714297
5.0,265,19880.583791
22.0,435,19883.6856
13.0,524,19887.400128
12.0,588,19891.572439
11.0,525,19895.310301
14.0,452,19898.573407
2.0,263,19900.414388
21.0,503,19903.959739
8.0,284,19905.973192
2.0,179,19907.302556
24.0,488,19910.765791
4.0,318,19913.013597
27.0,522,19916.709242
14.0,469,19920.112982
20.0,639,19924.625255
7.0,498,19928.145765
8.0,271,19930.071457
10.0,585,19934.264387
24.0,478,19937.657534
4.0,467,19940.973687
3.0,218,19942.508955
4.0,243,19944.313263
8.0,268,19946.213253
19.0,482,19949.63455
13.0,416,19952.623355
30.0,448,19955.877373
12.0,318,19958.154381
14.0,418,19961.116829
7.0,356,19963.652796
3.0,223,19965.32353
3.0,224,19966.914084
2.0,181,19968.206775
2.0,180,19969.485547
28.0,644,19974.103433
26.0,428,19977.183131
4.0,303,19979.35733
16.0,581,19983.489846
8.0,372,19986.197262
6.0,343,19988.62132
4.0,352,19991.123427
11.0,780,19996.63391
7.0,340,19999.143916
13.0,352,20001.66118
14.0,876,20007.866818
21.0,512,20011.533171
14.0,381,20014.287724
25.0,415,20017.25372
10.0,344,20019.707936
12.0,470,20023.045559
3.0,210,20024.608065
8.0,383,20027.304396
4.0,528,20031.040993
3.0,695,20035.971042
9.0,437,20039.18171
6.0,525,20042.935422
7.0,649,20047.558796
7.0,357,20050.095819
8.0,277,20052.137331
10.0,1921,20065.712115
5.0,348,20068.192618
9.0,552,20072.189106
3.0,295,20074.386685
9.0,645,20078.970849
21.0,534,20082.754845
8.0,1016,20089.947161
12.0,585,20094.188691
3.0,223,20095.795354
21.0,390,20098.580992
17.0,432,20101.674111
10.0,331,20104.113657
11.0,629,20108.593517
21.0,399,20111.43875
17.0,824,20117.321873
8.0,975,20124.355602
12.0,644,20128.948624
20.0,660,20133.691168
25.0,1281,20142.847322
7.0,707,20147.959513
4.0,781,20153.559786
43.0,855,20159.693366
4.0,278,20161.689464
16.0,1395,20172.10956
8.0,270,20174.0305
16.0,434,20177.182987
6.0,334,20179.572324
8.0,457,20182.892992
25.0,416,20185.829019
12.0,420,20188.801323
8.0,861,20194.928035
9.0,324,20197.308464
29.0,560,20201.26429
19.0,618,20205.635379
6.0,360,20208.1994
9.0,504,20211.837878
5.0,292,20213.905844
23.0,1577,20225.131677
4.0,260,20226.978265
12.0,808,20232.74433
4.0,981,20239.685883
14.0,504,20243.259095
4.0,264,20245.138638
2.0,220,20246.769064
11.0,377,20249.464294
19.0,438,20252.64069
8.0,272,20254.56555
21.0,1386,20264.433123
11.0,402,20267.283131
16.0,745,20272.577703
10.0,426,20275.621437
17.0,1585,20286.947633
5.0,423,20289.954018
12.0,711,20295.017144
7.0,602,20299.346857
7.0,361,20301.98884
15.0,425,20304.998202
4.0,367,20307.618128
9.0,460,20310.909673
5.0,443,20314.169098
25.0,421,20317.166968
4.0,799,20322.838961
2.0,177,20324.085471
4.0,258,20325.995221
4.0,460,20329.267066
13.0,551,20333.185426
30.0,614,20337.563592
6.0,392,20340.474
16.0,618,20344.86134
8.0,269,20346.75211
5.0,339,20349.164087
3.0,228,20350.852026
5.0,311,20353.081697
2.0,177,20354.339857
9.0,319,20356.595789
3.0,234,20358.311525
8.0,418,20361.294233
15.0,1413,20371.35682
8.0,464,20374.624999
27.0,487,20378.163448
9.0,496,20381.67377
1.0,148,20382.717485
7.0,377,20385.398512
6.0,691,20390.377691
26.0,427,20393.442239
15.0,443,20396.575178
14.0,412,20399.496024
11.0,671,20404.333572
2.0,712,20409.417038
8.0,268,20411.324969
13.0,323,20413.629257
4.0,259,20415.538872
14.0,456,20418.797229
13.0,554,20422.744461
5.0,341,20425.177731
3.0,250,20427.053554
10.0,367,20429.676235
14.0,372,20432.378941
7.0,355,20434.891816
25.0,414,20437.938935
4.0,479,20441.348462
11.0,577,20445.466696
4.0,274,20447.418622
25.0,446,20450.661781
11.0,412,20453.626786
14.0,696,20458.607197
20.0,531,20462.403525
16.0,1069,20470.077596
3.0,514,20473.721862
3.0,210,20475.233515
13.0,333,20477.624134
16.0,556,20481.662511
24.0,515,20485.33828
8.0,270,20487.253517
11.0,761,20492.699914
4.0,296,20494.887264
3.0,225,20496.483892
3.0,230,20498.108364
20.0,664,20502.821724
5.0,539,20506.710147
6.0,582,20510.854741
30.0,460,20514.108025
8.0,458,20517.326679
13.0,726,20522.566458
7.0,366,20525.142095
7.0,389,20527.884131
18.0,501,20531.463428
22.0,2327,20548.02646
6.0,329,20550.384293
12.0,331,20552.778322
10.0,358,20555.298233
14.0,1110,20563.179068
4.0,257,20565.034815
1.0,150,20566.08961
20.0,3403,20590.201898
8.0,275,20592.224612
27.0,959,20598.994658
20.0,1504,20609.64154
17.0,472,20613.080293
2.0,179,20614.449707
18.0,456,20617.71604
20.0,789,20623.310533
10.0,330,20625.658994
18.0,408,20628.635656
10.0,361,20631.189778
10.0,359,20633.750708
3.0,323,20636.064298
15.0,609,20640.503793
3.0,246,20642.293003
6.0,439,20645.668044
11.0,440,20648.913724
7.0,380,20651.692626
17.0,997,20658.755869
5.0,293,20660.869657
14.0,1497,20671.74279
5.0,298,20673.909378
11.0,629,20678.783145
4.0,340,20681.177086
8.0,280,20683.144318
6.0,326,20685.498619
2.0,177,20686.74574
10.0,441,20689.86971
9.0,485,20693.283201
7.0,387,20696.085982
9.0,339,20698.454501
21.0,1310,20707.646046
8.0,380,20710.363675
9.0,366,20712.982581
26.0,1209,20721.495759
17.0,407,20724.332762
19.0,672,20729.057396
22.0,1252,20737.940644
2.0,195,20739.319883
14.0,760,20744.638675
21.0,2133,20759.56712
21.0,403,20762.483504
2.0,183,20763.790992
5.0,293,20765.819129
30.0,977,20772.638278
9.0,301,20774.845849
10.0,354,20777.319951
17.0,356,20779.831409
13.0,872,20785.955218
5.0,286,20788.060693
5.0,267,20789.929513
15.0,887,20796.221967
12.0,305,20798.368367
23.0,1024,20805.649585
5.0,288,20807.695883
9.0,937,20814.304472
2.0,181,20815.586243
6.0,1078,20823.255683
24.0,1469,20833.598473
25.0,1147,20841.708472
12.0,509,20845.326576
7.0,1232,20854.098012
10.0,359,20856.620288
29.0,565,20860.667201
25.0,1105,20868.446314
5.0,294,20870.583467
4.0,257,20872.402873
23.0,616,20876.759397
22.0,449,20879.926452
22.0,1491,20890.491863
21.0,444,20893.627603
8.0,377,20896.277379
3.0,1409,20906.242096
6.0,348,20908.761342
1.0,265,20910.598325
6.0,2178,20925.904885
5.0,314,20928.129491
5.0,267,20930.088304
5.0,265,20931.965057
10.0,346,20934.414526
24.0,3592,20959.793117
21.0,1328,20969.170414
16.0,856,20975.197424
5.0,389,20977.945034
8.0,389,20980.696805
15.0,559,20984.719022
16.0,579,20988.802373
11.0,523,20992.477277
12.0,301,20994.612883
21.0,966,21001.515556
22.0,477,21004.896012
3.0,264,21006.751094
9.0,845,21012.735491
15.0,360,21015.335039
18.0,533,21019.086705
3.0,208,21020.562667
4.0,403,21023.378863
6.0,1011,21030.585847
14.0,1109,21038.453062
3.0,223,21040.033248
4.0,359,21042.543122
28.0,1048,21049.974116
30.0,793,21055.585437
20.0,616,21059.902575
13.0,507,21063.482032
25.0,642,21068.084475
26.0,495,21071.565349
11.0,971,21078.400846
25.0,494,21081.965484
27.0,834,21087.879774
2.0,183,21089.179323
13.0,483,21092.623159
20.0,3143,21114.769022
30.0,730,21120.020761
21.0,400,21122.862538
29.0,609,21127.1667
9.0,293,21129.264201
1.0,149,21130.300317
6.0,373,21132.981877
23.0,1465,21143.345903
11.0,1669,21155.205043
9.0,577,21159.377108
4.0,243,21161.138819
2.0,237,21162.831251
21.0,388,21165.58607
4.0,259,21167.518396
8.0,895,21173.854414
26.0,1096,21181.620219
17.0,1575,21192.839839
26.0,448,21196.106975
12.0,989,21203.144293
4.0,278,21205.137272
2.0,179,21206.421822
8.0,271,21208.426603
5.0,266,21210.304477
5.0,289,21212.407175
22.0,888,21218.733401
8.0,322,21221.120877
15.0,1842,21234.134451
8.0,269,21236.079874
6.0,358,21238.690639
3.0,308,21240.978904
12.0,1278,21250.06939
1.0,175,21251.329704
14.0,922,21257.905113
14.0,571,21262.029669
21.0,436,21265.155096
24.0,608,21269.479232
13.0,581,21273.652951
23.0,1120,21281.760088
29.0,1249,21290.688136
28.0,540,21294.539081
4.0,276,21296.541779
12.0,444,21299.830096
18.0,393,21302.647246
10.0,1462,21313.050842
8.0,272,21314.966427
8.0,272,21316.982569
18.0,814,21322.779122
1.0,150,21323.860162
20.0,1489,21334.485171
9.0,323,21336.924437
5.0,294,21339.020518
14.0,410,21341.958763
6.0,377,21344.648718
5.0,315,21346.987198
14.0,401,21349.856956
7.0,366,21352.477404
25.0,446,21355.68011
8.0,270,21357.675902
4.0,524,21361.440621
6.0,327,21363.791263
3.0,502,21367.368051
21.0,428,21370.520515
1.0,152,21371.61954
25.0,416,21374.603109
29.0,504,21378.197301
1.0,149,21379.266034
18.0,682,21384.167888
6.0,311,21386.390815
6.0,1062,21393.945194
5.0,496,21397.528852
17.0,2434,21414.804568
22.0,508,21418.388912
6.0,359,21420.929577
17.0,899,21427.441565
9.0,560,21431.438046
17.0,403,21434.283413
1.0,150,21435.357691
4.0,244,21437.205261
8.0,272,21439.10515
2.0,198,21440.502511
17.0,1080,21448.079058
1.0,152,21449.154766
5.0,327,21451.536894
1.0,150,21452.626997
21.0,388,21455.354243
3.0,279,21457.385134
21.0,398,21460.224363
7.0,596,21464.425362
13.0,334,21466.748123
10.0,388,21469.54916
29.0,581,21473.656821
21.0,387,21476.394545
7.0,253,21478.211954
10.0,856,21484.341145
22.0,433,21487.420982
4.0,255,21489.238289
23.0,586,21493.35574
9.0,360,21495.997982
15.0,2022,21510.30778
21.0,771,21515.751151
15.0,422,21518.710522
15.0,444,21521.902125
28.0,674,21526.675528
8.0,269,21528.614091
26.0,774,21534.064037
6.0,346,21536.601444
12.0,303,21538.736769
9.0,436,21541.858471
15.0,560,21545.815339
21.0,698,21550.989649
3.0,213,21552.686826
20.0,342,21555.269371
22.0,1574,21566.482479
23.0,871,21572.778673
6.0,323,21575.067246
15.0,422,21578.027572
11.0,414,21580.974894
5.0,286,21583.068636
9.0,299,21585.204422
4.0,259,21587.061859
23.0,1005,21594.181537
8.0,272,21596.192087
21.0,539,21600.046575
22.0,1007,21607.18228
3.0,210,21608.686661
9.0,702,21613.702076
6.0,3113,21636.254436
1.0,150,21637.310467
8.0,281,21639.289655
20.0,1194,21647.776977
2.0,231,21649.415579
11.0,826,21655.218409
18.0,893,21661.556919
6.0,705,21666.60961
5.0,591,21670.764041
17.0,754,21676.084029
3.0,229,21677.716815
9.0,875,21683.972896
29.0,516,21687.592744
14.0,810,21693.310667
21.0,777,21698.826406
26.0,437,21701.968792
8.0,734,21707.111175
8.0,270,21709.041626
15.0,1601,21720.276917
1.0,251,21722.11431
9.0,615,21726.452046
19.0,1738,21738.693908
10.0,1995,21752.760083
19.0,573,21756.854109
2.0,237,21758.518069
4.0,243,21760.240935
11.0,609,21764.561724
9.0,461,21767.903947
9.0,322,21770.180281
24.0,1249,21778.967676
11.0,693,21783.865204
11.0,1065,21791.444228
21.0,399,21794.243454
6.0,320,21796.503782
9.0,356,21799.048122
1.0,264,21800.975808
8.0,271,21802.893783
14.0,2986,21824.016738
25.0,701,21828.960855
13.0,445,21832.174374
6.0,689,21837.06124
23.0,725,21842.221502
17.0,650,21846.8078
9.0,1727,21859.048847
10.0,368,21861.656506
5.0,297,21863.765774
17.0,769,21869.262791
10.0,355,21871.857265
3.0,487,21875.29152
4.0,420,21878.257534
8.0,402,21881.101972
6.0,370,21883.765147
15.0,1407,21893.650638
5.0,619,21898.034498
23.0,2049,21912.527648
17.0,339,21915.017841
15.0,1040,21922.328437
26.0,454,21925.525016
8.0,645,21930.019566
8.0,271,21932.050639
26.0,1266,21940.968365
8.0,279,21942.920398
26.0,1183,21951.267683
14.0,720,21956.407531
11.0,422,21959.356652
18.0,1115,21967.16375
2.0,179,21968.434602
8.0,580,21972.582059
27.0,1125,21980.600416
6.0,700,21985.55665
13.0,619,21989.980767
19.0,677,21994.873273
30.0,1147,22002.981558
3.0,273,22004.906387
8.0,404,22007.796008
13.0,614,22012.194438
3.0,224,22013.789184
17.0,682,22018.617846
23.0,1324,22027.993588
5.0,291,22030.1659
8.0,270,22032.079321
13.0,324,22034.399134
23.0,1183,22042.823243
9.0,352,22045.413727
3.0,212,22046.941962
7.0,394,22049.764936
13.0,384,22052.530694
8.0,791,22058.18933
25.0,1217,22066.81483
12.0,441,22069.961037
7.0,431,22073.050311
32.0,508,22076.771925
14.0,380,22079.492288
29.0,1075,22087.168139
5.0,290,22089.218615
21.0,592,22093.481117
14.0,399,22096.336318
5.0,293,22098.430527
18.0,1565,22109.55395
8.0,269,22111.635279
24.0,1307,22121.015867
10.0,1122,22129.070512
6.0,1282,22138.188486
17.0,490,22141.790713
32.0,845,22147.828807
21.0,1196,22156.365219
8.0,1351,22166.002937
18.0,353,22168.592852
25.0,476,22172.050587
10.0,382,22174.801872
5.0,273,22176.746416
12.0,466,22180.141269
6.0,340,22182.587969
21.0,565,22186.660212
9.0,402,22189.537062
8.0,1115,22197.570567
29.0,1024,22204.875791
16.0,479,22208.294017
2.0,177,22209.559111
18.0,2182,22225.177123
1.0,158,22226.325574
19.0,542,22230.197085
10.0,470,22233.62498
14.0,397,22236.538705
30.0,527,22240.320548
3.0,233,22241.988676
12.0,893,22248.416368
12.0,356,22251.074657
12.0,1473,22261.660255
9.0,1085,22269.462499
4.0,260,22271.301976
10.0,781,22276.970701
6.0,328,22279.325474
8.0,324,22281.631941
20.0,1357,22291.331234
6.0,380,22294.151597
28.0,691,22299.097463
5.0,301,22301.273295
26.0,457,22304.549201
9.0,318,22306.895994
2.0,197,22308.306648
12.0,467,22311.635307
16.0,1139,22319.723412
13.0,589,22323.977178
13.0,522,22327.671326
11.0,798,22333.300451
22.0,736,22338.525282
16.0,958,22345.383752
26.0,1400,22355.402871
8.0,820,22361.218334
20.0,777,22366.721761
15.0,428,22369.854482
2.0,246,22371.598125
26.0,458,22374.844969
16.0,1024,22382.07807
4.0,319,22384.405087
8.0,269,22386.316508
31.0,549,22390.218976
12.0,370,22392.872621
24.0,516,22396.621162
5.0,290,22398.689044
13.0,829,22404.57916
8.0,423,22407.5809
9.0,886,22414.007144
12.0,304,22416.179285
13.0,337,22418.555987
21.0,459,22421.826766
11.0,920,22428.410275
21.0,413,22431.338257
14.0,1199,22439.817483
13.0,508,22443.472609
4.0,254,22445.327838
6.0,374,22447.975908
15.0,1000,22455.052185
8.0,269,22457.021323
6.0,317,22459.507551
22.0,516,22463.260933
21.0,1001,22470.283105
25.0,506,22473.901473
13.0,435,22477.39987
8.0,269,22479.309903
12.0,306,22481.454832
3.0,290,22483.504709
13.0,1068,22491.100832
24.0,581,22495.200154
16.0,440,22498.31854
8.0,374,22500.986054
21.0,517,22504.70643
25.0,412,22507.611521
9.0,313,22509.811573
23.0,1425,22519.88844
28.0,742,22525.192574
24.0,862,22531.263608
19.0,1346,22540.728421
10.0,1248,22549.49029
8.0,276,22551.521344
8.0,405,22554.381951
7.0,499,22557.905391
15.0,419,22560.893846
19.0,372,22563.582135
8.0,467,22566.853352
