#{"t_start": 1764082744.140772, "env_id": "ALE/Breakout-v5"}
r,l,t
0.0,135,0.557389
0.0,132,0.64766
3.0,242,0.812549
0.0,135,0.904283
3.0,255,1.087126
0.0,126,1.184278
1.0,152,1.322634
2.0,228,1.483607
2.0,207,1.627592
1.0,179,1.747274
0.0,129,1.834878
2.0,214,1.987678
0.0,128,2.099851
4.0,285,2.288417
1.0,157,2.395853
2.0,218,2.540953
0.0,135,2.649753
2.0,201,2.822294
3.0,272,3.001747
1.0,192,3.129873
1.0,181,3.254365
2.0,204,3.416462
0.0,123,3.528612
2.0,215,3.676205
5.0,357,3.911441
0.0,129,4.000233
4.0,276,4.222085
0.0,129,4.318656
2.0,221,4.467805
1.0,177,4.587078
4.0,304,4.795478
0.0,132,4.909729
3.0,230,5.073836
1.0,176,5.192455
1.0,158,5.298619
0.0,129,5.387573
0.0,129,5.482541
0.0,137,5.606105
0.0,130,5.71879
1.0,160,5.833256
3.0,235,6.002472
4.0,285,6.187104
4.0,278,6.419467
1.0,184,6.552921
0.0,135,6.648907
5.0,298,6.842381
2.0,212,6.994155
0.0,127,7.111325
0.0,128,7.21107
3.0,272,7.393216
3.0,224,7.544305
2.0,197,7.675129
3.0,234,7.878561
2.0,201,8.01911
1.0,177,8.14015
0.0,128,8.22956
2.0,202,8.371287
0.0,135,8.481688
0.0,132,8.598364
0.0,132,8.694246
0.0,133,8.79038
2.0,202,8.926525
0.0,122,9.010546
2.0,201,9.143013
1.0,151,9.278714
2.0,204,9.434674
1.0,148,9.535996
2.0,212,9.675998
1.0,185,9.803893
2.0,212,9.967262
1.0,189,10.120673
0.0,134,10.210808
0.0,130,10.304259
1.0,166,10.415606
3.0,229,10.56495
0.0,134,10.675638
3.0,245,10.859565
1.0,151,10.963401
1.0,168,11.077956
1.0,182,11.198837
5.0,358,11.474516
2.0,184,11.610004
2.0,202,11.744456
2.0,199,11.877943
0.0,133,11.971739
2.0,207,12.130737
1.0,177,12.272103
2.0,199,12.403507
2.0,191,12.538789
1.0,186,12.664965
0.0,140,12.764488
1.0,154,12.900629
0.0,130,13.003491
0.0,135,13.095701
2.0,226,13.243116
0.0,121,13.324444
4.0,312,13.550045
0.0,122,13.646297
3.0,277,13.833412
4.0,278,14.018226
1.0,180,14.144477
2.0,229,14.329546
1.0,179,14.464278
2.0,226,14.614535
0.0,132,14.709937
1.0,160,14.816421
3.0,243,15.000319
3.0,262,15.198878
1.0,164,15.309544
0.0,129,15.396172
4.0,281,15.577685
0.0,128,15.683369
1.0,159,15.825617
3.0,275,16.008675
0.0,125,16.094967
2.0,204,16.231539
1.0,157,16.339839
0.0,128,16.45347
0.0,130,16.558661
0.0,142,16.654382
2.0,211,16.798215
2.0,213,16.937261
2.0,185,17.062375
1.0,175,17.212593
2.0,198,17.354417
2.0,221,17.499417
1.0,158,17.605155
1.0,175,17.722281
1.0,175,17.867766
0.0,124,17.976791
1.0,169,18.089844
0.0,133,18.180656
2.0,220,18.330485
0.0,126,18.415081
2.0,229,18.590413
0.0,131,18.706718
1.0,165,18.822012
1.0,182,18.946209
1.0,153,19.052336
1.0,170,19.167331
0.0,129,19.267594
3.0,246,19.470518
0.0,133,19.560204
1.0,160,19.667582
6.0,360,19.910786
3.0,245,20.113198
2.0,190,20.250011
0.0,132,20.341475
1.0,174,20.462445
0.0,134,20.554767
4.0,285,20.756633
2.0,232,20.932924
3.0,262,21.107907
0.0,126,21.192591
3.0,218,21.336632
2.0,205,21.502216
0.0,146,21.615173
1.0,161,21.734371
1.0,173,21.873703
2.0,202,22.019032
3.0,240,22.196479
1.0,178,22.352315
4.0,259,22.528574
2.0,223,22.679563
0.0,150,22.800576
2.0,222,22.967296
0.0,158,23.105651
1.0,154,23.211205
3.0,230,23.369601
3.0,253,23.559687
0.0,130,23.656046
2.0,204,23.836342
0.0,122,23.925118
2.0,206,24.06038
1.0,185,24.181967
0.0,122,24.265564
2.0,205,24.418973
1.0,175,24.572944
2.0,208,24.709208
1.0,157,24.81303
2.0,226,24.966875
1.0,167,25.077165
5.0,335,25.341892
0.0,126,25.428175
0.0,132,25.52019
2.0,198,25.651483
0.0,144,25.747858
0.0,151,25.868425
0.0,145,25.990811
2.0,215,26.1362
4.0,280,26.323319
2.0,203,26.456535
1.0,173,26.597092
3.0,236,26.776823
1.0,159,26.884778
0.0,129,26.972256
0.0,133,27.068723
1.0,160,27.178477
0.0,133,27.283439
1.0,149,27.417781
1.0,161,27.53264
2.0,202,27.66386
1.0,176,27.781721
2.0,202,27.912895
3.0,255,28.133006
0.0,123,28.223277
2.0,207,28.35938
1.0,179,28.47863
1.0,162,28.589345
2.0,195,28.733403
2.0,184,28.890438
1.0,178,29.013721
1.0,191,29.142587
0.0,133,29.231098
0.0,130,29.319576
2.0,225,29.492588
5.0,317,29.726861
2.0,226,29.87824
2.0,198,30.008691
2.0,223,30.170165
1.0,171,30.301989
2.0,200,30.438196
2.0,192,30.569153
2.0,200,30.703482
2.0,232,30.872565
1.0,169,31.023685
2.0,227,31.175812
1.0,173,31.29238
2.0,189,31.421536
3.0,266,31.614222
2.0,206,31.78091
0.0,135,31.870871
2.0,196,32.005559
0.0,131,32.094714
1.0,163,32.202604
1.0,183,32.346449
1.0,195,32.503112
0.0,125,32.588387
0.0,120,32.669263
2.0,215,32.810112
1.0,167,32.927998
2.0,232,33.113124
1.0,163,33.239798
0.0,130,33.327397
2.0,205,33.468628
0.0,127,33.589923
0.0,124,33.695391
0.0,148,33.832053
4.0,309,34.108529
1.0,183,34.26378
2.0,209,34.432344
4.0,280,34.658085
1.0,178,34.830546
1.0,156,34.95466
2.0,222,35.100273
3.0,255,35.265136
1.0,155,35.373612
2.0,201,35.548458
2.0,221,35.704206
1.0,151,35.805881
1.0,175,35.925296
2.0,197,36.056808
2.0,197,36.217769
0.0,127,36.327369
0.0,140,36.423901
0.0,137,36.515528
0.0,128,36.604246
1.0,201,36.738925
2.0,199,37.258881
3.0,249,38.832753
1.0,182,39.936284
2.0,200,41.135989
0.0,128,41.917796
0.0,121,42.703313
1.0,159,43.692942
0.0,148,44.602481
2.0,220,45.969122
0.0,155,46.89014
2.0,208,48.135052
2.0,179,49.261959
0.0,127,50.010911
3.0,244,51.502163
1.0,180,52.570424
0.0,122,53.291703
1.0,156,54.239786
0.0,135,55.091862
0.0,136,55.903833
1.0,177,56.947145
1.0,195,58.140255
1.0,167,59.156141
3.0,266,60.691252
1.0,155,61.614936
1.0,161,62.559054
2.0,226,63.975676
2.0,201,65.142591
2.0,229,66.491646
5.0,333,68.507339
2.0,223,69.836257
2.0,196,71.008606
0.0,129,71.799521
3.0,230,73.195071
3.0,242,74.660197
0.0,135,75.44149
5.0,345,77.499308
2.0,199,78.71238
0.0,136,79.547944
0.0,127,80.302526
3.0,276,81.958742
3.0,245,83.464947
0.0,126,84.244763
1.0,163,85.235247
3.0,248,86.714414
3.0,258,88.285395
1.0,191,89.456016
1.0,181,90.535273
2.0,203,91.762102
1.0,172,92.814914
2.0,204,94.053537
2.0,213,95.320409
2.0,234,96.703054
1.0,149,97.586334
0.0,126,98.373618
3.0,289,100.166987
1.0,161,101.119281
0.0,131,101.902707
3.0,263,103.484059
0.0,134,104.286305
3.0,247,105.802806
0.0,134,106.601276
1.0,156,107.553176
1.0,175,108.600658
1.0,161,109.548848
3.0,268,111.181947
0.0,124,111.91272
4.0,308,113.732265
2.0,220,115.031372
2.0,216,116.378605
3.0,293,118.126989
1.0,162,119.099375
1.0,187,120.216027
1.0,167,121.200518
1.0,174,122.310496
1.0,197,123.482997
1.0,164,124.436858
3.0,268,126.079497
1.0,166,127.09426
1.0,171,128.103164
1.0,179,129.160584
1.0,158,130.100324
1.0,158,131.064755
1.0,168,132.084639
4.0,281,133.734779
2.0,202,134.992581
0.0,129,135.758356
0.0,150,136.64665
3.0,239,138.088413
0.0,142,138.941792
0.0,139,139.801504
2.0,188,140.899543
2.0,229,142.260588
2.0,209,143.539349
0.0,127,144.297306
1.0,168,145.290847
0.0,129,146.04251
2.0,195,147.266454
3.0,213,148.498715
2.0,191,149.631659
0.0,137,150.442515
2.0,216,151.762415
1.0,162,152.73152
0.0,133,153.50672
1.0,177,154.532083
1.0,187,155.636868
2.0,202,156.841012
2.0,210,158.097122
2.0,205,159.298975
2.0,205,160.541556
1.0,186,161.621056
1.0,158,162.557662
3.0,265,164.154186
2.0,195,165.342309
0.0,130,166.125364
0.0,127,166.881203
2.0,211,168.129949
1.0,173,169.16988
4.0,284,170.878646
2.0,202,172.10251
1.0,154,173.029527
1.0,176,174.090026
1.0,156,175.063504
3.0,217,176.346388
4.0,262,177.902822
1.0,193,179.079753
1.0,155,179.998143
2.0,212,181.235543
1.0,165,182.222086
3.0,246,183.722027
0.0,130,184.507937
2.0,204,185.710545
3.0,231,187.052136
1.0,186,188.229946
1.0,177,189.283273
1.0,170,190.304008
2.0,204,191.504287
4.0,296,193.335156
1.0,152,194.246629
4.0,343,196.257169
3.0,227,197.588192
2.0,196,198.789814
3.0,254,200.310395
0.0,126,201.062479
2.0,191,202.219432
0.0,122,202.946722
4.0,309,204.860177
0.0,130,205.631664
3.0,258,207.15765
1.0,153,208.064852
0.0,131,208.888344
3.0,230,210.25508
3.0,253,211.741947
1.0,168,212.738819
1.0,179,213.846544
2.0,235,215.251173
1.0,155,216.205379
4.0,335,218.204686
0.0,155,219.137926
1.0,153,220.063845
1.0,189,221.191072
3.0,254,222.717859
3.0,239,224.133327
1.0,164,225.120105
2.0,221,226.430728
2.0,204,227.673684
1.0,159,228.617247
3.0,247,230.101562
2.0,202,231.275206
2.0,206,232.555125
2.0,215,233.82156
1.0,182,234.93541
5.0,305,236.721912
1.0,171,237.734346
0.0,133,238.564083
1.0,180,239.63568
1.0,155,240.581832
5.0,327,242.533489
1.0,159,243.45824
0.0,131,244.248542
1.0,150,245.170523
0.0,126,245.910221
0.0,149,246.822334
3.0,277,248.464115
2.0,206,249.73616
1.0,168,250.850401
3.0,245,252.40381
0.0,127,253.154939
2.0,201,254.326703
2.0,227,255.739175
1.0,172,256.772313
2.0,207,258.012501
1.0,164,258.988637
0.0,138,259.80442
2.0,222,261.231932
2.0,202,262.45483
0.0,140,263.294004
2.0,212,264.607591
2.0,202,265.839852
4.0,280,267.518315
2.0,204,268.739264
2.0,198,269.971712
3.0,235,271.386533
3.0,250,272.876276
2.0,197,274.059789
2.0,232,275.480667
0.0,136,276.316514
1.0,178,277.381443
2.0,209,278.656257
2.0,206,279.932284
0.0,127,280.69462
2.0,212,281.949866
4.0,303,283.763961
1.0,172,284.799857
1.0,169,285.854208
1.0,181,286.936189
1.0,160,287.881359
0.0,145,288.742469
1.0,184,289.880203
0.0,168,290.865905
0.0,158,291.846313
0.0,122,292.577129
2.0,227,293.976103
9.0,492,296.931363
1.0,153,297.844321
2.0,205,299.120701
0.0,123,299.85026
3.0,244,301.322305
2.0,208,302.550224
0.0,145,303.438643
2.0,205,304.698087
1.0,176,305.759031
3.0,255,307.316223
2.0,201,308.577274
2.0,204,309.772115
6.0,367,312.002796
1.0,173,313.036924
0.0,131,313.8423
4.0,328,315.80784
5.0,299,317.560696
3.0,230,318.947504
4.0,328,320.949571
0.0,137,321.805133
2.0,211,323.108409
1.0,176,324.164307
3.0,239,325.649505
1.0,177,326.697688
0.0,127,327.488815
3.0,241,328.923155
2.0,194,330.095175
5.0,304,331.93518
2.0,194,333.119337
1.0,170,334.139114
2.0,199,335.382577
5.0,311,337.280007
2.0,241,338.728575
2.0,201,339.934111
3.0,259,341.535404
3.0,270,343.167154
3.0,267,344.747225
0.0,130,345.533411
2.0,201,346.778933
0.0,130,347.586755
3.0,251,349.070809
1.0,204,350.287743
2.0,212,351.595245
2.0,227,353.026575
1.0,150,353.952482
6.0,367,356.172953
3.0,263,357.811046
4.0,270,359.391659
2.0,197,360.550215
2.0,209,361.789018
3.0,243,363.324933
2.0,186,364.420086
4.0,314,366.305621
4.0,304,368.128398
0.0,127,368.915107
2.0,180,370.061833
1.0,151,370.967817
4.0,262,372.536827
4.0,257,374.10445
1.0,158,375.071625
1.0,151,375.961167
2.0,184,377.046566
3.0,227,378.4606
2.0,198,379.683948
2.0,199,380.870298
4.0,259,382.453833
2.0,197,383.690894
2.0,198,384.905396
2.0,199,386.112598
0.0,129,386.891677
2.0,221,388.237435
1.0,150,389.15629
4.0,319,391.058671
3.0,226,392.422192
3.0,231,393.864818
1.0,171,394.894748
2.0,198,396.093991
2.0,198,397.241179
2.0,196,398.442156
4.0,316,400.360525
2.0,188,401.488719
1.0,150,402.380719
3.0,246,403.893012
2.0,201,405.104175
4.0,275,406.726444
4.0,272,408.357949
3.0,252,409.908631
0.0,124,410.674461
2.0,218,411.992184
2.0,199,413.203872
3.0,266,414.878783
3.0,250,416.404773
5.0,312,418.267291
4.0,265,419.866943
3.0,236,421.349028
2.0,189,422.485523
4.0,289,424.210494
6.0,359,426.361109
2.0,196,427.601871
2.0,195,428.798157
3.0,243,430.292455
4.0,273,431.926438
1.0,159,432.884739
4.0,299,434.73224
5.0,306,436.571463
7.0,373,438.794102
2.0,195,439.990935
2.0,185,441.134338
4.0,294,442.955375
4.0,258,444.498343
2.0,185,445.659203
6.0,370,447.898136
3.0,245,449.381843
3.0,225,450.73574
4.0,258,452.374411
2.0,216,453.67679
4.0,259,455.236726
4.0,290,456.977293
4.0,274,458.693503
5.0,347,460.755512
2.0,197,461.924714
6.0,369,464.128955
4.0,277,465.884355
3.0,244,467.352392
5.0,294,469.145967
1.0,166,470.148654
3.0,223,471.569286
1.0,152,472.500337
6.0,367,474.68583
5.0,304,476.529193
3.0,221,477.915366
3.0,249,479.397954
3.0,215,480.679705
2.0,211,481.947069
4.0,300,483.842157
0.0,121,484.56286
2.0,198,485.733532
2.0,195,486.909191
3.0,225,488.331239
0.0,123,489.08706
6.0,363,491.252121
4.0,291,493.003752
3.0,225,494.411663
2.0,212,495.682095
2.0,197,496.857481
4.0,265,498.44163
0.0,121,499.239643
3.0,228,500.671299
5.0,324,502.676003
4.0,304,504.520222
2.0,201,505.793611
5.0,324,507.754586
4.0,270,509.378934
0.0,127,510.139218
3.0,215,511.506766
3.0,244,512.979921
3.0,235,514.419499
3.0,241,515.878143
7.0,415,518.435084
2.0,228,519.799353
4.0,279,521.501966
5.0,313,523.399308
5.0,296,525.252907
5.0,305,527.097225
1.0,150,527.996392
5.0,302,529.843123
3.0,219,531.261369
3.0,244,532.73934
0.0,126,533.50123
3.0,211,534.801709
4.0,292,536.71016
2.0,222,538.049924
3.0,226,539.442787
5.0,290,541.198446
3.0,247,542.750009
3.0,213,544.041071
3.0,225,545.401977
3.0,235,546.812171
3.0,243,548.408973
5.0,325,550.366994
5.0,316,552.272716
3.0,246,553.790664
3.0,223,555.21711
5.0,285,556.919324
3.0,228,558.308949
2.0,179,559.381832
5.0,308,561.322889
4.0,262,562.93962
3.0,231,564.344744
3.0,210,565.603082
3.0,220,567.018502
1.0,152,567.948727
4.0,255,569.479818
4.0,279,571.146004
3.0,224,572.569798
5.0,304,574.420183
3.0,225,575.77576
5.0,319,577.695778
2.0,200,578.987929
7.0,368,581.232449
8.0,286,582.960984
4.0,250,584.482175
3.0,244,586.042211
3.0,213,587.328585
2.0,186,588.462224
3.0,209,589.706015
8.0,442,592.431748
7.0,243,593.882382
2.0,195,595.090753
3.0,213,596.365226
3.0,249,597.973527
4.0,266,599.602443
1.0,151,600.533533
4.0,257,602.092511
2.0,216,603.477504
3.0,245,604.964195
4.0,272,606.620073
4.0,262,608.20577
5.0,298,610.073402
2.0,185,611.207689
5.0,292,612.95779
2.0,182,614.104337
5.0,325,616.136705
2.0,180,617.235654
2.0,198,618.456975
4.0,263,620.043818
2.0,197,621.317948
4.0,265,622.988893
3.0,228,624.393803
3.0,210,625.679569
3.0,228,627.1264
3.0,211,628.408935
4.0,283,630.130572
4.0,262,631.721117
2.0,178,632.821696
7.0,390,635.212834
3.0,210,636.518503
3.0,211,637.809335
3.0,262,639.464625
4.0,259,641.03323
2.0,179,642.132289
8.0,280,643.813242
2.0,179,644.890359
6.0,351,647.06338
2.0,195,648.241091
2.0,179,649.339955
4.0,278,651.06982
2.0,181,652.162489
6.0,356,654.384533
2.0,182,655.495024
1.0,148,656.423373
3.0,211,657.771147
8.0,459,660.541427
6.0,320,662.50579
4.0,259,664.149713
2.0,181,665.254722
3.0,213,666.56617
5.0,301,668.400064
6.0,326,670.462303
2.0,180,671.560009
7.0,362,673.784069
2.0,180,674.885108
3.0,213,676.250796
2.0,196,677.44798
4.0,261,679.033586
3.0,211,680.326035
8.0,421,683.0067
2.0,195,684.208359
5.0,291,685.98938
7.0,355,688.182303
4.0,257,689.812775
4.0,258,691.385879
4.0,274,693.076336
7.0,244,694.53523
4.0,259,696.186224
3.0,226,697.557202
2.0,196,698.757678
3.0,211,700.062592
5.0,323,702.10925
3.0,211,703.400294
5.0,293,705.231465
3.0,210,706.519254
4.0,255,708.151911
2.0,183,709.290112
4.0,262,710.887891
3.0,212,712.190066
6.0,342,714.384482
5.0,310,716.269565
9.0,354,718.43655
8.0,451,721.143099
8.0,417,723.808418
4.0,259,725.361837
3.0,212,726.664374
5.0,320,728.624856
11.0,295,730.511
3.0,215,731.810695
3.0,210,733.077919
4.0,260,734.677009
7.0,372,737.025204
3.0,223,738.440524
4.0,262,740.057185
4.0,263,741.637511
1.0,148,742.601102
5.0,310,744.57985
4.0,261,746.172998
6.0,341,748.272298
7.0,373,750.639731
4.0,296,752.468012
11.0,393,754.850218
7.0,248,756.353348
3.0,211,757.69654
4.0,255,759.237623
3.0,213,760.554815
9.0,352,762.707042
9.0,349,764.899693
6.0,341,766.951813
7.0,246,768.494828
6.0,325,770.495283
3.0,215,771.908653
2.0,179,773.01091
5.0,312,774.929047
11.0,432,777.584748
3.0,227,779.055489
3.0,226,780.462615
3.0,235,781.88339
3.0,211,783.178525
13.0,519,786.451984
5.0,288,788.231651
3.0,212,789.549549
6.0,311,791.449194
4.0,256,793.169007
3.0,226,794.607602
3.0,210,796.052085
2.0,181,797.322328
8.0,440,800.268526
4.0,274,801.98802
2.0,180,803.117644
3.0,210,804.427689
4.0,256,806.071774
7.0,245,807.59571
6.0,343,809.715481
5.0,329,811.72351
3.0,216,813.114124
5.0,293,814.923203
5.0,305,816.819162
5.0,324,818.820287
3.0,246,820.377669
1.0,148,821.297071
5.0,293,823.117074
2.0,179,824.235798
7.0,355,826.491317
3.0,247,828.013572
5.0,319,829.946775
4.0,279,831.672698
7.0,354,833.947966
1.0,150,834.861223
3.0,247,836.379506
6.0,339,838.479657
11.0,268,840.216995
4.0,258,841.815726
4.0,250,843.368521
6.0,363,845.623189
8.0,416,848.2917
14.0,386,850.678128
5.0,292,852.482385
2.0,179,853.608774
2.0,196,854.886209
6.0,335,856.964607
3.0,210,858.281727
3.0,210,859.574066
4.0,273,861.350451
5.0,294,863.218408
5.0,285,864.997702
6.0,354,867.185231
4.0,277,868.95185
3.0,226,870.381407
8.0,417,872.939575
5.0,311,874.870613
6.0,321,876.927617
3.0,230,878.33412
6.0,324,880.372346
9.0,318,882.338311
7.0,351,884.59242
6.0,343,886.702552
7.0,244,888.219158
5.0,295,890.064357
3.0,223,891.522637
7.0,364,893.811188
5.0,321,895.80969
9.0,463,898.652277
8.0,408,901.276555
7.0,357,903.862191
4.0,259,905.750629
11.0,267,907.424399
3.0,211,908.809034
7.0,375,911.147105
4.0,259,912.833572
6.0,340,914.969196
6.0,375,917.36219
8.0,396,919.805434
3.0,211,921.097614
8.0,443,923.882294
7.0,387,926.364496
6.0,367,928.633537
11.0,545,932.038079
11.0,410,934.55776
7.0,357,936.878036
6.0,320,938.890049
4.0,259,940.493872
4.0,277,942.235208
11.0,378,944.653016
9.0,411,947.243287
4.0,259,948.850935
7.0,362,951.107363
4.0,241,952.679066
3.0,244,954.206869
2.0,180,955.350911
4.0,259,956.960931
6.0,325,959.04202
6.0,354,961.309856
3.0,208,962.610081
6.0,360,964.840258
6.0,345,967.045824
12.0,438,969.814129
3.0,207,971.100653
4.0,259,972.747422
8.0,421,975.465842
8.0,437,978.21718
5.0,292,980.050443
3.0,207,981.360461
8.0,423,984.139803
6.0,341,986.262412
4.0,272,987.956533
5.0,316,989.924586
4.0,260,991.608221
5.0,296,993.445735
8.0,295,995.306857
4.0,277,997.032559
7.0,345,999.277632
7.0,244,1000.810484
13.0,635,1004.808525
5.0,318,1006.81743
11.0,507,1010.108267
3.0,228,1011.558583
10.0,497,1014.692053
5.0,290,1016.471128
3.0,271,1018.253909
3.0,225,1019.672069
7.0,407,1022.235933
2.0,179,1023.361815
9.0,363,1025.74764
4.0,253,1027.356726
7.0,371,1029.701145
13.0,488,1032.747302
6.0,319,1034.822875
3.0,210,1036.15368
8.0,415,1038.774991
8.0,404,1041.302577
9.0,491,1044.485189
7.0,379,1046.881464
6.0,371,1049.224534
5.0,318,1051.198077
3.0,228,1052.706488
2.0,181,1053.878959
5.0,309,1055.815597
13.0,458,1058.707082
1.0,151,1059.662483
7.0,355,1061.967983
12.0,322,1063.979879
7.0,402,1066.528327
6.0,330,1068.686402
5.0,299,1070.597485
6.0,336,1072.737461
4.0,241,1074.235793
4.0,260,1075.975457
4.0,258,1077.623471
3.0,210,1078.920799
7.0,356,1081.140821
12.0,391,1083.678154
4.0,257,1085.283149
8.0,293,1087.148618
10.0,489,1090.205629
8.0,402,1092.796566
4.0,259,1094.434892
5.0,312,1096.416638
9.0,485,1099.478148
3.0,244,1101.107262
6.0,331,1103.292792
7.0,374,1105.690037
4.0,261,1107.358795
4.0,297,1109.306202
9.0,309,1111.256981
8.0,449,1114.163762
7.0,357,1116.447362
4.0,254,1118.142595
2.0,179,1119.298358
12.0,330,1121.408955
8.0,274,1123.149528
5.0,288,1125.074139
6.0,341,1127.274183
9.0,355,1129.5776
5.0,331,1131.701793
10.0,347,1134.013804
3.0,245,1135.578519
5.0,308,1137.549613
16.0,567,1141.212447
3.0,229,1142.752013
4.0,242,1144.30038
9.0,439,1147.128783
10.0,505,1150.3787
4.0,263,1152.151708
7.0,415,1154.810214
6.0,360,1157.111141
9.0,513,1160.39476
4.0,257,1162.14688
4.0,284,1163.969649
5.0,311,1165.968472
10.0,515,1169.500309
5.0,293,1171.407568
5.0,300,1173.312994
15.0,676,1177.669546
3.0,225,1179.10119
4.0,273,1180.932734
2.0,215,1182.283266
3.0,225,1183.750026
3.0,208,1185.071258
7.0,370,1187.50004
4.0,257,1189.133027
8.0,421,1191.832975
5.0,308,1193.816268
15.0,578,1197.575969
8.0,402,1200.132819
6.0,339,1202.299697
11.0,555,1205.887906
10.0,493,1209.133128
8.0,381,1211.64886
6.0,329,1213.798447
11.0,417,1216.519089
10.0,464,1219.704607
9.0,457,1222.872541
17.0,514,1226.281947
7.0,357,1228.576039
7.0,360,1230.969573
6.0,398,1233.546967
3.0,211,1234.89679
10.0,456,1237.82514
17.0,644,1242.031531
7.0,424,1244.776597
5.0,276,1246.548116
10.0,509,1249.835853
9.0,454,1252.81463
6.0,381,1255.287471
5.0,325,1257.398153
5.0,308,1259.398054
7.0,387,1261.964209
9.0,456,1264.937725
5.0,287,1266.797668
6.0,323,1268.94087
4.0,267,1270.764918
4.0,241,1272.364667
3.0,227,1273.847298
3.0,211,1275.213943
7.0,373,1277.747417
6.0,323,1279.831544
6.0,347,1282.115253
8.0,294,1284.04717
7.0,355,1286.436217
6.0,414,1289.148
5.0,292,1291.046846
5.0,305,1293.046767
6.0,338,1295.336529
2.0,196,1296.613863
5.0,294,1298.537188
7.0,369,1300.946485
5.0,298,1302.995914
1.0,149,1303.982651
6.0,334,1306.179157
5.0,341,1308.416995
7.0,355,1310.819773
5.0,293,1312.729654
4.0,241,1314.312822
11.0,547,1317.925674
2.0,179,1319.173145
4.0,258,1320.862914
8.0,401,1323.49835
5.0,336,1325.725111
7.0,249,1327.429358
4.0,242,1329.012349
6.0,340,1331.229213
4.0,246,1332.850655
8.0,398,1335.535804
8.0,418,1338.295591
6.0,358,1340.651948
8.0,423,1343.478601
4.0,259,1345.278584
8.0,462,1348.34564
10.0,327,1350.512562
5.0,293,1352.44791
6.0,372,1354.966688
11.0,511,1358.378579
9.0,469,1361.466648
12.0,598,1365.460866
6.0,357,1367.878338
10.0,475,1371.061236
5.0,302,1373.061615
4.0,261,1374.777827
4.0,259,1376.595287
2.0,181,1377.794526
7.0,361,1380.245304
8.0,468,1383.360841
9.0,455,1386.444527
6.0,329,1388.669704
3.0,210,1390.060525
8.0,404,1392.760494
5.0,321,1395.018739
6.0,326,1397.177205
6.0,342,1399.461601
15.0,684,1404.093625
5.0,311,1406.261662
7.0,369,1408.727247
2.0,180,1409.939241
10.0,476,1413.143287
15.0,586,1417.209939
5.0,346,1419.526815
4.0,261,1421.326416
4.0,297,1423.328911
3.0,210,1424.8132
3.0,210,1426.259811
3.0,228,1427.79303
8.0,401,1430.510123
10.0,505,1434.009552
9.0,332,1436.266596
8.0,408,1439.009221
4.0,260,1440.793285
4.0,242,1442.532676
3.0,211,1443.97591
13.0,397,1446.64257
14.0,529,1450.242291
8.0,477,1453.492144
9.0,447,1456.526622
4.0,258,1458.275448
13.0,426,1461.125492
10.0,474,1464.482038
7.0,399,1467.265304
7.0,244,1468.981536
4.0,275,1470.898406
5.0,287,1473.02251
3.0,225,1474.591799
4.0,257,1476.384062
5.0,295,1478.479344
7.0,349,1481.014252
4.0,276,1482.95812
4.0,260,1484.791281
5.0,305,1486.955828
9.0,473,1490.34119
5.0,291,1492.391033
5.0,313,1494.581319
9.0,455,1497.740941
5.0,327,1500.074668
12.0,433,1503.090885
6.0,353,1505.540605
6.0,324,1507.80677
8.0,334,1510.190504
8.0,414,1513.096774
8.0,408,1515.990597
5.0,306,1518.123853
7.0,245,1519.93871
5.0,290,1522.115767
13.0,340,1524.563437
1.0,149,1525.630103
7.0,243,1527.387456
5.0,306,1529.51285
3.0,211,1531.064401
9.0,436,1534.556945
10.0,359,1537.150631
4.0,257,1538.933909
8.0,402,1541.759552
8.0,277,1543.66413
6.0,321,1545.934829
9.0,454,1549.159036
17.0,469,1552.381601
4.0,260,1554.205955
8.0,463,1557.474642
8.0,415,1560.33586
8.0,377,1562.907621
11.0,480,1566.21907
3.0,210,1567.734191
12.0,583,1571.749888
13.0,574,1575.769602
5.0,304,1577.857994
6.0,331,1580.198562
4.0,256,1581.974945
15.0,544,1585.704391
9.0,340,1588.075792
4.0,255,1589.947356
8.0,402,1592.756288
3.0,211,1594.207067
7.0,375,1596.782346
4.0,275,1598.772957
3.0,228,1600.363936
9.0,467,1603.612779
5.0,320,1605.837276
7.0,243,1607.579557
8.0,276,1609.498728
7.0,376,1612.125559
6.0,312,1614.303703
7.0,243,1616.076216
3.0,211,1617.520128
2.0,196,1618.895613
4.0,274,1620.801863
6.0,493,1624.322231
10.0,475,1627.605829
7.0,377,1630.266409
4.0,259,1632.059809
6.0,295,1634.191345
8.0,423,1637.178494
9.0,420,1640.110239
8.0,469,1643.410765
7.0,355,1645.958604
7.0,356,1648.435123
6.0,344,1650.84049
9.0,427,1653.795494
19.0,435,1656.955173
4.0,314,1659.249212
9.0,324,1661.536615
9.0,323,1663.79645
8.0,290,1665.898804
9.0,466,1669.20195
12.0,421,1672.196374
10.0,348,1674.674961
6.0,356,1677.255837
9.0,414,1680.150506
13.0,651,1684.700322
7.0,291,1686.746004
6.0,354,1689.308097
8.0,398,1692.109309
3.0,212,1693.610983
17.0,611,1697.907809
4.0,241,1699.666138
11.0,644,1704.543806
12.0,504,1708.379102
5.0,291,1710.655649
10.0,480,1714.113115
13.0,1042,1721.47707
11.0,421,1724.431342
10.0,432,1727.463145
5.0,302,1729.709322
7.0,358,1732.638676
5.0,288,1734.682493
3.0,210,1736.187853
7.0,373,1738.931119
17.0,610,1743.252874
8.0,404,1746.142284
13.0,511,1749.734165
6.0,332,1752.193042
17.0,636,1756.691186
15.0,614,1761.052198
11.0,506,1764.665317
13.0,473,1768.130563
16.0,455,1771.351542
3.0,211,1772.867576
7.0,389,1775.619975
4.0,257,1777.507012
4.0,276,1779.473129
7.0,356,1782.004897
6.0,341,1784.403764
21.0,467,1787.799055
7.0,359,1790.347931
7.0,348,1792.837073
9.0,436,1795.941111
11.0,402,1798.868387
14.0,613,1803.210392
9.0,483,1806.672791
22.0,665,1811.411031
16.0,469,1814.815279
8.0,420,1817.794599
8.0,407,1820.693856
8.0,404,1823.596605
5.0,358,1826.231266
19.0,755,1831.592217
3.0,229,1833.223415
12.0,568,1837.262022
6.0,360,1839.897253
24.0,484,1843.36927
11.0,491,1846.825158
8.0,355,1849.353184
9.0,460,1852.723892
7.0,243,1854.455571
13.0,496,1857.97501
11.0,550,1861.875711
12.0,436,1865.064148
5.0,330,1867.418221
4.0,261,1869.284735
11.0,443,1872.429024
4.0,245,1874.229847
3.0,225,1875.827278
20.0,543,1879.654354
9.0,503,1883.296011
6.0,347,1885.828129
10.0,555,1889.747374
15.0,392,1892.538157
6.0,352,1895.047956
9.0,305,1897.313182
7.0,394,1900.085356
8.0,415,1903.04754
14.0,529,1906.812135
4.0,257,1908.70707
8.0,518,1912.398779
5.0,288,1914.46828
18.0,668,1919.21685
10.0,328,1921.620218
9.0,458,1924.857918
9.0,456,1928.105479
21.0,794,1933.790649
4.0,260,1935.716143
5.0,309,1937.906077
4.0,242,1939.62475
13.0,553,1943.594248
17.0,581,1947.780158
12.0,591,1951.987831
11.0,544,1955.869174
12.0,557,1959.858496
9.0,424,1962.957198
23.0,568,1966.993091
11.0,493,1970.502605
27.0,840,1976.530514
9.0,449,1979.816431
8.0,403,1982.659312
13.0,490,1986.155047
7.0,356,1988.708329
4.0,245,1990.53843
9.0,419,1993.552892
13.0,584,1997.760741
6.0,327,2000.129086
17.0,750,2005.609371
4.0,268,2007.516998
19.0,557,2011.472643
11.0,539,2015.34507
24.0,476,2018.822584
17.0,1061,2026.369659
3.0,247,2028.130428
10.0,544,2031.995331
19.0,577,2036.174537
13.0,473,2039.577454
10.0,393,2042.409405
16.0,689,2047.34133
18.0,611,2051.820198
5.0,327,2054.159312
9.0,346,2056.628932
18.0,529,2060.395023
18.0,669,2065.330855
8.0,449,2068.541891
11.0,537,2072.408764
9.0,323,2074.782236
11.0,492,2078.380171
6.0,342,2080.796493
8.0,380,2083.519316
9.0,446,2086.731632
10.0,357,2089.361764
13.0,479,2092.795791
11.0,385,2095.548956
28.0,493,2099.066292
10.0,485,2102.615249
14.0,619,2107.035692
20.0,427,2110.110825
21.0,513,2113.753233
9.0,433,2116.928181
20.0,994,2124.057813
10.0,461,2127.337646
15.0,548,2131.266593
11.0,352,2133.872323
11.0,534,2137.701769
13.0,486,2141.185025
23.0,700,2146.232025
18.0,659,2151.012645
7.0,355,2153.578991
14.0,655,2158.285521
12.0,478,2161.684914
17.0,537,2165.5746
12.0,555,2169.544407
15.0,569,2173.61998
7.0,391,2176.41519
16.0,579,2180.636929
15.0,501,2184.247367
15.0,900,2190.652516
10.0,547,2194.576425
19.0,607,2198.972543
8.0,415,2201.913695
11.0,523,2205.657495
18.0,541,2209.479111
10.0,537,2213.373838
16.0,474,2216.735352
9.0,445,2219.901432
9.0,419,2222.888983
22.0,663,2227.73796
20.0,758,2233.128578
8.0,416,2236.113673
18.0,630,2240.633634
9.0,465,2244.06853
11.0,562,2248.119227
17.0,343,2250.566258
19.0,678,2255.435771
25.0,761,2260.935292
23.0,730,2266.180359
13.0,601,2270.498758
18.0,537,2274.433735
12.0,571,2278.670095
17.0,526,2282.416731
17.0,353,2284.965247
7.0,392,2287.756272
15.0,461,2291.137392
12.0,786,2296.761112
14.0,378,2299.463635
16.0,638,2304.053182
11.0,533,2307.961766
8.0,404,2310.844975
12.0,471,2314.190681
15.0,549,2318.152128
15.0,439,2321.362837
8.0,441,2324.543477
10.0,595,2328.790941
10.0,867,2335.026164
13.0,489,2338.596955
16.0,594,2342.878572
24.0,845,2348.946521
21.0,767,2354.475932
12.0,557,2358.546658
15.0,525,2362.364981
16.0,661,2367.163068
20.0,646,2371.824289
8.0,534,2375.753631
20.0,1894,2389.33049
10.0,499,2392.966461
18.0,646,2397.631868
13.0,539,2401.592289
5.0,271,2403.551523
24.0,639,2408.17435
4.0,294,2410.291863
8.0,729,2415.633214
9.0,427,2418.729039
3.0,211,2420.259545
18.0,589,2424.536438
10.0,371,2427.279733
11.0,423,2430.322708
15.0,522,2434.024071
25.0,580,2438.15829
17.0,472,2441.587952
12.0,443,2444.785305
13.0,353,2447.307655
16.0,607,2451.666487
10.0,457,2455.024992
7.0,368,2457.670248
9.0,427,2460.742851
14.0,484,2464.201976
4.0,256,2466.110597
8.0,410,2469.086712
18.0,417,2472.069638
4.0,243,2473.803154
4.0,274,2475.863458
6.0,343,2478.330389
20.0,451,2481.538318
23.0,458,2484.870986
11.0,552,2488.876974
21.0,627,2493.403415
16.0,560,2497.456026
15.0,381,2500.211192
19.0,692,2505.261696
10.0,643,2509.861867
12.0,545,2513.784947
8.0,452,2517.014174
25.0,693,2522.063146
8.0,372,2524.711322
16.0,586,2528.910341
17.0,476,2532.313716
11.0,382,2535.129499
11.0,399,2537.992422
16.0,672,2542.819501
12.0,527,2546.602244
16.0,596,2550.960854
12.0,431,2554.027779
13.0,458,2557.296079
9.0,439,2560.482682
10.0,449,2563.78243
12.0,382,2566.515751
11.0,423,2569.551844
9.0,440,2572.729257
20.0,648,2577.424352
9.0,434,2580.562338
12.0,451,2583.763387
12.0,452,2587.01317
12.0,375,2589.794528
13.0,637,2594.347172
9.0,343,2596.815104
20.0,634,2601.386373
15.0,415,2604.477052
15.0,524,2608.24769
11.0,537,2612.487846
4.0,258,2614.529861
19.0,641,2619.225041
7.0,406,2622.137639
19.0,403,2625.042713
9.0,492,2628.57304
9.0,446,2631.845962
16.0,372,2634.489557
6.0,338,2636.90823
16.0,454,2640.126513
23.0,519,2643.888939
4.0,242,2645.590755
10.0,389,2648.379727
11.0,492,2651.858181
14.0,494,2655.441429
16.0,623,2659.902637
16.0,492,2663.450013
17.0,668,2668.184393
22.0,575,2672.323264
21.0,654,2676.990146
13.0,493,2680.548859
20.0,348,2683.034713
25.0,609,2687.483637
10.0,481,2690.903182
11.0,488,2694.401497
11.0,528,2698.182108
10.0,503,2701.857309
23.0,564,2705.890975
13.0,588,2710.082083
16.0,662,2714.773572
19.0,529,2718.650203
19.0,696,2723.643178
21.0,754,2729.439948
17.0,643,2734.057225
9.0,324,2736.440446
19.0,544,2740.305331
10.0,462,2743.583487
12.0,433,2746.646632
12.0,512,2750.366359
12.0,611,2754.728059
23.0,696,2759.675148
15.0,524,2763.400169
12.0,522,2767.184527
16.0,438,2770.318744
8.0,424,2773.34619
16.0,566,2777.394927
11.0,422,2780.443831
19.0,534,2784.301189
9.0,457,2787.545146
24.0,646,2792.168273
13.0,602,2796.504454
11.0,418,2799.493033
11.0,500,2803.072263
20.0,477,2806.493075
12.0,459,2809.835063
10.0,458,2813.149591
18.0,649,2817.766845
11.0,393,2820.555475
9.0,436,2823.73541
12.0,421,2826.76103
14.0,503,2830.343894
26.0,1608,2841.751363
10.0,477,2845.271159
7.0,363,2847.85304
5.0,325,2850.207104
19.0,414,2853.169452
13.0,682,2858.126071
15.0,615,2862.471888
18.0,465,2865.811788
8.0,294,2867.890078
12.0,500,2871.561558
8.0,418,2874.552033
13.0,566,2878.597664
18.0,622,2883.059106
12.0,420,2886.143569
15.0,530,2889.915122
10.0,649,2894.513473
24.0,607,2898.8589
10.0,350,2901.467997
16.0,570,2905.564051
20.0,574,2909.660058
12.0,463,2912.949585
12.0,467,2916.377452
9.0,457,2919.671225
16.0,685,2924.608133
27.0,656,2929.362622
21.0,606,2933.749655
19.0,415,2936.723505
19.0,631,2941.211245
15.0,634,2945.704427
2.0,178,2947.06552
18.0,714,2952.186404
18.0,569,2956.256567
8.0,407,2959.181428
18.0,504,2962.893105
4.0,257,2964.721793
7.0,401,2967.629713
14.0,488,2971.119118
19.0,440,2974.32566
14.0,587,2978.492108
17.0,370,2981.141416
17.0,620,2985.526852
8.0,436,2988.723812
22.0,731,2993.965744
25.0,638,2998.512002
17.0,461,3001.796749
9.0,440,3005.015204
12.0,426,3008.028166
9.0,474,3011.4838
21.0,652,3016.150281
14.0,545,3020.114437
14.0,527,3023.883346
15.0,391,3026.6721
14.0,483,3030.142537
9.0,440,3033.327816
1.0,149,3034.405071
16.0,446,3037.620443
13.0,475,3041.004692
2.0,196,3042.457594
19.0,408,3045.37708
17.0,507,3048.973531
18.0,711,3054.05655
12.0,296,3056.243401
16.0,585,3060.422833
13.0,460,3063.713725
21.0,572,3067.794163
14.0,375,3070.568421
21.0,360,3073.135567
17.0,535,3076.915436
13.0,418,3079.890807
9.0,462,3083.363455
14.0,534,3087.177146
25.0,672,3091.981504
17.0,628,3096.47183
17.0,480,3099.960793
13.0,456,3103.191086
8.0,392,3105.994674
22.0,584,3110.151406
7.0,357,3112.791533
9.0,415,3115.789306
13.0,467,3119.144401
14.0,509,3122.75545
12.0,414,3125.775161
9.0,447,3128.941166
14.0,376,3131.579998
8.0,405,3134.491166
4.0,243,3136.268907
12.0,437,3139.393666
13.0,617,3143.819872
15.0,540,3147.688835
4.0,258,3149.600315
18.0,641,3154.187884
16.0,391,3156.974821
9.0,452,3160.216629
12.0,320,3162.587721
16.0,571,3166.675565
14.0,492,3170.203718
17.0,656,3174.898104
10.0,354,3177.496662
8.0,417,3180.485308
14.0,544,3184.371383
28.0,686,3189.255258
9.0,420,3192.336771
8.0,426,3195.411527
27.0,781,3200.925714
6.0,391,3203.758241
8.0,391,3206.619254
14.0,379,3209.309988
17.0,606,3213.647972
15.0,533,3217.442672
9.0,417,3220.453129
12.0,422,3223.474074
17.0,605,3227.772478
16.0,644,3232.382058
17.0,644,3237.073336
18.0,623,3241.538473
13.0,479,3244.969983
12.0,298,3247.085678
5.0,324,3249.511796
12.0,297,3251.620418
17.0,448,3254.839511
12.0,424,3257.828705
10.0,480,3261.340661
12.0,569,3265.495865
5.0,306,3267.703879
15.0,523,3271.464149
17.0,602,3275.88589
17.0,514,3279.62771
11.0,511,3283.299682
14.0,374,3285.996209
14.0,517,3289.780777
5.0,341,3292.268839
17.0,512,3295.943348
21.0,561,3299.966534
1.0,149,3301.038687
8.0,407,3304.012106
4.0,243,3305.748565
7.0,361,3308.293075
7.0,359,3310.960132
12.0,551,3314.892688
12.0,468,3318.284507
17.0,535,3322.103298
8.0,389,3324.950042
16.0,597,3329.250302
11.0,493,3332.790376
13.0,621,3337.244764
7.0,369,3339.946026
18.0,574,3344.060144
18.0,632,3348.581546
18.0,445,3351.736893
10.0,498,3355.396288
2.0,179,3356.662639
14.0,375,3359.3434
4.0,243,3361.062896
3.0,228,3362.761975
22.0,537,3366.632979
7.0,375,3369.337106
6.0,324,3371.670376
12.0,391,3374.569476
10.0,356,3377.123747
4.0,276,3379.089004
15.0,504,3382.725155
1.0,150,3383.816006
8.0,400,3386.738095
8.0,395,3389.602343
14.0,585,3393.774638
14.0,493,3397.362241
7.0,401,3400.240891
15.0,594,3404.449471
13.0,528,3408.206969
15.0,542,3412.167881
24.0,598,3416.405224
32.0,496,3419.937018
15.0,556,3423.871656
26.0,684,3428.84081
22.0,387,3431.61557
16.0,753,3436.982638
11.0,468,3440.327275
18.0,455,3443.676025
10.0,338,3446.048493
14.0,350,3448.53698
16.0,706,3453.549996
11.0,539,3457.453437
12.0,454,3460.691252
14.0,634,3465.183022
13.0,482,3468.583165
12.0,589,3472.927732
10.0,484,3476.37809
4.0,249,3478.142934
17.0,590,3482.362934
17.0,456,3485.677333
16.0,644,3490.299988
9.0,456,3493.548705
17.0,470,3496.897899
22.0,597,3501.174332
17.0,619,3505.644247
17.0,449,3508.816711
28.0,595,3513.04891
20.0,738,3518.566309
22.0,776,3524.508242
10.0,491,3528.02288
11.0,541,3531.923046
21.0,575,3536.087286
23.0,548,3540.019355
17.0,472,3543.399822
8.0,379,3546.124107
28.0,639,3550.771405
18.0,608,3555.117673
9.0,473,3558.519801
13.0,466,3561.928379
17.0,476,3565.440767
6.0,334,3567.828473
23.0,707,3572.941029
18.0,518,3576.644446
15.0,416,3579.720996
8.0,436,3582.838869
14.0,365,3585.460397
10.0,333,3587.849752
14.0,473,3591.314378
10.0,371,3594.435311
12.0,441,3597.598448
13.0,444,3600.775647
17.0,439,3604.0002
16.0,563,3608.018388
10.0,329,3610.378976
9.0,463,3613.669729
6.0,325,3616.056793
17.0,487,3619.530261
13.0,349,3622.05117
7.0,432,3625.134076
15.0,624,3629.646616
13.0,623,3634.089576
15.0,402,3636.954604
10.0,376,3639.648535
18.0,649,3644.334198
13.0,600,3648.546572
18.0,546,3652.444942
7.0,392,3655.251505
8.0,392,3658.095809
11.0,566,3662.10925
15.0,542,3665.942423
11.0,496,3669.494691
4.0,256,3671.389686
13.0,454,3674.619288
14.0,463,3677.887783
6.0,355,3680.418612
6.0,354,3683.054503
5.0,293,3685.163647
12.0,403,3688.005416
13.0,329,3690.351249
14.0,808,3696.20937
16.0,485,3699.677965
13.0,456,3702.928186
9.0,579,3707.06598
10.0,489,3710.586413
16.0,390,3713.341713
7.0,343,3715.788205
6.0,320,3718.066308
9.0,453,3721.348182
13.0,477,3724.792067
8.0,439,3727.931952
5.0,291,3730.016415
7.0,367,3732.69859
10.0,484,3736.151041
8.0,388,3738.910809
9.0,469,3742.258703
12.0,316,3744.578245
6.0,359,3747.140719
15.0,671,3751.918131
7.0,369,3754.533531
12.0,578,3758.774008
11.0,397,3761.642109
22.0,632,3766.135452
19.0,454,3769.367582
12.0,439,3772.566444
12.0,579,3776.692757
15.0,602,3780.956057
16.0,462,3784.244747
13.0,329,3786.65795
15.0,560,3790.639202
7.0,243,3792.36584
9.0,438,3795.460838
14.0,378,3798.23456
12.0,438,3801.331111
9.0,472,3804.719776
17.0,636,3809.263212
10.0,467,3812.665623
13.0,599,3816.931258
8.0,397,3819.723013
4.0,245,3821.465167
23.0,752,3826.894655
27.0,525,3830.652241
13.0,449,3833.846696
8.0,276,3835.809094
19.0,711,3840.91564
13.0,475,3844.298756
10.0,402,3847.174293
7.0,650,3851.789582
16.0,422,3854.943635
7.0,352,3857.458506
15.0,1576,3868.71378
8.0,409,3871.626755
25.0,640,3876.296375
21.0,369,3878.909249
9.0,414,3881.883712
11.0,406,3884.774852
7.0,369,3887.466704
8.0,437,3890.588174
20.0,692,3895.53201
18.0,497,3899.058331
22.0,633,3903.614409
9.0,437,3906.712538
17.0,602,3911.020377
11.0,537,3914.840015
12.0,424,3917.917272
24.0,536,3921.757626
25.0,533,3925.612811
20.0,575,3929.70227
21.0,647,3934.377128
8.0,444,3937.539313
14.0,507,3941.165725
13.0,343,3943.592381
13.0,573,3947.7827
25.0,708,3952.808772
17.0,452,3956.116262
15.0,559,3960.06162
7.0,384,3962.849841
23.0,582,3967.007777
20.0,539,3970.849909
14.0,525,3974.582035
19.0,734,3979.864513
6.0,326,3982.214062
10.0,374,3984.870055
17.0,1668,3996.700993
25.0,590,4000.96009
13.0,540,4004.77401
24.0,628,4009.211428
16.0,523,4012.940338
15.0,428,4016.077957
14.0,521,4019.77805
17.0,494,4023.261713
12.0,454,4026.468664
14.0,377,4029.20625
11.0,490,4032.701732
8.0,429,4035.757119
9.0,459,4039.068367
14.0,581,4043.278011
18.0,583,4047.382753
12.0,437,4050.451476
10.0,501,4054.012703
13.0,441,4057.178053
19.0,571,4061.248354
2.0,197,4062.63068
11.0,440,4065.764803
4.0,242,4067.573647
20.0,571,4071.695709
25.0,717,4076.831465
15.0,494,4080.311043
11.0,477,4083.777218
1.0,148,4084.838112
9.0,441,4088.139071
11.0,426,4091.180713
11.0,379,4093.975939
20.0,616,4098.369826
10.0,490,4101.870068
13.0,513,4105.504056
20.0,605,4109.849975
10.0,482,4113.301423
16.0,650,4117.929231
21.0,613,4122.27589
14.0,353,4124.874448
11.0,438,4127.974503
13.0,427,4131.014924
11.0,388,4133.784817
23.0,470,4137.20012
10.0,519,4140.92219
10.0,507,4144.564551
18.0,558,4148.514443
18.0,499,4152.170226
15.0,396,4155.013743
13.0,915,4161.567113
16.0,418,4164.595949
13.0,603,4169.009922
13.0,486,4172.551252
18.0,419,4175.522952
7.0,296,4177.651794
18.0,394,4180.550181
6.0,342,4182.987836
17.0,481,4186.436732
16.0,662,4191.17093
7.0,394,4194.068689
8.0,454,4197.29726
15.0,420,4200.279501
10.0,497,4203.808374
9.0,347,4206.361614
12.0,434,4209.482791
5.0,328,4211.833307
24.0,503,4215.425642
13.0,604,4219.81432
10.0,447,4223.055626
17.0,482,4226.523843
22.0,675,4231.328157
13.0,439,4234.575292
17.0,585,4238.756948
21.0,368,4241.390489
4.0,239,4243.111195
18.0,560,4247.163338
17.0,521,4250.853875
19.0,683,4255.751927
14.0,1105,4263.584688
14.0,540,4267.538779
20.0,783,4273.096453
20.0,617,4277.497831
16.0,522,4281.248206
7.0,346,4283.825031
11.0,403,4286.681245
18.0,509,4290.31131
7.0,387,4293.071238
19.0,536,4296.934393
22.0,440,4300.091308
12.0,280,4302.091475
12.0,784,4307.676788
3.0,226,4309.366494
16.0,577,4313.439522
10.0,499,4317.093731
14.0,515,4320.740533
7.0,353,4323.369621
9.0,323,4325.657531
9.0,438,4328.809588
23.0,424,4331.830795
18.0,633,4336.403474
15.0,406,4339.266207
16.0,380,4342.006193
11.0,425,4345.009235
8.0,278,4347.073054
9.0,342,4349.529403
17.0,586,4353.716677
19.0,410,4356.631543
14.0,504,4360.289581
14.0,521,4364.014027
15.0,517,4367.705333
16.0,501,4371.341112
14.0,612,4375.796515
13.0,347,4378.251445
4.0,258,4380.124362
5.0,271,4382.060308
9.0,297,4384.247866
5.0,311,4386.489985
12.0,490,4390.008864
4.0,254,4391.837495
4.0,261,4393.784839
6.0,393,4396.574115
23.0,606,4400.885592
10.0,452,4404.115947
14.0,398,4406.999433
9.0,308,4409.185171
20.0,578,4413.3112
17.0,621,4417.735559
26.0,658,4422.505454
10.0,458,4425.896426
13.0,447,4429.391092
8.0,277,4431.371496
10.0,392,4434.244436
5.0,269,4436.188114
3.0,229,4437.816003
8.0,391,4440.606433
13.0,590,4444.903568
14.0,517,4448.628527
20.0,457,4451.903135
9.0,308,4454.116025
15.0,428,4457.272875
15.0,422,4460.559075
9.0,346,4463.317566
5.0,329,4465.684942
15.0,408,4468.715447
7.0,395,4471.53909
30.0,680,4476.409111
10.0,472,4479.7764
6.0,340,4482.257962
12.0,426,4485.320243
19.0,419,4488.294952
18.0,408,4491.186312
19.0,545,4495.138456
8.0,410,4498.057391
7.0,355,4500.591856
8.0,275,4502.545599
12.0,575,4506.716086
17.0,404,4509.621678
8.0,405,4512.547382
21.0,614,4516.93099
14.0,361,4519.567507
11.0,423,4522.619622
27.0,710,4527.669665
6.0,353,4530.188229
4.0,264,4532.134015
13.0,451,4535.362189
19.0,435,4538.442504
9.0,343,4540.889017
17.0,499,4544.518812
8.0,390,4547.27032
5.0,288,4549.345411
20.0,624,4553.775241
9.0,501,4557.430558
2.0,179,4558.690092
11.0,413,4561.652384
18.0,359,4564.209354
16.0,567,4568.325589
11.0,515,4572.01773
18.0,525,4575.745432
14.0,500,4579.324555
9.0,326,4581.71904
4.0,261,4583.605408
23.0,449,4586.785192
12.0,422,4589.785296
6.0,372,4592.512398
10.0,331,4594.879509
16.0,471,4598.254703
5.0,293,4600.33699
4.0,254,4602.247628
20.0,493,4605.776955
9.0,451,4608.995907
8.0,375,4611.692006
19.0,520,4615.518588
10.0,490,4618.998441
12.0,692,4623.894058
8.0,425,4626.913187
5.0,274,4628.956578
15.0,566,4633.002994
14.0,504,4636.587684
23.0,574,4640.670844
12.0,550,4644.700606
18.0,545,4648.622848
13.0,448,4651.793969
15.0,523,4655.514158
15.0,492,4659.063833
18.0,499,4662.623368
12.0,439,4665.753197
30.0,573,4669.817244
9.0,324,4672.242321
11.0,386,4675.008196
21.0,541,4678.85021
14.0,548,4682.768225
9.0,458,4686.085485
11.0,445,4689.269802
14.0,516,4692.94664
27.0,634,4697.447881
24.0,811,4703.347315
14.0,617,4707.76839
9.0,485,4711.236895
12.0,419,4714.239358
12.0,441,4717.424268
14.0,395,4720.212653
7.0,339,4722.627907
16.0,1266,4731.648369
22.0,725,4736.917399
13.0,468,4740.248431
13.0,566,4744.275492
17.0,634,4748.802972
15.0,396,4751.697526
14.0,525,4755.425629
11.0,362,4758.009778
22.0,790,4763.707687
14.0,502,4767.367879
12.0,429,4770.439988
17.0,493,4773.9563
12.0,315,4776.199028
7.0,384,4778.999411
11.0,550,4782.922305
19.0,645,4787.531674
18.0,645,4792.138923
16.0,583,4796.362845
14.0,377,4799.063692
15.0,415,4802.00155
17.0,574,4806.004184
14.0,571,4810.153396
11.0,392,4812.949906
14.0,545,4816.805358
6.0,337,4819.197752
15.0,525,4823.057471
18.0,388,4825.86652
14.0,377,4828.589218
7.0,393,4831.365248
11.0,402,4834.265261
10.0,481,4837.675489
9.0,428,4840.735502
7.0,373,4843.374714
14.0,367,4846.068193
15.0,396,4848.890791
16.0,442,4852.035277
17.0,506,4855.655582
5.0,322,4858.030919
10.0,465,4861.318401
18.0,630,4865.817984
11.0,388,4868.588672
6.0,326,4870.976077
16.0,480,4874.377474
13.0,329,4876.733109
14.0,637,4881.238354
10.0,470,4884.660969
20.0,496,4888.175127
23.0,612,4892.519907
18.0,527,4896.281692
15.0,409,4899.233736
18.0,623,4903.659381
12.0,549,4907.563253
23.0,615,4911.931918
16.0,552,4915.926809
26.0,797,4921.577461
19.0,578,4925.710714
9.0,304,4927.880162
12.0,522,4931.662124
17.0,517,4935.3715
13.0,510,4939.045338
14.0,495,4942.577957
7.0,386,4945.394667
12.0,557,4949.391959
11.0,513,4953.023013
10.0,393,4955.801034
13.0,358,4958.453567
18.0,522,4962.1728
25.0,531,4965.957321
8.0,387,4968.708545
13.0,368,4971.451453
10.0,378,4974.149714
14.0,478,4977.574584
10.0,481,4980.98867
15.0,665,4985.788589
23.0,665,4990.524672
21.0,448,4993.731111
25.0,642,4998.29796
11.0,534,5002.209196
20.0,437,5005.338971
7.0,406,5008.240167
14.0,370,5010.884654
10.0,462,5014.217933
11.0,421,5017.214009
15.0,511,5020.863628
20.0,474,5024.247312
12.0,420,5027.331953
13.0,444,5030.525203
12.0,298,5032.647294
17.0,460,5035.937743
25.0,762,5041.443075
14.0,643,5046.029268
13.0,553,5049.987524
14.0,642,5054.592855
22.0,626,5059.130144
15.0,436,5062.285129
8.0,390,5065.086903
13.0,347,5067.583479
17.0,596,5071.927382
12.0,531,5075.768738
17.0,429,5078.832966
8.0,452,5082.075107
24.0,620,5086.561254
15.0,542,5090.450915
7.0,406,5093.337679
15.0,414,5096.281478
18.0,506,5099.986577
9.0,327,5102.333338
7.0,356,5104.896354
11.0,420,5107.920785
23.0,611,5112.337222
15.0,434,5115.46418
11.0,505,5119.082839
13.0,327,5121.450943
15.0,444,5124.765668
17.0,561,5128.8395
7.0,553,5132.824981
19.0,652,5137.555143
18.0,788,5143.300078
8.0,291,5145.413373
14.0,506,5149.127821
9.0,469,5152.473972
15.0,400,5155.381207
12.0,478,5158.790184
20.0,521,5162.519651
16.0,600,5166.819776
10.0,507,5170.512793
8.0,276,5172.490034
13.0,469,5175.815051
12.0,405,5178.715722
18.0,610,5183.211611
21.0,566,5187.311469
13.0,555,5191.28561
7.0,381,5194.02472
11.0,525,5197.838237
14.0,484,5201.298422
15.0,525,5205.030717
8.0,413,5208.013844
15.0,402,5210.955056
12.0,427,5214.056714
17.0,382,5216.808389
14.0,544,5220.708711
11.0,501,5224.36793
7.0,365,5226.968057
16.0,592,5231.186672
12.0,423,5234.223022
15.0,401,5237.177287
12.0,532,5240.998825
20.0,741,5246.344488
24.0,597,5250.58534
20.0,459,5253.941753
25.0,637,5258.478702
18.0,597,5262.772593
19.0,530,5266.583061
11.0,522,5270.391439
13.0,517,5274.140725
11.0,426,5277.189222
14.0,522,5280.908654
13.0,489,5284.447738
9.0,455,5287.700095
24.0,504,5291.321463
10.0,484,5294.775613
12.0,459,5298.138664
8.0,412,5301.080131
19.0,691,5306.007898
13.0,613,5310.414192
13.0,551,5314.37731
18.0,520,5318.077856
9.0,415,5321.21038
12.0,544,5325.039127
15.0,561,5329.074978
11.0,500,5332.743667
15.0,544,5336.937666
13.0,460,5340.234875
17.0,640,5344.841351
20.0,575,5348.935227
24.0,537,5352.741871
23.0,439,5355.873852
27.0,461,5359.233831
21.0,503,5362.859158
17.0,591,5367.054952
15.0,654,5371.661674
15.0,409,5374.669164
10.0,396,5377.497122
18.0,493,5381.007277
19.0,642,5385.587468
21.0,508,5389.249749
17.0,461,5392.552196
11.0,475,5395.910915
18.0,512,5399.558227
14.0,475,5403.057056
21.0,594,5407.310432
20.0,607,5411.613472
19.0,586,5415.811747
14.0,526,5419.628968
21.0,521,5423.397341
23.0,612,5427.769284
22.0,544,5431.634097
6.0,318,5433.961555
35.0,594,5438.227811
25.0,659,5442.90721
27.0,677,5447.785405
19.0,414,5450.790933
11.0,422,5454.255269
25.0,679,5459.062207
16.0,420,5462.089203
19.0,522,5465.87307
25.0,663,5470.593007
13.0,615,5474.932089
6.0,376,5477.596992
18.0,682,5482.544494
14.0,366,5485.146147
15.0,589,5489.330794
20.0,637,5493.826293
20.0,468,5497.198978
19.0,580,5501.311944
11.0,403,5504.170389
15.0,428,5507.189981
15.0,429,5510.287102
8.0,425,5513.298918
8.0,418,5516.26337
19.0,580,5520.384212
23.0,722,5525.551334
12.0,439,5528.702617
21.0,803,5534.418898
17.0,584,5538.562435
21.0,418,5541.614143
12.0,460,5544.893815
9.0,425,5547.895947
24.0,640,5552.374059
10.0,352,5554.936168
22.0,670,5559.68452
6.0,326,5561.983864
9.0,411,5564.921126
11.0,417,5567.945621
19.0,526,5571.698497
9.0,418,5574.635577
12.0,519,5578.335053
14.0,398,5581.221776
12.0,422,5584.173211
8.0,395,5586.965899
7.0,353,5589.468135
17.0,482,5592.979293
8.0,387,5595.714774
25.0,640,5600.254728
20.0,518,5603.958608
12.0,422,5607.006096
9.0,304,5609.156293
18.0,422,5612.157127
19.0,573,5616.19628
14.0,379,5618.947866
14.0,602,5623.183647
26.0,822,5629.002277
18.0,701,5633.924323
12.0,513,5637.592627
17.0,529,5641.337971
17.0,712,5646.339428
14.0,491,5649.750016
9.0,454,5653.051593
20.0,423,5656.089539
15.0,546,5659.949303
24.0,640,5664.483732
17.0,528,5668.272883
13.0,451,5671.454314
4.0,258,5673.257332
12.0,437,5676.366279
19.0,391,5679.191347
17.0,441,5682.301431
9.0,975,5689.143595
20.0,569,5693.164327
16.0,582,5697.348321
7.0,366,5699.926138
17.0,473,5703.247663
17.0,484,5706.648276
9.0,441,5709.846057
25.0,522,5713.555234
17.0,615,5717.877778
8.0,423,5720.888538
23.0,611,5725.306556
9.0,424,5728.307549
18.0,653,5732.919549
16.0,494,5736.447073
8.0,431,5739.564681
12.0,538,5743.360283
13.0,471,5746.686919
21.0,472,5750.022554
8.0,415,5753.026491
11.0,386,5755.766012
24.0,610,5760.073503
21.0,602,5764.30595
10.0,394,5767.169708
14.0,416,5770.137427
23.0,553,5774.079868
16.0,460,5777.31873
18.0,476,5780.743786
7.0,384,5783.491483
14.0,546,5787.332678
9.0,441,5790.437551
16.0,450,5793.687249
15.0,616,5798.0169
20.0,739,5803.289957
14.0,474,5806.61998
17.0,3829,5833.745193
12.0,534,5837.51605
18.0,531,5841.305886
15.0,551,5845.253625
11.0,519,5849.005805
4.0,272,5850.960217
17.0,503,5854.513983
15.0,501,5858.037781
13.0,365,5860.708578
5.0,305,5862.859536
12.0,439,5865.947384
14.0,547,5869.828139
20.0,473,5873.273908
17.0,599,5877.553766
19.0,552,5881.490355
11.0,403,5884.361333
28.0,720,5889.53852
5.0,281,5891.515484
18.0,641,5896.063256
12.0,414,5898.995485
10.0,489,5902.539771
22.0,538,5906.368133
18.0,660,5911.019661
22.0,721,5916.093059
19.0,583,5920.278208
19.0,434,5923.345209
5.0,285,5925.350395
17.0,490,5928.850989
13.0,474,5932.319437
12.0,475,5935.672903
24.0,656,5940.356157
6.0,338,5942.769175
10.0,485,5946.24264
17.0,473,5949.596519
11.0,559,5953.569155
24.0,576,5957.606867
9.0,468,5960.967724
6.0,355,5963.52125
18.0,643,5968.022506
25.0,562,5972.008711
5.0,293,5974.144544
18.0,565,5978.127173
23.0,559,5982.099846
12.0,505,5985.666951
18.0,495,5989.250347
12.0,568,5993.274801
24.0,487,5996.752603
11.0,508,6000.334926
7.0,373,6003.028185
15.0,576,6007.089469
15.0,556,6011.061392
9.0,307,6013.242213
15.0,514,6017.003561
17.0,427,6020.047446
17.0,559,6024.082944
3.0,226,6025.693843
5.0,323,6028.067851
12.0,573,6032.152964
18.0,500,6035.743206
22.0,648,6040.363717
15.0,534,6044.248505
15.0,419,6047.257518
15.0,396,6050.059736
6.0,336,6052.453818
9.0,307,6054.700107
22.0,537,6058.533359
9.0,319,6060.775376
19.0,552,6064.691651
11.0,376,6067.431729
15.0,606,6071.729434
3.0,226,6073.295408
12.0,582,6077.423496
3.0,226,6079.078253
2.0,179,6080.362402
19.0,467,6083.708732
4.0,280,6085.670494
6.0,323,6088.025463
12.0,296,6090.114285
14.0,520,6093.802857
21.0,730,6098.957837
18.0,521,6102.714674
13.0,365,6105.343726
11.0,399,6108.173443
9.0,417,6111.145121
21.0,499,6114.731286
2.0,179,6116.014677
13.0,489,6119.484416
13.0,473,6122.864024
4.0,272,6124.874046
14.0,335,6127.24477
3.0,210,6128.748067
6.0,373,6131.383775
13.0,488,6134.940923
8.0,394,6137.756344
20.0,495,6141.246216
4.0,255,6143.10657
11.0,265,6145.043946
19.0,684,6149.924655
17.0,358,6152.471383
14.0,472,6155.814208
4.0,279,6157.888635
15.0,563,6161.94197
22.0,577,6166.106735
18.0,558,6170.09974
4.0,245,6171.99535
13.0,470,6175.380615
7.0,366,6177.98689
7.0,349,6180.491004
9.0,644,6185.156548
24.0,584,6189.296951
13.0,473,6192.657329
10.0,509,6196.254695
11.0,379,6199.067621
16.0,520,6202.812803
12.0,459,6206.04954
11.0,514,6209.709033
13.0,513,6213.431185
10.0,350,6215.948521
15.0,556,6219.935085
7.0,400,6222.791455
9.0,430,6225.921875
9.0,440,6229.079988
17.0,477,6232.499582
21.0,538,6236.302718
11.0,519,6240.2774
14.0,350,6242.98358
13.0,452,6246.202875
14.0,380,6248.92067
4.0,259,6250.873775
13.0,322,6253.16765
14.0,610,6257.523643
18.0,519,6261.208184
17.0,463,6264.614967
21.0,473,6268.008057
18.0,651,6272.660803
7.0,354,6275.158102
11.0,576,6279.336426
17.0,581,6283.488457
15.0,444,6286.703209
10.0,490,6290.249759
12.0,445,6293.536607
15.0,553,6297.444357
14.0,405,6300.372859
11.0,398,6303.190034
15.0,423,6306.326535
6.0,351,6308.862137
21.0,400,6311.725334
22.0,533,6315.558491
17.0,601,6319.923912
10.0,480,6323.397695
18.0,650,6328.445771
9.0,423,6331.446473
7.0,391,6334.302345
21.0,393,6337.059103
17.0,523,6340.775504
17.0,474,6344.146869
14.0,518,6347.893445
22.0,524,6351.581547
13.0,364,6354.166513
11.0,389,6356.970259
18.0,638,6361.589563
9.0,437,6364.708698
4.0,286,6366.756975
20.0,483,6370.181327
33.0,548,6374.135289
21.0,496,6377.622481
15.0,401,6380.513703
7.0,339,6382.92787
15.0,532,6386.771739
10.0,368,6389.397563
9.0,419,6392.394198
11.0,496,6395.906474
21.0,362,6398.54057
18.0,491,6402.012792
8.0,440,6405.135309
9.0,429,6408.201324
11.0,490,6411.742056
22.0,640,6416.283527
14.0,583,6420.422361
12.0,316,6422.656902
4.0,263,6424.611906
16.0,425,6427.654737
13.0,472,6431.032753
18.0,696,6435.944152
21.0,607,6440.355784
22.0,445,6443.548719
23.0,449,6446.744189
7.0,373,6449.391517
14.0,502,6453.042675
9.0,417,6456.002465
9.0,442,6459.169661
9.0,426,6462.177824
14.0,383,6464.959257
9.0,476,6468.323568
15.0,564,6472.376119
7.0,377,6475.055822
16.0,544,6478.985669
20.0,485,6482.408163
23.0,473,6485.805617
11.0,518,6489.475247
21.0,533,6493.32102
3.0,211,6494.834737
9.0,468,6498.150396
6.0,319,6500.435252
16.0,448,6503.764955
20.0,1172,6512.016509
9.0,300,6514.150903
8.0,420,6517.096912
19.0,577,6521.255059
7.0,244,6522.967782
24.0,640,6527.46759
8.0,403,6530.323583
4.0,255,6532.226074
18.0,525,6535.966185
9.0,439,6539.125513
12.0,458,6542.392923
17.0,492,6545.948857
22.0,612,6550.324103
18.0,466,6553.653949
15.0,505,6557.257645
12.0,606,6561.58686
11.0,492,6565.089786
12.0,534,6568.880393
21.0,354,6571.386699
18.0,401,6574.327447
9.0,342,6576.756216
11.0,410,6579.682469
12.0,411,6582.580901
21.0,391,6585.414726
29.0,888,6591.716052
18.0,545,6595.582418
25.0,535,6599.400666
9.0,451,6602.704926
7.0,405,6605.591986
19.0,475,6609.088583
12.0,465,6612.437703
17.0,477,6615.888671
17.0,447,6619.109565
14.0,346,6621.571347
20.0,591,6625.765825
9.0,472,6629.191472
10.0,358,6631.733944
14.0,408,6634.620518
18.0,697,6639.593225
11.0,530,6643.416054
17.0,492,6646.879493
14.0,521,6650.556292
15.0,556,6654.514179
9.0,328,6656.929245
18.0,357,6659.471541
6.0,343,6661.921993
30.0,544,6665.767503
23.0,568,6669.886251
18.0,630,6674.338963
7.0,367,6676.956852
18.0,518,6680.661184
16.0,426,6683.796407
16.0,473,6687.143281
30.0,814,6692.91958
3.0,211,6694.439324
7.0,369,6697.122319
16.0,449,6700.327178
10.0,347,6702.802476
21.0,587,6706.981495
16.0,592,6711.263445
6.0,324,6713.581613
7.0,385,6716.306638
18.0,396,6719.126591
15.0,539,6723.033088
6.0,341,6725.448318
13.0,363,6728.021059
10.0,387,6730.760216
14.0,509,6734.50418
18.0,508,6738.09787
17.0,445,6741.229892
15.0,488,6744.713307
14.0,372,6747.444766
14.0,372,6750.055478
11.0,439,6753.165743
13.0,345,6755.623203
19.0,439,6758.884565
7.0,351,6761.379323
11.0,265,6763.276645
8.0,463,6766.557412
10.0,458,6769.878457
12.0,316,6772.168635
23.0,579,6776.321638
16.0,408,6779.214962
24.0,612,6783.623984
17.0,394,6786.426152
14.0,521,6790.135378
21.0,490,6793.649226
17.0,489,6797.20669
16.0,445,6800.346102
12.0,304,6802.534555
12.0,556,6806.478911
14.0,641,6811.147555
17.0,519,6814.795382
11.0,510,6818.423137
18.0,541,6822.263381
14.0,521,6825.993358
12.0,598,6830.234479
6.0,354,6832.744559
17.0,353,6835.276471
12.0,531,6839.090953
11.0,377,6841.798156
12.0,589,6845.960394
15.0,428,6849.020864
10.0,525,6852.83634
19.0,417,6855.803223
12.0,474,6859.225729
20.0,588,6863.477623
16.0,578,6867.669867
17.0,429,6870.766603
17.0,430,6873.830239
17.0,594,6878.091728
20.0,629,6882.630095
12.0,440,6885.798684
21.0,763,6891.272956
9.0,326,6893.617495
26.0,493,6897.226492
15.0,669,6902.036316
17.0,379,6904.726355
9.0,298,6906.885195
18.0,518,6910.640217
12.0,430,6913.731025
10.0,501,6917.335725
10.0,501,6920.888511
17.0,462,6924.353438
17.0,633,6928.876298
18.0,509,6932.473732
16.0,410,6935.393735
10.0,488,6938.989109
11.0,476,6942.407165
30.0,519,6946.137333
20.0,492,6949.663508
25.0,788,6955.401137
30.0,443,6958.511384
25.0,502,6962.079437
15.0,503,6965.698009
18.0,514,6969.434515
14.0,480,6972.887199
17.0,435,6975.996101
16.0,535,6979.822041
19.0,517,6983.612285
22.0,539,6987.474091
17.0,454,6990.665388
15.0,372,6993.325049
16.0,522,6997.116048
15.0,406,7000.003596
16.0,409,7002.915521
25.0,521,7006.593403
19.0,543,7010.488737
17.0,487,7013.984691
21.0,501,7017.548088
21.0,520,7021.260938
25.0,518,7025.052865
16.0,628,7029.539341
19.0,651,7034.183267
13.0,448,7037.363186
17.0,545,7041.314022
10.0,510,7044.984812
26.0,664,7049.697048
14.0,495,7053.238947
11.0,396,7056.11336
9.0,319,7058.413548
18.0,597,7062.675751
10.0,328,7065.0189
13.0,455,7068.340506
18.0,1137,7076.440345
12.0,561,7080.421599
19.0,383,7083.158906
17.0,482,7086.707865
16.0,629,7091.191106
10.0,331,7093.564657
12.0,438,7096.669658
9.0,308,7098.914079
24.0,656,7103.630081
8.0,420,7106.608205
19.0,527,7110.351493
19.0,416,7113.409535
20.0,670,7118.201533
16.0,456,7121.469176
13.0,329,7123.851343
17.0,653,7128.550556
4.0,241,7130.258209
17.0,506,7133.888803
26.0,515,7137.548572
17.0,494,7141.16264
13.0,470,7144.608679
16.0,460,7148.140397
16.0,430,7151.357821
14.0,522,7155.168444
7.0,460,7158.419938
13.0,329,7160.812705
21.0,619,7165.266624
9.0,327,7167.697388
8.0,403,7170.592288
14.0,381,7173.325307
12.0,466,7176.672237
12.0,296,7178.861773
13.0,477,7182.288608
23.0,457,7185.584215
15.0,594,7189.906298
11.0,399,7192.871685
26.0,566,7196.943534
18.0,480,7200.366653
8.0,293,7202.469739
14.0,595,7206.78755
13.0,474,7210.190707
10.0,392,7212.995356
14.0,343,7215.458524
21.0,390,7218.359967
21.0,480,7221.838867
28.0,492,7225.413569
15.0,526,7229.214372
9.0,455,7232.574997
17.0,525,7236.340905
12.0,513,7240.05667
18.0,501,7243.717427
16.0,564,7248.264846
16.0,421,7251.255292
19.0,647,7255.848881
25.0,414,7258.810377
19.0,462,7262.146918
8.0,412,7265.062875
19.0,539,7268.873616
19.0,655,7273.543745
21.0,542,7277.502254
8.0,407,7280.404486
17.0,470,7283.813385
14.0,513,7287.465313
17.0,606,7291.84152
14.0,379,7294.529924
15.0,557,7298.501853
12.0,512,7302.177096
21.0,616,7306.633624
10.0,487,7310.047343
11.0,540,7313.895833
15.0,519,7317.592042
24.0,643,7322.211507
12.0,442,7325.367331
19.0,570,7329.434489
14.0,534,7333.188627
13.0,328,7335.589811
15.0,376,7338.265085
19.0,582,7342.435032
9.0,458,7345.68464
16.0,601,7350.031603
11.0,479,7353.421634
10.0,462,7356.703116
10.0,461,7360.007929
16.0,434,7363.216844
10.0,486,7366.673523
15.0,411,7369.603702
17.0,469,7372.951726
21.0,469,7376.357305
9.0,446,7379.536125
14.0,584,7383.646538
12.0,450,7386.832362
11.0,386,7389.667713
23.0,613,7394.006213
9.0,438,7397.153307
11.0,449,7400.338843
15.0,400,7403.325747
19.0,566,7407.354522
21.0,781,7412.933748
8.0,418,7415.86005
20.0,349,7418.396288
14.0,419,7421.398728
13.0,329,7423.731395
4.0,256,7425.555197
10.0,459,7428.879831
21.0,516,7432.555765
5.0,304,7434.700326
13.0,463,7437.970909
10.0,345,7440.472254
7.0,367,7443.122202
3.0,228,7444.849839
16.0,482,7448.513354
8.0,400,7451.459038
13.0,609,7455.820219
15.0,496,7459.324668
13.0,452,7462.544347
16.0,461,7465.920056
8.0,407,7468.81599
17.0,624,7473.246347
14.0,608,7477.566846
13.0,488,7481.128469
13.0,468,7484.463373
19.0,590,7488.653374
13.0,491,7492.180885
14.0,471,7495.631937
14.0,504,7499.243184
12.0,438,7502.342187
3.0,224,7503.937487
12.0,438,7507.145967
7.0,245,7508.874245
14.0,309,7511.049745
12.0,316,7513.307564
11.0,388,7516.168615
14.0,352,7518.653608
16.0,523,7522.399273
8.0,414,7525.353316
16.0,455,7528.66382
11.0,402,7531.544622
8.0,426,7534.569774
13.0,509,7538.186605
7.0,356,7540.802715
14.0,378,7543.489253
9.0,326,7545.78971
13.0,367,7548.413035
11.0,554,7552.465026
4.0,274,7554.415971
11.0,552,7558.333515
15.0,618,7562.750966
10.0,399,7565.637813
15.0,500,7569.190085
15.0,573,7573.26037
14.0,494,7576.777315
17.0,489,7580.321632
8.0,391,7583.143748
23.0,679,7587.951787
13.0,479,7591.351056
12.0,566,7595.45214
15.0,408,7598.365196
7.0,359,7600.91611
17.0,964,7607.803441
18.0,886,7614.132035
12.0,479,7617.540611
24.0,444,7620.704149
19.0,447,7623.902575
18.0,500,7627.532244
14.0,510,7631.176095
13.0,458,7634.456992
24.0,610,7638.8171
9.0,342,7641.351192
13.0,352,7643.908643
12.0,418,7646.872412
15.0,507,7650.488395
17.0,690,7655.453434
10.0,485,7658.913698
16.0,444,7662.056734
16.0,414,7664.980765
21.0,615,7669.435208
12.0,547,7673.426342
22.0,423,7676.699054
14.0,499,7680.459202
20.0,573,7684.678431
17.0,436,7687.797764
12.0,316,7690.090919
21.0,446,7693.269648
6.0,361,7695.903865
26.0,525,7699.637026
15.0,582,7703.79415
6.0,337,7706.195964
3.0,211,7707.791741
21.0,494,7711.315172
14.0,511,7714.954498
6.0,324,7717.280597
28.0,606,7721.680979
17.0,621,7726.1296
2.0,179,7727.428168
11.0,486,7730.874687
14.0,344,7733.391884
9.0,323,7735.694844
7.0,413,7738.629456
9.0,421,7741.67148
14.0,619,7746.139559
18.0,497,7749.712186
8.0,444,7752.876012
19.0,401,7755.721748
8.0,439,7758.926966
16.0,711,7763.959098
17.0,476,7767.3233
12.0,317,7769.590101
7.0,244,7771.394236
7.0,356,7773.934497
12.0,296,7776.057481
13.0,492,7779.558509
11.0,510,7783.24791
12.0,448,7786.432253
10.0,529,7790.178862
9.0,428,7793.25572
7.0,370,7796.008895
14.0,350,7798.530164
13.0,488,7802.042747
20.0,346,7804.557705
15.0,405,7807.536882
7.0,386,7810.335453
12.0,447,7813.539823
4.0,257,7815.402913
20.0,574,7819.570142
19.0,558,7823.606453
3.0,227,7825.228732
9.0,427,7828.302752
11.0,422,7831.420134
15.0,411,7834.405062
18.0,501,7838.015623
8.0,405,7840.934301
14.0,626,7845.498446
16.0,483,7848.980793
11.0,465,7852.327233
4.0,262,7854.252044
12.0,575,7858.474196
14.0,491,7861.965758
6.0,343,7864.445829
6.0,370,7867.122181
22.0,665,7871.961282
18.0,475,7875.370799
8.0,414,7878.355392
17.0,477,7881.762981
23.0,559,7885.904791
9.0,448,7889.145191
7.0,343,7891.620158
29.0,394,7894.447695
13.0,469,7897.898196
19.0,510,7901.566447
15.0,642,7906.174387
7.0,364,7908.804479
21.0,607,7913.266893
14.0,483,7916.769238
12.0,518,7920.530484
10.0,485,7924.029237
19.0,481,7927.554614
14.0,591,7931.772767
17.0,535,7935.591391
11.0,427,7938.625821
14.0,679,7943.561434
8.0,488,7947.115935
24.0,1597,7958.540671
31.0,551,7962.497943
15.0,428,7965.608851
19.0,527,7969.396457
19.0,560,7973.746262
6.0,360,7976.341861
15.0,404,7979.326254
16.0,452,7982.560606
15.0,443,7985.765714
24.0,653,7990.439187
16.0,446,7993.737969
8.0,400,7996.613322
6.0,339,7999.017734
14.0,398,8001.861323
21.0,654,8006.592717
12.0,314,8008.854315
10.0,363,8011.436311
3.0,228,8013.096238
11.0,424,8016.166906
15.0,604,8020.455402
13.0,490,8023.9503
13.0,322,8026.21838
12.0,437,8029.423182
17.0,779,8034.928337
12.0,555,8038.846773
13.0,348,8041.29709
9.0,435,8044.424253
27.0,714,8049.477502
21.0,627,8054.122441
12.0,496,8057.91357
9.0,340,8060.429075
6.0,392,8063.285746
14.0,396,8066.121023
20.0,484,8069.561137
18.0,393,8072.442356
19.0,425,8075.483043
11.0,393,8078.285487
13.0,460,8081.559547
10.0,391,8084.423011
20.0,501,8088.014474
20.0,498,8091.518952
20.0,635,8096.037987
22.0,567,8100.192846
9.0,345,8103.153086
11.0,499,8106.68849
17.0,629,8111.187788
14.0,490,8114.790402
14.0,504,8118.364413
13.0,479,8121.743694
28.0,737,8127.043793
11.0,508,8130.741433
11.0,388,8133.502767
9.0,457,8136.754429
5.0,314,8138.982575
15.0,414,8142.023524
8.0,394,8144.826416
22.0,534,8148.652045
10.0,455,8151.878049
23.0,547,8155.818445
25.0,500,8159.36173
16.0,546,8163.212776
18.0,651,8167.808574
14.0,489,8171.389165
15.0,394,8174.181887
10.0,329,8176.521978
12.0,426,8179.507025
12.0,314,8181.823835
13.0,442,8184.986717
18.0,482,8188.399088
12.0,466,8191.691603
17.0,406,8194.649532
19.0,723,8199.772535
4.0,263,8201.661806
8.0,294,8203.770498
11.0,369,8206.453788
8.0,436,8209.548255
8.0,277,8211.51936
14.0,549,8215.425618
11.0,493,8219.002451
19.0,555,8222.929146
11.0,491,8226.404042
17.0,492,8229.909074
14.0,653,8234.588672
7.0,244,8236.32303
9.0,433,8239.432328
4.0,239,8241.109104
18.0,358,8243.803184
13.0,365,8246.382067
15.0,418,8249.335521
14.0,382,8252.033252
3.0,227,8253.734343
12.0,386,8256.465663
10.0,329,8258.818496
12.0,314,8261.017155
14.0,327,8263.410628
12.0,421,8266.360627
11.0,388,8269.129056
15.0,397,8271.939669
11.0,265,8273.918147
15.0,400,8276.777416
28.0,617,8281.192309
13.0,588,8285.375404
4.0,241,8287.167745
3.0,207,8288.653767
17.0,478,8292.040482
12.0,471,8295.382353
15.0,509,8299.02426
23.0,606,8303.37765
16.0,432,8306.452239
13.0,476,8309.836205
17.0,582,8314.034549
15.0,431,8317.110294
17.0,334,8319.49876
13.0,464,8322.820537
19.0,567,8326.917161
6.0,322,8329.228291
19.0,700,8334.245277
15.0,543,8338.112157
15.0,547,8342.092104
16.0,413,8345.034958
13.0,294,8347.117808
19.0,587,8351.314174
17.0,552,8355.329128
13.0,462,8358.606314
23.0,553,8362.624509
22.0,567,8366.672904
20.0,476,8370.142895
11.0,541,8374.021904
11.0,516,8377.702659
27.0,1030,8385.016197
10.0,472,8388.468609
11.0,394,8391.273951
14.0,660,8396.055914
11.0,565,8400.095731
11.0,411,8403.121412
7.0,375,8405.787137
9.0,518,8409.515478
15.0,507,8413.149084
13.0,347,8415.678959
4.0,282,8417.697186
18.0,516,8421.380311
15.0,390,8424.22147
19.0,576,8428.409939
9.0,470,8431.757712
10.0,538,8896.057556
11.0,471,8900.681028
15.0,382,8903.966374
9.0,389,8906.976602
8.0,413,8910.142966
18.0,627,8914.829913
16.0,480,8918.392573
15.0,571,8922.660334
14.0,416,8925.716945
13.0,447,8928.975168
23.0,602,8933.459491
15.0,531,8937.342239
14.0,372,8940.081149
8.0,413,8943.092069
18.0,537,8947.058562
3.0,228,8948.725213
9.0,322,8951.091785
14.0,662,8955.925254
25.0,485,8959.527673
13.0,621,8964.125443
14.0,520,8967.924858
10.0,465,8971.316664
20.0,733,8976.689555
16.0,577,8980.890839
29.0,699,8986.007986
10.0,467,8989.564603
15.0,684,8994.639606
31.0,712,9000.138318
16.0,428,9003.331137
16.0,442,9006.510258
27.0,460,9009.879063
14.0,394,9012.733459
21.0,533,9016.548834
13.0,564,9020.604556
26.0,698,9025.645613
6.0,357,9028.217329
19.0,568,9032.275196
23.0,446,9035.461415
14.0,496,9039.051885
19.0,577,9043.227262
8.0,394,9046.026108
15.0,538,9049.911377
28.0,635,9054.524085
25.0,518,9058.278643
8.0,391,9061.080908
9.0,454,9064.326841
21.0,592,9068.679735
16.0,431,9071.809782
13.0,365,9074.428601
12.0,571,9078.56289
21.0,501,9082.24434
14.0,480,9085.718576
11.0,382,9088.495425
15.0,541,9092.411536
9.0,475,9095.902473
18.0,518,9099.663626
9.0,451,9102.954431
16.0,631,9107.536756
7.0,386,9110.32025
12.0,558,9114.319082
26.0,426,9117.367721
13.0,436,9120.490473
14.0,412,9123.489455
13.0,561,9127.534887
19.0,575,9131.657381
19.0,406,9134.544808
20.0,500,9138.143757
16.0,455,9141.39985
13.0,344,9143.861996
20.0,669,9148.66002
16.0,449,9151.883932
12.0,518,9155.572005
13.0,495,9159.111487
18.0,393,9161.930612
16.0,408,9164.862372
16.0,555,9168.865607
19.0,566,9172.927916
14.0,371,9175.558812
8.0,409,9178.570555
3.0,212,9180.102603
6.0,356,9182.626543
8.0,432,9185.713312
4.0,261,9187.617544
18.0,496,9191.154132
6.0,302,9193.30583
13.0,464,9196.639212
17.0,446,9199.915364
17.0,463,9203.254024
25.0,674,9208.101352
38.0,580,9212.271683
5.0,306,9214.526637
26.0,519,9218.202215
4.0,293,9220.295633
10.0,329,9222.62062
8.0,278,9224.635186
12.0,427,9227.768202
10.0,371,9230.419998
18.0,459,9233.71126
4.0,242,9235.464111
10.0,706,9240.492294
18.0,446,9243.647053
24.0,491,9247.140639
21.0,497,9250.768164
9.0,324,9253.046798
9.0,424,9256.060329
21.0,480,9259.467816
24.0,659,9264.19667
17.0,661,9268.865111
13.0,613,9273.218781
21.0,491,9276.727439
19.0,574,9280.821246
13.0,492,9284.293427
17.0,376,9286.956688
7.0,388,9289.70036
22.0,566,9293.754255
7.0,349,9296.233147
17.0,465,9299.518694
20.0,737,9304.709171
15.0,410,9307.601284
21.0,640,9312.098258
13.0,474,9315.450857
18.0,518,9319.108835
18.0,506,9322.755658
8.0,365,9325.316191
8.0,375,9328.007905
10.0,417,9330.937813
21.0,438,9334.11736
25.0,682,9338.943891
13.0,623,9343.356944
20.0,340,9345.712618
20.0,491,9349.269129
5.0,291,9351.315997
23.0,700,9356.299657
20.0,555,9360.21457
1.0,150,9361.309699
10.0,467,9364.636774
15.0,655,9369.24704
19.0,540,9373.044459
15.0,630,9377.54242
22.0,553,9381.42664
13.0,588,9385.587651
13.0,564,9389.556966
21.0,393,9392.503244
18.0,501,9396.005621
20.0,503,9399.58639
23.0,599,9403.805623
7.0,387,9406.568861
17.0,375,9409.195609
6.0,781,9414.685184
17.0,412,9417.633992
7.0,333,9420.144005
9.0,436,9423.481117
11.0,496,9427.083791
16.0,426,9430.083995
15.0,401,9432.968058
24.0,751,9438.219948
24.0,587,9442.414681
9.0,482,9445.870569
21.0,677,9450.697591
11.0,481,9454.12181
21.0,664,9459.195269
18.0,647,9463.821987
10.0,670,9468.611208
17.0,596,9472.897996
16.0,627,9477.33158
16.0,454,9480.610304
21.0,618,9485.019609
17.0,673,9489.778216
17.0,343,9492.197349
16.0,390,9494.964457
26.0,636,9499.535027
28.0,525,9503.280133
5.0,294,9505.36251
16.0,575,9509.412702
14.0,693,9514.345719
19.0,568,9518.328939
14.0,491,9521.782573
16.0,575,9525.842016
13.0,361,9528.447102
18.0,514,9532.092964
15.0,648,9536.665604
22.0,638,9541.1654
13.0,476,9544.571169
18.0,425,9547.55442
11.0,548,9551.418253
16.0,447,9554.595811
14.0,529,9558.393889
11.0,533,9562.219551
12.0,314,9564.435004
20.0,593,9568.608306
22.0,550,9572.504481
13.0,347,9574.974491
10.0,486,9578.419421
15.0,546,9582.284654
9.0,345,9584.763491
25.0,643,9589.351447
8.0,293,9591.440176
15.0,393,9594.223809
13.0,562,9598.266677
15.0,512,9601.89913
14.0,475,9605.229616
21.0,497,9608.769818
22.0,605,9613.023283
26.0,696,9617.952496
24.0,733,9623.161945
16.0,585,9627.274786
20.0,404,9630.168336
10.0,379,9632.825911
16.0,560,9636.808527
16.0,604,9641.071289
15.0,430,9644.167974
11.0,376,9646.816102
23.0,735,9652.020754
14.0,366,9654.638872
12.0,581,9658.767094
18.0,659,9663.436422
10.0,485,9666.854213
21.0,396,9669.643827
4.0,261,9671.512843
11.0,540,9675.330968
19.0,674,9680.127441
14.0,486,9683.56819
5.0,287,9685.660904
16.0,591,9689.849976
23.0,449,9693.035459
17.0,371,9695.679902
15.0,564,9699.708388
19.0,541,9703.549496
9.0,456,9706.777503
13.0,507,9710.390165
9.0,475,9713.838001
21.0,465,9717.12616
9.0,451,9720.330435
21.0,474,9723.7056
6.0,302,9725.884082
18.0,602,9730.137872
19.0,431,9733.140765
12.0,474,9736.481993
18.0,542,9740.358149
25.0,385,9743.087719
16.0,557,9747.013151
27.0,692,9751.889363
14.0,480,9755.344581
21.0,609,9759.680572
8.0,460,9762.940827
13.0,450,9766.130982
14.0,535,9770.01806
23.0,686,9774.906811
7.0,360,9777.465218
15.0,512,9781.095318
17.0,414,9784.085537
20.0,462,9787.328469
13.0,442,9790.464186
17.0,595,9794.687267
23.0,571,9798.777126
19.0,611,9803.137073
22.0,387,9805.875805
14.0,579,9809.982992
29.0,792,9815.664072
22.0,497,9819.19033
17.0,370,9821.815208
17.0,609,9826.158529
28.0,598,9830.418962
19.0,569,9834.436659
14.0,561,9838.427468
25.0,537,9842.167613
17.0,453,9845.43027
9.0,345,9847.881505
26.0,563,9851.887494
16.0,565,9855.905376
14.0,517,9859.661925
23.0,475,9863.021032
14.0,595,9867.199995
14.0,469,9870.496497
27.0,612,9874.89453
14.0,643,9879.452319
13.0,566,9883.462839
15.0,410,9886.338449
12.0,456,9889.615657
12.0,315,9891.852111
25.0,501,9895.416371
4.0,264,9897.287505
20.0,593,9901.53634
19.0,517,9905.216021
23.0,570,9909.244673
13.0,349,9911.721388
20.0,711,9916.771162
29.0,755,9922.167694
19.0,568,9926.17693
10.0,463,9929.461337
26.0,665,9934.19116
16.0,587,9938.367005
17.0,742,9943.6356
14.0,617,9948.016441
16.0,509,9951.728753
9.0,418,9954.693539
19.0,374,9957.373126
19.0,429,9960.408178
17.0,429,9963.492735
16.0,610,9967.858836
19.0,473,9971.212852
17.0,492,9974.703115
8.0,410,9977.649789
16.0,544,9981.519141
25.0,479,9984.942045
13.0,588,9989.112726
16.0,461,9992.405329
16.0,574,9996.492197
19.0,558,10000.433022
8.0,420,10003.405538
15.0,414,10006.413038
21.0,397,10009.260019
15.0,592,10013.453595
21.0,703,10018.446392
13.0,448,10021.686154
19.0,713,10026.699311
24.0,645,10031.272515
29.0,529,10035.030235
21.0,362,10037.658689
7.0,370,10040.307532
9.0,455,10043.551391
18.0,666,10048.287205
18.0,411,10051.256339
9.0,528,10055.017884
9.0,475,10058.379383
11.0,549,10062.31204
25.0,520,10066.077866
12.0,620,10070.530344
24.0,711,10075.707575
19.0,566,10079.794711
11.0,553,10083.757314
12.0,572,10087.837348
13.0,430,10090.927068
19.0,648,10095.530802
17.0,465,10098.876777
22.0,423,10101.930859
15.0,410,10104.854336
10.0,348,10107.322074
29.0,491,10110.816677
10.0,392,10113.654103
19.0,631,10118.166056
22.0,649,10122.818673
14.0,521,10126.589385
17.0,449,10129.790277
15.0,398,10132.642749
16.0,525,10136.404536
18.0,685,10141.327261
21.0,362,10143.915857
19.0,664,10148.621044
31.0,699,10153.607955
22.0,515,10157.281209
27.0,507,10160.882405
19.0,440,10164.012844
15.0,569,10168.018315
11.0,398,10170.91424
27.0,696,10175.842489
17.0,620,10180.2577
23.0,571,10184.323771
17.0,425,10187.365545
4.0,273,10189.306627
17.0,374,10191.989901
10.0,476,10195.381813
10.0,469,10198.749894
18.0,497,10202.273198
8.0,385,10204.99174
29.0,727,10210.199651
18.0,633,10214.734393
26.0,692,10219.605815
23.0,611,10223.934414
14.0,384,10226.622459
11.0,393,10229.473868
10.0,330,10231.840936
23.0,792,10237.407818
26.0,511,10241.030869
15.0,530,10244.828994
15.0,430,10247.906217
12.0,433,10250.953172
20.0,457,10254.186022
19.0,442,10257.393566
16.0,433,10260.417214
22.0,468,10263.765803
15.0,575,10267.818036
13.0,461,10271.128394
12.0,522,10274.815553
23.0,400,10277.657313
21.0,496,10281.166217
23.0,586,10285.38568
23.0,722,10290.452273
18.0,520,10294.141253
33.0,541,10297.98923
13.0,487,10301.495255
16.0,446,10304.693208
22.0,513,10308.353136
16.0,453,10311.582602
8.0,380,10314.335229
14.0,517,10318.026814
12.0,316,10320.262001
20.0,594,10324.4653
25.0,414,10327.546499
28.0,475,10331.196692
25.0,643,10335.75777
12.0,618,10340.169968
18.0,498,10343.800811
18.0,469,10347.138829
19.0,516,10350.809722
3.0,212,10352.321279
18.0,1469,10362.814829
22.0,512,10366.445824
12.0,410,10369.372529
20.0,473,10372.729752
18.0,426,10375.806225
28.0,556,10380.08744
28.0,467,10383.429899
11.0,541,10387.294729
17.0,334,10389.723497
20.0,471,10393.063139
19.0,631,10397.507021
11.0,517,10401.180315
14.0,488,10404.768656
18.0,557,10408.715439
18.0,634,10413.228184
23.0,563,10417.228936
18.0,484,10420.711287
19.0,580,10424.809869
18.0,519,10428.474339
26.0,594,10432.741437
27.0,627,10437.2809
35.0,482,10440.684327
21.0,479,10444.061538
14.0,384,10446.782234
18.0,540,10450.673668
14.0,707,10455.679271
6.0,334,10458.038111
12.0,567,10462.057404
25.0,666,10466.781864
21.0,495,10470.309253
20.0,528,10474.034701
21.0,471,10477.345994
23.0,681,10482.241051
25.0,506,10485.83004
12.0,567,10489.831554
12.0,315,10492.009614
9.0,466,10495.355533
6.0,335,10497.723792
17.0,483,10501.142847
25.0,417,10504.041203
22.0,549,10507.978853
12.0,539,10511.769018
10.0,461,10515.034789
14.0,607,10519.317007
11.0,379,10522.070518
24.0,612,10526.410355
20.0,348,10528.867359
10.0,344,10531.269451
12.0,449,10534.475816
17.0,446,10537.644817
16.0,431,10540.679905
20.0,710,10545.675483
14.0,466,10549.026384
28.0,746,10554.269604
17.0,610,10558.632255
15.0,398,10561.43418
22.0,656,10566.123452
14.0,343,10568.562637
18.0,562,10572.512328
22.0,548,10576.384512
18.0,517,10580.124231
24.0,535,10583.91631
17.0,341,10586.339152
12.0,584,10590.477764
27.0,680,10595.321047
11.0,589,10599.499686
20.0,415,10602.445566
22.0,519,10606.082291
14.0,477,10609.509131
18.0,518,10613.162009
11.0,397,10615.989749
17.0,488,10619.433854
19.0,722,10624.596837
11.0,517,10628.251696
23.0,436,10631.316808
23.0,563,10635.300697
10.0,376,10638.029792
15.0,396,10640.861712
14.0,520,10644.591812
10.0,447,10647.772224
11.0,513,10651.45207
17.0,429,10654.487625
15.0,405,10657.357278
11.0,550,10661.262641
19.0,552,10665.188869
9.0,459,10668.442282
25.0,643,10673.044726
21.0,459,10676.287292
13.0,569,10680.345356
13.0,347,10682.816348
10.0,364,10685.400468
8.0,274,10687.352058
9.0,306,10689.799474
7.0,244,10691.580878
10.0,393,10694.636073
19.0,436,10697.787558
12.0,559,10701.917004
19.0,652,10706.650393
4.0,261,10708.515462
17.0,479,10711.931961
10.0,476,10715.397902
9.0,476,10718.765051
20.0,420,10721.73869
13.0,472,10725.066044
9.0,447,10728.298735
18.0,538,10732.085691
10.0,499,10735.620112
16.0,581,10739.715428
9.0,435,10742.88297
16.0,423,10745.856355
15.0,529,10749.613976
17.0,437,10752.680598
19.0,455,10755.964006
15.0,563,10759.970781
24.0,598,10764.192461
14.0,360,10766.746966
20.0,459,10770.095419
14.0,404,10772.913456
25.0,488,10776.36358
17.0,499,10779.946618
14.0,488,10783.517994
23.0,1060,10791.079678
14.0,377,10793.76276
24.0,743,10799.096076
22.0,569,10803.202197
21.0,454,10806.412653
21.0,607,10810.66895
19.0,529,10814.428994
29.0,735,10819.679955
27.0,636,10824.214857
29.0,488,10827.662125
20.0,629,10832.14515
17.0,474,10835.545227
12.0,578,10839.628173
9.0,439,10842.678285
24.0,496,10846.178569
23.0,505,10849.861436
27.0,671,10854.586858
19.0,672,10859.315926
8.0,414,10862.227648
25.0,607,10866.560748
18.0,739,10871.744022
19.0,519,10875.427163
7.0,369,10878.044942
17.0,638,10882.660462
25.0,609,10886.99363
20.0,584,10891.126967
21.0,585,10895.267134
18.0,394,10898.143261
15.0,579,10902.231053
20.0,634,10906.660028
11.0,492,10910.10972
22.0,549,10914.028125
24.0,592,10918.182647
23.0,695,10923.075718
18.0,587,10927.181729
33.0,546,10931.077965
15.0,416,10933.987322
12.0,401,10936.843307
22.0,403,10939.659895
12.0,415,10942.695797
12.0,425,10945.675236
15.0,526,10949.604995
12.0,422,10952.715664
16.0,459,10956.175468
22.0,644,10960.913628
15.0,568,10965.063951
15.0,544,10969.087503
12.0,584,10973.492974
19.0,548,10977.522103
23.0,978,10984.741719
20.0,495,10988.341178
20.0,651,10993.200359
22.0,546,10997.157195
19.0,778,11002.962687
12.0,408,11006.039789
32.0,769,11011.684244
23.0,589,11016.53191
20.0,589,11020.839354
16.0,609,11025.324461
25.0,515,11029.163898
25.0,674,11034.139105
15.0,394,11037.003159
22.0,570,11041.09354
21.0,520,11044.864422
26.0,651,11049.562801
16.0,620,11053.98423
34.0,676,11058.919129
8.0,379,11061.684827
21.0,634,11066.251161
26.0,537,11070.122462
20.0,346,11072.559525
15.0,541,11076.495997
8.0,399,11079.333163
13.0,568,11083.348169
21.0,688,11088.186105
23.0,424,11091.271544
26.0,556,11095.197984
14.0,521,11098.864927
25.0,806,11104.587363
18.0,632,11109.12851
20.0,686,11114.001882
15.0,440,11117.105927
14.0,468,11120.390069
12.0,439,11123.588653
26.0,677,11128.520816
18.0,526,11132.271532
11.0,515,11135.90523
12.0,476,11139.369323
15.0,540,11143.154878
23.0,573,11147.15444
18.0,538,11150.920932
11.0,514,11154.609697
27.0,458,11157.87561
18.0,526,11161.637216
24.0,447,11164.787298
19.0,537,11168.637074
19.0,634,11173.087184
14.0,328,11175.403748
23.0,447,11178.577196
25.0,529,11182.4349
18.0,616,11186.769885
17.0,538,11190.591287
18.0,352,11193.086532
14.0,483,11196.586222
14.0,371,11199.193403
29.0,630,11203.669967
16.0,324,11205.969662
20.0,643,11210.636073
22.0,539,11214.43595
3.0,231,11216.081072
11.0,360,11218.636587
25.0,649,11223.302206
17.0,495,11226.787057
21.0,555,11230.685467
20.0,574,11234.735129
25.0,413,11237.718543
12.0,469,11241.001796
17.0,527,11244.768485
12.0,474,11248.095895
15.0,424,11251.151987
23.0,491,11254.639555
13.0,618,11258.954213
23.0,480,11262.301169
17.0,686,11267.234446
21.0,1294,11276.355556
17.0,627,11280.685084
23.0,721,11285.71869
20.0,462,11289.084373
5.0,268,11290.987646
14.0,518,11294.633551
18.0,481,11298.016338
19.0,571,11302.083367
20.0,581,11306.166726
12.0,409,11309.023604
25.0,590,11313.135238
24.0,539,11317.009868
21.0,399,11319.816854
14.0,493,11323.280731
21.0,627,11327.671293
28.0,608,11331.982598
7.0,394,11334.708214
22.0,701,11339.582466
24.0,552,11343.432411
12.0,526,11347.198844
23.0,589,11351.277062
5.0,286,11353.298762
17.0,615,11357.562526
13.0,447,11360.761355
16.0,443,11363.932683
22.0,518,11367.59044
21.0,491,11371.081555
26.0,773,11376.764941
15.0,630,11381.286597
8.0,386,11384.098006
24.0,479,11387.514253
13.0,351,11390.135409
5.0,291,11392.253452
25.0,622,11396.70038
22.0,411,11399.680788
6.0,339,11402.231055
26.0,533,11406.115137
18.0,642,11410.763757
19.0,527,11414.646511
13.0,579,11419.33586
15.0,566,11423.603248
19.0,407,11426.683288
7.0,368,11429.38641
23.0,533,11433.277487
9.0,457,11437.37333
24.0,546,11441.328455
18.0,551,11445.336602
12.0,473,11448.770876
11.0,384,11451.522842
13.0,462,11454.864226
21.0,593,11459.102848
15.0,601,11463.435507
13.0,586,11467.623609
11.0,393,11470.410302
17.0,605,11474.693331
19.0,403,11477.599096
18.0,636,11482.153793
18.0,354,11484.674692
23.0,427,11487.688496
14.0,491,11491.262585
21.0,461,11494.519994
18.0,597,11498.765596
17.0,626,11503.18179
26.0,629,11507.697468
24.0,605,11511.993543
18.0,529,11515.732025
17.0,584,11519.92345
19.0,668,11524.719191
24.0,631,11529.197036
21.0,649,11533.769763
23.0,561,11537.739487
27.0,765,11543.274265
21.0,461,11546.567761
20.0,621,11550.94451
19.0,719,11556.039963
10.0,461,11559.359306
14.0,382,11562.044685
11.0,511,11565.672259
8.0,400,11568.499099
21.0,623,11573.066924
12.0,518,11576.714447
23.0,564,11580.704183
10.0,480,11584.142264
24.0,478,11587.638941
12.0,588,11591.820786
19.0,574,11595.911338
23.0,556,11599.887096
29.0,482,11603.476223
15.0,402,11606.326376
7.0,369,11608.943899
22.0,718,11613.970048
19.0,442,11617.213526
19.0,507,11620.806979
7.0,343,11623.258615
16.0,568,11627.285559
20.0,859,11633.43445
31.0,632,11637.929483
14.0,520,11641.63732
16.0,473,11645.012523
21.0,504,11648.682095
15.0,404,11651.536153
25.0,663,11656.236971
21.0,466,11659.532787
23.0,432,11662.702149
21.0,361,11665.281137
25.0,534,11669.060267
12.0,303,11671.207986
21.0,637,11675.796465
20.0,562,11679.799423
9.0,340,11682.211308
19.0,658,11686.834048
17.0,480,11690.310629
9.0,325,11692.63411
18.0,667,11697.396542
17.0,351,11699.893873
12.0,562,11703.942451
3.0,247,11705.701008
20.0,595,11709.89497
5.0,266,11711.775739
21.0,489,11715.325385
32.0,650,11719.951225
10.0,488,11723.457837
10.0,372,11726.07334
10.0,342,11728.607276
10.0,465,11731.947014
15.0,396,11734.772089
15.0,414,11737.714137
19.0,433,11740.849394
12.0,551,11744.751566
22.0,563,11748.737068
0.0,121,11749.599123
23.0,390,11752.465639
18.0,648,11757.069619
18.0,426,11760.079954
22.0,413,11763.037507
27.0,491,11766.580976
15.0,408,11769.448009
14.0,400,11772.267045
10.0,451,11775.469364
19.0,432,11778.59955
15.0,402,11781.447165
18.0,520,11785.14271
1.0,149,11786.213924
14.0,496,11789.80459
18.0,533,11793.613759
14.0,421,11796.618129
9.0,323,11798.922962
10.0,491,11802.48776
7.0,342,11804.870602
20.0,347,11807.330729
23.0,680,11812.132024
25.0,647,11816.805292
11.0,468,11820.101663
20.0,590,11824.282902
18.0,517,11827.955022
17.0,623,11832.479691
21.0,524,11836.221497
27.0,545,11840.095752
29.0,669,11844.860349
20.0,383,11847.641631
21.0,619,11852.031096
9.0,317,11854.295785
12.0,500,11857.838666
27.0,704,11862.909889
17.0,473,11866.272297
14.0,525,11869.978197
12.0,430,11873.058889
24.0,508,11876.741168
21.0,601,11881.008414
15.0,541,11884.851813
13.0,451,11888.064374
14.0,470,11891.469807
7.0,408,11894.367458
16.0,618,11898.808521
12.0,508,11902.497664
22.0,467,11905.877863
21.0,695,11910.788237
11.0,394,11913.605751
5.0,268,11915.498324
19.0,427,11918.643913
6.0,368,11921.25271
28.0,490,11924.720426
11.0,411,11927.63369
16.0,374,11930.347858
17.0,537,11934.168894
19.0,402,11937.012967
18.0,648,11941.547023
9.0,431,11944.662002
22.0,385,11947.369827
12.0,574,11951.441311
9.0,434,11954.517014
11.0,378,11957.324089
12.0,304,11959.468195
28.0,378,11962.160392
4.0,258,11964.025606
23.0,590,11968.276791
18.0,610,11972.618015
13.0,364,11975.177129
8.0,371,11977.793783
18.0,502,11981.440153
11.0,523,11985.198471
21.0,462,11988.500521
12.0,279,11990.513862
30.0,622,11995.01265
15.0,643,11999.704097
13.0,483,12003.131903
22.0,669,12007.889688
14.0,495,12011.483249
16.0,553,12015.419125
30.0,405,12018.320572
24.0,568,12022.389463
31.0,606,12026.789881
24.0,414,12029.730753
26.0,545,12033.632739
12.0,445,12036.844055
24.0,539,12040.819842
21.0,585,12045.062335
17.0,483,12048.535802
17.0,429,12051.618065
20.0,464,12055.005243
12.0,416,12057.989958
17.0,438,12061.105871
10.0,456,12064.337579
25.0,538,12068.259508
22.0,566,12072.268166
14.0,492,12075.758329
14.0,325,12078.106457
14.0,632,12082.775849
9.0,428,12085.886226
22.0,538,12089.739378
21.0,371,12092.41687
21.0,371,12095.138502
13.0,478,12098.5158
32.0,728,12103.708293
15.0,539,12107.557119
22.0,519,12111.408666
17.0,374,12114.103505
11.0,504,12117.729305
31.0,605,12122.074218
17.0,611,12126.554162
15.0,503,12130.175623
17.0,501,12133.774366
21.0,472,12137.189673
18.0,547,12141.16498
19.0,438,12144.338291
8.0,406,12147.237029
15.0,408,12150.176628
16.0,604,12154.595492
12.0,451,12157.835271
15.0,540,12161.703246
12.0,303,12163.842632
14.0,401,12166.848953
25.0,534,12170.70498
12.0,412,12173.685975
16.0,598,12177.958252
21.0,400,12180.901455
11.0,375,12183.571984
26.0,821,12189.411792
9.0,476,12192.807868
26.0,429,12195.903472
11.0,576,12200.001974
21.0,400,12202.860559
21.0,702,12207.849385
12.0,439,12211.052464
14.0,503,12214.635283
27.0,545,12218.494011
12.0,448,12221.612081
8.0,445,12224.837881
17.0,340,12227.270027
13.0,362,12229.831983
19.0,630,12234.285012
19.0,420,12237.343432
25.0,624,12241.748506
14.0,519,12245.435416
28.0,378,12248.12511
8.0,408,12251.091233
22.0,412,12254.004925
19.0,584,12258.134407
25.0,470,12261.465891
17.0,590,12265.759487
10.0,510,12269.349837
18.0,525,12273.077457
15.0,615,12277.446249
19.0,470,12280.853543
19.0,588,12285.026689
21.0,372,12287.666232
25.0,672,12292.404178
27.0,461,12295.749989
12.0,421,12298.733474
22.0,442,12301.91069
5.0,266,12303.808737
16.0,451,12307.094787
12.0,431,12310.141284
14.0,364,12312.722674
9.0,436,12315.808093
23.0,461,12319.138413
12.0,425,12322.248307
13.0,620,12327.017305
15.0,392,12329.816296
11.0,502,12333.491481
22.0,434,12336.568258
18.0,493,12340.089103
22.0,428,12343.130068
25.0,927,12349.782173
19.0,419,12352.780422
18.0,387,12355.530372
12.0,423,12358.641038
18.0,356,12361.50301
29.0,783,12367.064029
17.0,497,12370.606482
19.0,368,12373.22192
17.0,339,12375.713735
20.0,701,12380.688142
18.0,550,12384.642185
15.0,424,12387.638669
49.0,602,12391.970355
22.0,385,12394.749696
9.0,454,12397.961326
4.0,253,12399.759123
18.0,441,12403.00116
4.0,277,12404.9767
20.0,691,12409.884723
21.0,503,12413.465871
5.0,309,12415.785402
17.0,344,12418.251159
22.0,452,12421.428579
24.0,571,12425.472044
17.0,338,12427.95565
7.0,392,12430.741286
26.0,458,12433.997571
19.0,498,12437.55886
38.0,522,12441.35929
17.0,339,12443.800698
11.0,408,12446.702467
23.0,423,12449.710543
13.0,498,12453.361735
17.0,338,12455.777166
17.0,760,12461.163624
19.0,668,12465.874286
18.0,553,12469.890442
22.0,570,12474.020113
23.0,595,12478.212696
18.0,413,12481.165015
24.0,695,12486.131469
12.0,449,12489.31972
23.0,692,12494.243489
26.0,454,12497.458914
11.0,476,12500.924327
23.0,518,12504.692145
17.0,339,12507.092141
22.0,545,12510.977907
5.0,292,12513.136288
14.0,382,12515.827463
21.0,518,12519.522636
21.0,470,12522.82933
28.0,643,12527.457603
28.0,714,12532.526188
18.0,543,12536.344662
22.0,388,12539.079568
23.0,576,12543.245776
23.0,458,12546.487047
8.0,345,12548.929518
17.0,356,12551.441298
19.0,613,12555.863582
18.0,537,12559.661109
14.0,452,12562.870469
12.0,570,12566.940582
9.0,415,12569.967071
31.0,671,12574.689026
25.0,503,12578.24493
11.0,392,12581.010223
19.0,381,12583.771332
10.0,352,12586.265651
14.0,633,12590.752726
20.0,416,12593.675613
13.0,474,12597.078658
15.0,544,12600.912895
18.0,663,12605.624969
7.0,392,12608.41081
17.0,459,12611.7376
19.0,495,12615.229632
17.0,356,12617.739075
24.0,404,12620.632434
16.0,568,12624.775526
9.0,438,12627.902898
23.0,583,12632.040682
16.0,446,12635.180023
23.0,410,12638.175379
25.0,644,12642.719319
21.0,611,12647.005589
10.0,925,12653.553164
23.0,597,12657.853218
26.0,561,12661.811417
16.0,599,12666.029047
9.0,463,12669.300498
21.0,486,12672.791976
13.0,456,12676.004923
13.0,466,12679.336091
11.0,518,12683.05507
15.0,436,12686.22398
21.0,2110,12701.135863
12.0,541,12704.990101
12.0,315,12707.227647
4.0,261,12709.138137
33.0,670,12713.853537
17.0,371,12716.505173
7.0,377,12719.184785
28.0,504,12722.843291
13.0,354,12725.326087
10.0,432,12728.385313
8.0,422,12731.362379
13.0,435,12734.523996
16.0,1954,12748.30246
21.0,620,12752.702219
20.0,448,12755.844714
27.0,771,12761.313963
12.0,554,12765.225862
22.0,540,12769.064807
25.0,577,12773.149079
20.0,496,12776.72528
32.0,812,12782.438646
11.0,392,12785.213035
24.0,727,12790.319327
16.0,542,12794.186158
22.0,475,12797.566306
13.0,327,12799.898284
12.0,315,12802.174451
13.0,499,12805.770154
3.0,230,12807.409232
12.0,536,12811.1881
19.0,419,12814.162497
7.0,356,12816.758991
14.0,476,12820.117891
30.0,672,12824.851531
13.0,491,12828.319831
28.0,581,12832.533425
19.0,566,12836.523324
9.0,467,12839.824877
17.0,340,12842.232474
13.0,496,12845.813086
10.0,372,12848.434583
12.0,314,12850.641798
35.0,629,12855.054863
21.0,484,12858.565109
7.0,244,12860.292861
13.0,320,12862.597281
16.0,452,12865.815163
16.0,536,12869.655154
15.0,366,12872.232746
19.0,370,12874.874548
17.0,452,12878.072096
16.0,399,12880.946271
10.0,464,12884.222312
16.0,421,12887.212602
30.0,850,12893.212414
22.0,386,12896.038767
19.0,427,12899.043694
15.0,427,12902.069926
27.0,653,12906.672366
12.0,418,12909.701242
16.0,567,12913.71863
29.0,542,12917.50077
15.0,584,12921.620298
27.0,639,12926.247327
18.0,427,12929.320479
20.0,649,12933.920277
17.0,592,12938.120966
7.0,392,12940.979766
17.0,499,12944.535508
33.0,536,12948.318675
22.0,485,12951.734574
27.0,1408,12961.757287
17.0,582,12965.847268
16.0,327,12968.146353
24.0,760,12973.541513
11.0,399,12976.467703
12.0,415,12979.425833
9.0,478,12982.826199
12.0,536,12986.612834
27.0,556,12990.601822
23.0,511,12994.246205
26.0,579,12998.341378
17.0,599,13002.77341
16.0,480,13006.23138
24.0,477,13009.624634
17.0,609,13013.891386
17.0,629,13018.335402
16.0,429,13021.437972
23.0,1230,13030.109823
16.0,575,13034.162266
21.0,394,13036.932851
15.0,546,13040.880558
12.0,300,13043.021654
11.0,378,13045.66798
11.0,265,13047.545375
26.0,558,13051.553489
10.0,490,13054.986752
12.0,459,13058.195239
31.0,584,13062.289094
14.0,545,13066.172999
27.0,575,13070.281507
16.0,380,13072.990024
15.0,402,13075.824022
10.0,521,13079.56535
17.0,377,13082.226316
21.0,452,13085.434287
8.0,294,13087.508377
27.0,599,13091.806308
20.0,391,13094.5677
14.0,498,13098.079752
13.0,571,13102.126949
17.0,499,13105.70213
6.0,373,13108.313302
16.0,623,13112.698707
10.0,368,13115.297121
47.0,792,13120.922918
24.0,463,13124.203325
17.0,626,13128.620366
11.0,491,13132.065314
17.0,466,13135.474954
22.0,435,13138.517439
17.0,344,13140.925849
14.0,602,13145.149832
16.0,581,13149.304246
20.0,446,13152.444593
16.0,593,13156.604727
24.0,443,13159.696141
19.0,672,13164.514713
13.0,600,13168.719508
21.0,470,13171.970101
25.0,946,13178.577471
18.0,568,13182.608629
9.0,469,13185.871164
14.0,507,13189.417939
14.0,611,13193.693282
19.0,419,13196.704628
21.0,699,13201.633844
16.0,538,13205.347195
8.0,374,13207.970527
21.0,604,13212.261335
6.0,342,13214.625612
17.0,495,13218.101991
12.0,540,13221.905215
9.0,492,13225.409266
32.0,1043,13233.05053
15.0,580,13237.251215
20.0,347,13239.705252
18.0,624,13244.54919
11.0,403,13247.381374
12.0,456,13250.59692
32.0,772,13256.002871
12.0,444,13259.16154
23.0,544,13262.968962
9.0,324,13265.23962
22.0,786,13270.765198
23.0,600,13275.050406
25.0,632,13279.510077
23.0,428,13282.513705
18.0,669,13287.210597
11.0,520,13290.904763
21.0,623,13295.260447
27.0,587,13299.374979
17.0,462,13302.583045
22.0,671,13307.38676
19.0,552,13311.23086
7.0,372,13313.843588
21.0,468,13317.139795
19.0,601,13321.425017
10.0,352,13323.907907
24.0,614,13328.232781
25.0,595,13332.404105
15.0,394,13335.231641
17.0,497,13338.700202
21.0,361,13341.233522
36.0,596,13345.476297
21.0,486,13348.996857
19.0,700,13353.884296
24.0,610,13358.150714
27.0,865,13364.209206
17.0,375,13366.902014
21.0,649,13371.501444
26.0,1625,13382.797914
9.0,444,13385.952664
16.0,465,13389.286817
16.0,427,13392.297596
20.0,584,13396.407087
16.0,327,13398.710026
17.0,473,13402.108934
14.0,464,13405.359949
17.0,377,13408.012198
10.0,450,13411.180139
18.0,532,13414.986415
15.0,402,13417.819106
14.0,366,13420.403297
29.0,643,13424.84488
6.0,318,13427.160737
9.0,456,13430.34863
20.0,418,13433.276155
20.0,398,13436.105368
17.0,355,13438.652654
22.0,617,13442.965132
15.0,543,13446.770956
24.0,474,13450.115749
2.0,180,13451.430933
17.0,467,13454.718133
29.0,639,13459.194048
17.0,567,13463.151374
17.0,342,13465.627394
4.0,261,13467.432716
19.0,546,13471.25576
15.0,547,13475.072153
15.0,604,13479.445148
9.0,448,13482.580944
10.0,504,13486.109322
11.0,500,13489.616919
13.0,477,13493.048056
13.0,492,13496.525166
11.0,517,13500.170593
15.0,422,13503.121798
16.0,586,13507.322974
20.0,578,13511.374697
10.0,467,13514.663238
10.0,458,13517.878914
17.0,627,13522.345371
23.0,438,13525.408008
14.0,459,13528.639237
28.0,1002,13535.683695
25.0,615,13540.113856
25.0,547,13543.972829
16.0,426,13546.947864
17.0,339,13549.335562
23.0,586,13553.541142
6.0,305,13555.717766
23.0,689,13560.555618
25.0,962,13567.273207
12.0,535,13571.137623
10.0,507,13574.692727
10.0,579,13578.79671
12.0,517,13582.476205
14.0,500,13586.064481
24.0,657,13590.72621
19.0,603,13594.963315
20.0,347,13597.428156
18.0,391,13600.21419
10.0,390,13602.962023
24.0,732,13608.084404
12.0,408,13610.953849
18.0,642,13615.531429
10.0,366,13618.190395
18.0,515,13621.832194
21.0,456,13625.032842
12.0,425,13628.051536
13.0,499,13631.56589
30.0,444,13634.681013
16.0,446,13637.82184
9.0,436,13640.942336
2.0,199,13642.381686
25.0,644,13646.910156
13.0,544,13650.727125
12.0,402,13653.635745
13.0,456,13656.861452
14.0,507,13660.417752
23.0,701,13665.360041
17.0,586,13669.58911
13.0,623,13674.021438
17.0,647,13678.544642
9.0,340,13680.926651
22.0,674,13685.722465
23.0,543,13689.524102
26.0,691,13694.418113
19.0,535,13698.211792
29.0,734,13703.517363
9.0,451,13706.682015
31.0,463,13709.947195
22.0,410,13712.829367
20.0,429,13715.928963
17.0,505,13719.471952
24.0,606,13723.749433
15.0,519,13727.432298
20.0,610,13731.793622
10.0,427,13734.774399
18.0,413,13737.706023
19.0,567,13741.678832
23.0,548,13745.603926
27.0,567,13749.565745
18.0,545,13753.427274
20.0,541,13757.234838
11.0,413,13760.224707
20.0,458,13763.485858
9.0,422,13766.444717
25.0,625,13770.814543
17.0,548,13774.780864
25.0,779,13780.267354
25.0,455,13783.492442
17.0,461,13786.736578
26.0,593,13790.953408
15.0,628,13795.417238
19.0,563,13799.452274
12.0,408,13802.337654
11.0,396,13805.200316
24.0,538,13809.022358
19.0,689,13813.978827
11.0,546,13817.839227
8.0,403,13820.784787
12.0,615,13825.155052
25.0,509,13828.766738
13.0,464,13832.022169
23.0,719,13837.191349
17.0,493,13840.691655
19.0,562,13844.690313
14.0,467,13847.985346
21.0,488,13851.491721
14.0,630,13855.90967
11.0,405,13858.792427
12.0,457,13862.013829
16.0,392,13864.840913
34.0,637,13869.352084
14.0,502,13872.891514
27.0,685,13877.731377
24.0,403,13880.663511
18.0,685,13885.54173
18.0,658,13890.207418
15.0,557,13894.148959
19.0,551,13898.156175
17.0,560,13902.120423
27.0,513,13905.727488
12.0,555,13909.678928
21.0,355,13912.278149
20.0,583,13916.408747
9.0,439,13919.530547
24.0,706,13924.525582
12.0,560,13928.543544
12.0,456,13931.797172
22.0,573,13935.865209
16.0,441,13938.986542
14.0,493,13942.585417
17.0,647,13947.172361
21.0,510,13950.769159
18.0,527,13954.487828
29.0,617,13958.944649
17.0,464,13962.221038
15.0,548,13966.09639
21.0,640,13970.61125
22.0,517,13974.402825
22.0,533,13978.193271
16.0,465,13981.495271
15.0,526,13985.230498
14.0,382,13987.972234
21.0,634,13992.438038
30.0,553,13996.312598
16.0,567,14000.304821
16.0,624,14004.793761
15.0,447,14007.932468
20.0,463,14011.156081
31.0,799,14016.738694
23.0,548,14020.668295
13.0,581,14024.729676
28.0,598,14028.937963
20.0,422,14031.887359
22.0,555,14035.827758
17.0,334,14038.187377
20.0,459,14041.378364
31.0,730,14046.484224
16.0,447,14049.68608
6.0,325,14051.958853
23.0,449,14055.059063
7.0,400,14057.86178
7.0,404,14060.739073
16.0,596,14064.912034
20.0,464,14068.134115
27.0,679,14073.069948
12.0,548,14076.993685
11.0,510,14080.523728
23.0,618,14084.82424
14.0,519,14088.440413
8.0,390,14091.24877
14.0,485,14094.642552
16.0,660,14099.272133
20.0,393,14102.000199
22.0,545,14105.847226
9.0,413,14108.74066
17.0,618,14113.073364
12.0,545,14116.825464
16.0,565,14121.100975
23.0,447,14124.849902
31.0,463,14128.222652
35.0,580,14132.30535
31.0,542,14136.139101
16.0,494,14139.588928
13.0,492,14143.039056
7.0,377,14145.689069
14.0,514,14149.355411
26.0,490,14152.803313
14.0,503,14156.321935
27.0,705,14161.189868
23.0,497,14164.724146
17.0,339,14167.105298
46.0,532,14170.849126
12.0,545,14174.626313
25.0,587,14178.809452
9.0,448,14181.988111
19.0,452,14185.121136
15.0,379,14187.770966
17.0,602,14192.045343
21.0,628,14196.410358
24.0,603,14200.587377
15.0,580,14204.620472
12.0,501,14208.154478
9.0,308,14210.315212
22.0,377,14212.920379
20.0,457,14216.120403
20.0,440,14219.262355
27.0,585,14223.392503
13.0,329,14225.720557
18.0,485,14229.153255
16.0,566,14233.41488
8.0,374,14236.459012
17.0,466,14240.207274
18.0,491,14244.006788
23.0,512,14247.998345
12.0,279,14250.062374
21.0,471,14253.598639
19.0,590,14258.0728
16.0,478,14261.556933
14.0,489,14265.152686
17.0,472,14268.619277
18.0,406,14271.615677
8.0,392,14274.506791
29.0,680,14279.469581
17.0,670,14284.318306
20.0,598,14288.632534
20.0,651,14293.386569
17.0,472,14296.81618
15.0,645,14301.505432
16.0,610,14305.883227
24.0,603,14310.268105
18.0,528,14314.087378
17.0,472,14317.493343
30.0,795,14323.233133
22.0,673,14328.11545
17.0,463,14331.471363
20.0,652,14336.185057
13.0,438,14339.35818
6.0,343,14341.924932
18.0,423,14345.013666
17.0,504,14348.684539
6.0,303,14350.900924
9.0,433,14354.103775
20.0,346,14356.726009
12.0,829,14362.80019
20.0,591,14367.059163
24.0,563,14371.140497
28.0,384,14373.936965
10.0,505,14377.613587
28.0,676,14382.484504
19.0,440,14385.706834
23.0,582,14389.923181
13.0,588,14394.155766
30.0,448,14397.38304
18.0,391,14400.251865
24.0,716,14405.412596
23.0,567,14409.490956
24.0,957,14416.405985
20.0,605,14420.818368
19.0,440,14424.032338
20.0,1327,14433.63248
17.0,438,14436.816676
27.0,712,14442.038871
16.0,548,14446.017116
17.0,483,14449.521368
31.0,471,14452.925545
10.0,441,14456.160835
26.0,491,14459.700248
12.0,297,14461.863869
15.0,559,14465.903764
16.0,460,14469.264034
10.0,348,14471.770341
23.0,449,14475.014131
22.0,459,14478.348684
15.0,496,14481.960898
22.0,541,14485.838224
6.0,363,14488.466178
18.0,700,14493.494172
21.0,399,14496.409596
16.0,476,14499.921168
24.0,407,14502.862885
19.0,582,14507.073004
7.0,363,14509.715451
22.0,498,14513.364676
18.0,629,14517.915464
13.0,463,14521.25307
21.0,658,14526.028894
27.0,569,14530.146226
13.0,618,14534.603802
24.0,619,14539.085598
17.0,626,14543.637129
14.0,526,14547.465896
13.0,429,14550.543991
18.0,488,14554.221362
13.0,472,14557.775316
11.0,496,14561.448131
20.0,598,14566.596112
13.0,592,14570.988668
31.0,736,14576.307171
30.0,796,14582.098091
29.0,654,14586.770319
3.0,247,14588.53505
20.0,694,14593.50427
18.0,652,14598.179463
21.0,1077,14605.913701
22.0,548,14609.760714
18.0,470,14613.141289
19.0,596,14617.354539
4.0,267,14619.32263
23.0,455,14622.584479
23.0,505,14626.231632
7.0,361,14628.809694
12.0,558,14632.773185
15.0,568,14636.818243
20.0,440,14640.011301
17.0,483,14643.457589
3.0,233,14645.181141
20.0,416,14648.131696
9.0,420,14651.167249
23.0,605,14655.471505
41.0,654,14660.120793
27.0,533,14663.945169
24.0,623,14668.374814
23.0,513,14672.059712
16.0,571,14676.289156
45.0,686,14681.306091
22.0,536,14685.200415
27.0,441,14688.332204
14.0,366,14690.945454
15.0,548,14694.821872
26.0,1142,14702.960955
40.0,630,14707.431641
11.0,470,14710.752055
23.0,426,14713.799084
12.0,304,14716.03255
25.0,659,14720.690951
31.0,523,14724.468599
22.0,631,14728.96558
20.0,704,14734.038167
18.0,634,14738.550475
4.0,257,14740.370682
20.0,433,14743.444409
25.0,549,14747.360417
26.0,651,14752.011757
20.0,432,14755.091911
18.0,544,14758.900442
16.0,553,14762.889355
22.0,410,14765.795198
10.0,371,14768.400978
23.0,465,14771.748106
27.0,528,14775.564904
27.0,689,14780.485928
25.0,476,14783.946826
17.0,499,14787.519926
25.0,477,14790.917638
15.0,450,14794.12658
20.0,501,14797.762562
6.0,315,14799.977916
18.0,487,14803.494924
31.0,524,14807.263576
12.0,560,14811.253452
10.0,470,14814.652271
20.0,587,14818.879137
10.0,334,14821.27456
19.0,452,14824.474144
14.0,345,14826.910824
19.0,393,14829.724998
30.0,546,14833.605865
15.0,573,14837.663372
23.0,456,14840.916048
16.0,415,14843.908948
18.0,539,14847.744462
21.0,395,14850.536269
32.0,600,14854.840695
19.0,415,14857.84194
22.0,508,14861.468384
6.0,361,14864.00417
7.0,366,14866.610272
21.0,488,14870.156121
27.0,558,14874.146634
17.0,618,14878.552298
19.0,450,14881.765167
15.0,540,14885.699381
9.0,302,14887.86892
22.0,518,14891.541334
10.0,346,14894.004357
18.0,489,14897.513519
13.0,345,14899.966547
17.0,376,14902.645894
9.0,419,14905.613249
32.0,687,14910.535501
10.0,503,14914.058053
37.0,549,14917.980088
16.0,537,14921.750423
34.0,528,14925.734451
7.0,351,14928.248699
12.0,420,14931.284319
16.0,420,14934.299608
22.0,463,14937.733127
14.0,359,14940.396462
3.0,245,14942.132613
11.0,376,14944.796845
26.0,722,14949.898033
20.0,647,14954.429927
25.0,500,14957.895917
13.0,531,14961.580954
22.0,580,14965.714414
23.0,488,14969.130844
1.0,150,14970.164153
16.0,445,14973.247275
24.0,548,14977.18066
13.0,539,14980.963811
15.0,536,14984.712358
16.0,481,14988.033141
19.0,573,14992.163751
18.0,544,14995.980289
12.0,403,14998.774391
18.0,639,15003.224049
24.0,443,15006.4134
21.0,584,15010.479772
24.0,628,15014.842588
14.0,527,15018.519156
16.0,505,15022.096263
26.0,526,15025.76271
37.0,508,15029.295785
24.0,479,15032.629416
14.0,484,15036.12923
24.0,442,15039.21235
25.0,481,15042.579092
23.0,565,15046.527477
13.0,329,15048.911974
25.0,517,15052.578955
12.0,594,15056.719174
15.0,541,15060.445245
22.0,415,15063.42829
7.0,366,15066.016971
21.0,400,15068.795627
16.0,365,15071.328151
7.0,362,15073.916762
24.0,598,15078.078703
24.0,443,15081.16169
7.0,392,15083.94443
19.0,371,15086.606738
12.0,571,15090.578595
25.0,493,15093.978217
16.0,542,15097.760769
17.0,352,15100.322495
22.0,1841,15113.110771
18.0,557,15116.963008
22.0,515,15120.544642
36.0,717,15125.626535
18.0,404,15128.426609
17.0,475,15131.759855
11.0,467,15135.030355
23.0,450,15138.22754
9.0,433,15141.276236
15.0,452,15144.476267
22.0,376,15147.126625
22.0,519,15150.80551
20.0,420,15153.776381
15.0,436,15156.825736
19.0,575,15160.796276
10.0,510,15164.442869
25.0,680,15169.225449
10.0,508,15172.79212
9.0,429,15175.775345
16.0,446,15178.976354
12.0,407,15181.841762
32.0,475,15185.191694
23.0,561,15189.325115
9.0,453,15192.658088
15.0,639,15197.275203
7.0,361,15199.874638
22.0,573,15204.057347
12.0,574,15208.24526
9.0,413,15211.193168
11.0,413,15214.181077
8.0,391,15216.990822
11.0,540,15220.968251
16.0,613,15225.457383
18.0,615,15229.91
14.0,454,15233.206971
20.0,416,15236.324519
30.0,807,15242.248393
28.0,652,15246.942404
31.0,612,15251.730212
22.0,504,15255.603132
16.0,481,15259.101824
15.0,357,15261.633107
21.0,464,15264.935041
17.0,436,15268.224237
17.0,609,15272.52421
11.0,511,15276.15997
29.0,524,15279.856822
10.0,471,15283.277633
9.0,324,15285.579006
4.0,240,15287.274069
30.0,486,15290.694878
35.0,723,15295.852068
20.0,592,15299.998909
21.0,482,15303.372313
10.0,346,15305.810156
23.0,452,15309.043534
6.0,320,15311.284612
11.0,537,15315.014461
37.0,674,15319.709321
20.0,546,15323.619287
25.0,645,15328.137265
20.0,459,15331.35613
24.0,439,15334.457424
26.0,711,15339.557334
34.0,509,15343.090993
6.0,345,15345.511332
12.0,583,15349.611925
16.0,442,15352.802905
19.0,451,15355.949439
19.0,438,15359.14415
21.0,398,15361.930383
4.0,242,15363.736775
24.0,471,15367.076426
16.0,555,15370.989239
21.0,530,15374.744215
17.0,405,15377.648248
7.0,372,15380.252841
14.0,522,15383.993131
18.0,528,15387.694034
21.0,500,15391.302674
18.0,426,15394.313305
11.0,496,15397.82318
5.0,307,15399.973031
22.0,520,15403.723798
9.0,324,15406.000969
14.0,359,15408.551122
20.0,573,15412.603078
23.0,555,15416.535337
18.0,628,15420.969002
6.0,328,15423.290234
13.0,330,15425.618273
27.0,727,15430.824554
11.0,529,15434.523832
17.0,335,15436.868559
19.0,380,15439.542789
7.0,422,15442.598839
7.0,376,15445.24968
8.0,413,15448.175721
9.0,447,15451.307116
19.0,451,15454.538922
10.0,466,15457.817556
3.0,229,15459.430253
11.0,401,15462.254335
26.0,651,15467.002297
29.0,711,15472.225263
22.0,435,15475.279799
21.0,361,15477.805273
13.0,601,15482.083246
21.0,496,15485.609856
18.0,492,15489.09315
17.0,377,15491.768878
9.0,470,15495.156555
29.0,550,15499.064693
20.0,472,15502.460866
14.0,346,15504.922156
16.0,591,15509.168722
13.0,329,15511.503382
21.0,512,15515.136799
18.0,399,15517.942474
20.0,580,15522.124013
16.0,629,15526.575025
28.0,653,15531.165898
23.0,654,15535.761103
23.0,391,15538.640338
15.0,416,15541.585379
13.0,567,15545.586463
20.0,471,15548.906932
16.0,435,15552.017384
22.0,540,15555.820784
26.0,455,15559.02073
26.0,434,15562.128597
4.0,281,15564.198158
31.0,648,15568.733165
22.0,644,15573.252344
15.0,429,15576.244409
31.0,473,15579.627613
15.0,812,15585.320865
30.0,610,15589.631666
24.0,440,15592.719691
14.0,695,15597.737775
19.0,440,15600.828137
7.0,386,15603.547024
14.0,491,15606.991868
13.0,593,15611.201946
15.0,502,15614.699272
18.0,507,15618.239755
31.0,516,15621.896749
15.0,400,15624.7496
18.0,527,15628.705935
26.0,546,15632.569023
20.0,347,15634.990974
23.0,461,15638.310216
22.0,435,15641.343371
20.0,461,15644.602216
31.0,444,15647.71831
16.0,326,15650.084154
16.0,447,15653.249596
27.0,583,15657.355881
12.0,565,15661.338048
17.0,597,15665.605188
17.0,472,15668.941309
37.0,532,15672.664379
12.0,442,15675.78825
19.0,370,15678.462236
17.0,340,15680.859329
20.0,480,15684.253042
22.0,376,15686.878714
21.0,391,15689.728029
20.0,483,15693.147212
8.0,411,15696.013397
28.0,422,15698.968862
4.0,277,15700.980128
20.0,490,15704.442572
22.0,487,15707.860795
13.0,354,15710.346559
12.0,304,15712.536676
20.0,538,15716.281173
17.0,527,15719.965505
30.0,486,15723.362348
5.0,304,15725.570477
21.0,363,15728.069922
8.0,399,15730.873101
20.0,400,15733.65928
22.0,519,15737.363575
24.0,407,15740.204054
18.0,354,15742.67415
17.0,475,15746.018933
23.0,577,15750.121277
19.0,925,15756.579009
21.0,364,15759.115884
11.0,463,15762.378108
24.0,404,15765.287358
24.0,440,15768.368829
26.0,510,15771.985216
19.0,419,15774.922873
21.0,432,15778.045807
22.0,376,15780.709677
10.0,453,15783.895483
23.0,556,15787.790802
7.0,244,15789.58017
22.0,378,15792.237154
21.0,656,15796.831497
21.0,400,15799.655944
12.0,306,15801.927336
13.0,330,15804.244364
30.0,538,15808.000466
19.0,1155,15816.08201
6.0,291,15818.200488
10.0,330,15820.527423
16.0,436,15823.567765
11.0,527,15827.26805
15.0,520,15830.95667
10.0,396,15833.755835
9.0,302,15835.878169
18.0,455,15839.09056
31.0,422,15842.127558
22.0,518,15845.755939
20.0,584,15849.813686
18.0,497,15853.242251
16.0,320,15855.561904
11.0,391,15858.335843
31.0,533,15862.096898
10.0,462,15865.311654
5.0,293,15867.439279
13.0,367,15869.954657
7.0,387,15872.657156
17.0,455,15875.83491
14.0,617,15880.223794
16.0,327,15882.54416
20.0,672,15887.258371
14.0,381,15889.920681
19.0,369,15892.563775
16.0,386,15895.291299
22.0,377,15897.907162
14.0,378,15900.576959
14.0,337,15903.007885
21.0,493,15906.449603
28.0,421,15909.38131
10.0,487,15912.82461
28.0,419,15915.863491
13.0,463,15919.099686
11.0,265,15920.95987
22.0,377,15923.610783
11.0,424,15926.656954
18.0,525,15930.303857
7.0,376,15932.948095
19.0,538,15936.747497
10.0,358,15939.28193
23.0,399,15942.116398
15.0,507,15945.704628
9.0,489,15949.13098
18.0,396,15951.993635
23.0,629,15956.392518
13.0,568,15960.355655
28.0,455,15963.53857
13.0,354,15966.087235
19.0,370,15968.637591
14.0,402,15971.415081
25.0,627,15975.760406
14.0,498,15979.342956
18.0,496,15982.866748
25.0,543,15986.643294
15.0,343,15989.019742
19.0,374,15991.734572
18.0,504,15995.269189
21.0,583,15999.356425
23.0,393,16002.119564
38.0,746,16007.37225
19.0,442,16010.453718
11.0,379,16013.1393
8.0,381,16015.787948
15.0,404,16018.642659
6.0,317,16020.839492
16.0,547,16024.712009
14.0,524,16028.362581
10.0,437,16031.488417
17.0,499,16034.990149
19.0,424,16037.926496
22.0,452,16041.084926
21.0,578,16045.240164
22.0,491,16048.685827
23.0,457,16051.857123
14.0,345,16054.281388
12.0,378,16056.969296
11.0,511,16060.572595
24.0,405,16063.42049
26.0,554,16067.331252
22.0,665,16072.117634
14.0,471,16075.448145
19.0,572,16079.460629
22.0,540,16083.247869
20.0,349,16085.780732
30.0,449,16088.920398
11.0,522,16092.590653
21.0,515,16096.167912
16.0,719,16101.306031
21.0,362,16103.889597
17.0,494,16107.335676
8.0,274,16109.269839
22.0,378,16111.966499
21.0,667,16116.630402
14.0,588,16120.717288
14.0,471,16124.020527
24.0,742,16129.223744
18.0,370,16131.824811
12.0,305,16133.951389
22.0,512,16137.533451
6.0,298,16139.663533
17.0,467,16142.959911
29.0,435,16146.017139
15.0,528,16149.69935
17.0,706,16154.684124
15.0,542,16158.514205
32.0,676,16163.297014
14.0,471,16166.611857
20.0,446,16169.805308
11.0,376,16172.447246
19.0,382,16175.127527
16.0,428,16178.097908
22.0,480,16181.524755
15.0,322,16183.762041
15.0,677,16188.443341
28.0,670,16193.143714
20.0,402,16195.991487
17.0,342,16198.40431
15.0,432,16201.470678
9.0,310,16203.625265
14.0,406,16206.55726
25.0,441,16209.623733
12.0,419,16212.537668
30.0,450,16215.674764
34.0,565,16219.685336
21.0,433,16222.742324
16.0,410,16225.582243
23.0,392,16228.330281
16.0,566,16232.380822
16.0,430,16235.359957
24.0,487,16238.746128
24.0,595,16242.908891
21.0,372,16245.572125
17.0,472,16248.863802
17.0,480,16252.197431
17.0,473,16255.487075
21.0,493,16259.007613
22.0,378,16261.653783
7.0,375,16264.268234
20.0,469,16267.572588
13.0,468,16270.915699
16.0,451,16274.074011
14.0,528,16277.742018
20.0,486,16281.159395
19.0,532,16285.096918
15.0,565,16289.039318
12.0,279,16290.998472
8.0,272,16292.927081
18.0,425,16295.948031
22.0,559,16299.843312
13.0,330,16302.124207
21.0,363,16304.655593
23.0,444,16307.902805
32.0,480,16311.298658
13.0,468,16314.598772
18.0,390,16317.330655
26.0,826,16323.196601
10.0,493,16326.656355
16.0,327,16328.945198
8.0,406,16331.823338
4.0,262,16333.748121
22.0,569,16337.76028
19.0,383,16340.458115
13.0,442,16343.602815
14.0,547,16347.487717
12.0,531,16351.175526
16.0,411,16354.071117
17.0,443,16357.209902
16.0,327,16359.60239
19.0,451,16362.767295
12.0,447,16365.912989
25.0,461,16369.150867
19.0,371,16371.953991
17.0,376,16374.74358
10.0,524,16378.542133
20.0,350,16381.023531
12.0,542,16384.904939
22.0,1975,16398.660328
23.0,550,16402.566537
10.0,458,16405.795132
4.0,292,16407.904277
20.0,385,16410.585146
19.0,487,16414.017749
19.0,371,16416.601682
10.0,358,16419.141506
22.0,412,16422.026674
19.0,519,16425.680942
18.0,375,16428.307577
25.0,430,16431.381387
22.0,377,16434.023174
10.0,337,16436.4151
19.0,379,16439.067366
17.0,467,16442.415723
18.0,357,16444.909871
18.0,689,16449.716134
11.0,265,16451.563053
6.0,340,16454.021797
8.0,401,16456.819
23.0,566,16460.764736
24.0,406,16463.628552
10.0,454,16466.892757
11.0,265,16468.744457
16.0,535,16472.510384
16.0,594,16476.623638
31.0,423,16479.6407
16.0,335,16481.978369
22.0,374,16484.58022
24.0,459,16487.793488
21.0,363,16490.424132
17.0,341,16492.814174
31.0,425,16495.789418
23.0,391,16498.534816
7.0,361,16501.127436
16.0,568,16505.090697
5.0,309,16507.258372
23.0,590,16511.392141
19.0,476,16514.773674
19.0,533,16518.478426
15.0,511,16522.071101
19.0,380,16524.740614
14.0,463,16528.035004
13.0,613,16532.635627
21.0,362,16535.180881
25.0,493,16538.636057
22.0,625,16543.048262
7.0,374,16545.659904
22.0,378,16548.298708
24.0,452,16551.474092
30.0,509,16555.065103
12.0,306,16557.216215
27.0,450,16560.359237
7.0,424,16563.281644
18.0,503,16566.87787
21.0,391,16569.617111
5.0,658,16574.160178
16.0,327,16576.42675
6.0,316,16578.693894
17.0,339,16581.062624
20.0,718,16586.110518
13.0,441,16589.189662
10.0,497,16592.727351
25.0,488,16596.14105
17.0,374,16598.687811
19.0,413,16601.553562
12.0,492,16605.047177
4.0,271,16606.958215
23.0,518,16610.577128
21.0,492,16614.173183
12.0,300,16616.348302
21.0,523,16619.968748
16.0,327,16622.262251
15.0,498,16625.716709
16.0,339,16628.11389
22.0,558,16632.011602
18.0,364,16634.534285
5.0,305,16636.654804
33.0,689,16641.513138
6.0,345,16643.959732
19.0,589,16648.061519
15.0,1169,16656.129794
14.0,581,16660.244568
12.0,445,16663.327624
26.0,496,16666.780124
25.0,420,16669.756322
19.0,451,16672.942102
17.0,380,16675.578029
21.0,363,16678.106944
22.0,377,16680.732993
22.0,388,16683.502025
15.0,426,16686.494849
15.0,565,16690.383497
15.0,544,16694.161995
20.0,381,16696.881418
4.0,257,16698.690155
30.0,531,16702.409284
31.0,555,16706.276859
26.0,394,16709.096284
24.0,587,16713.14044
23.0,392,16715.879026
20.0,381,16718.565472
2.0,197,16720.011987
29.0,666,16724.648736
13.0,328,16726.929805
13.0,314,16729.121218
12.0,454,16732.348989
17.0,469,16735.618438
17.0,442,16738.694538
13.0,493,16742.110426
23.0,562,16746.096632
11.0,425,16749.036903
19.0,597,16753.201705
9.0,450,16756.359113
14.0,619,16760.734288
26.0,438,16763.818935
14.0,476,16767.143388
8.0,441,16770.224814
17.0,524,16773.954305
12.0,411,16776.823889
18.0,484,16780.184399
20.0,602,16784.393892
21.0,363,16786.979442
18.0,619,16791.32334
7.0,360,16793.843139
19.0,467,16797.102057
23.0,393,16799.915742
13.0,445,16803.005771
12.0,605,16807.260125
24.0,416,16810.170933
16.0,322,16812.477369
9.0,416,16815.38756
25.0,646,16819.921396
13.0,354,16822.425495
17.0,341,16824.882026
29.0,437,16827.92743
26.0,683,16832.687172
24.0,610,16836.975215
17.0,612,16841.322866
16.0,447,16844.466179
14.0,517,16848.099019
23.0,500,16851.573043
36.0,518,16855.249377
13.0,440,16858.325954
18.0,359,16860.847891
18.0,349,16863.304246
19.0,897,16869.673534
22.0,375,16872.273277
22.0,499,16875.748104
24.0,404,16878.593008
16.0,448,16881.789532
4.0,243,16883.528754
21.0,363,16886.07534
17.0,576,16890.087026
16.0,446,16893.250644
10.0,467,16896.529489
6.0,336,16898.87666
13.0,337,16901.195551
24.0,408,16904.107285
21.0,363,16906.679367
21.0,393,16909.436841
17.0,598,16913.6378
23.0,451,16916.848093
9.0,412,16919.711951
9.0,417,16922.650055
9.0,403,16925.461105
14.0,467,16928.810963
29.0,436,16931.851141
8.0,388,16934.557923
18.0,531,16938.275947
22.0,377,16940.981739
23.0,450,16944.204539
17.0,458,16947.401694
23.0,411,16950.267354
10.0,336,16952.660309
16.0,610,16956.88143
21.0,361,16959.391427
12.0,427,16962.347477
31.0,424,16965.408031
17.0,350,16967.862285
9.0,434,16970.9384
12.0,300,16973.071197
17.0,341,16975.556532
17.0,493,16979.00307
17.0,403,16981.847123
9.0,297,16983.933512
18.0,367,16986.573536
18.0,364,16989.103218
29.0,391,16991.840438
12.0,423,16994.820892
3.0,211,16996.380045
21.0,399,16999.200761
21.0,362,17001.738866
22.0,408,17004.657789
26.0,559,17008.651135
26.0,395,17011.43672
21.0,397,17014.209561
12.0,279,17016.171721
13.0,335,17018.598522
31.0,472,17021.912245
24.0,400,17024.714624
21.0,441,17027.836396
20.0,392,17030.659445
12.0,433,17033.695029
21.0,363,17036.232259
16.0,325,17038.498595
21.0,1644,17050.160735
19.0,371,17052.794047
15.0,409,17055.67063
13.0,441,17058.802397
15.0,414,17061.844044
28.0,485,17065.271409
17.0,458,17068.462404
15.0,514,17072.08074
14.0,494,17075.658279
39.0,611,17079.978053
22.0,377,17082.607406
21.0,457,17085.801189
19.0,371,17088.463845
19.0,532,17092.189268
13.0,471,17095.44616
7.0,386,17098.160536
17.0,498,17101.675833
22.0,480,17105.015792
29.0,560,17108.868584
20.0,422,17111.827671
15.0,691,17116.715959
23.0,401,17119.542299
22.0,517,17123.166579
15.0,415,17126.062732
18.0,545,17130.322374
18.0,355,17132.91143
20.0,349,17135.36595
28.0,429,17138.365848
17.0,579,17142.458535
23.0,402,17145.260653
25.0,526,17148.941559
10.0,498,17152.398558
15.0,568,17156.491901
23.0,389,17159.196622
8.0,392,17161.914939
24.0,454,17165.054149
22.0,673,17169.815128
14.0,503,17173.313595
29.0,446,17176.441025
15.0,452,17179.630792
28.0,420,17182.663956
22.0,375,17185.319371
13.0,451,17188.547063
21.0,550,17192.412148
5.0,296,17194.546905
12.0,440,17197.646834
21.0,625,17201.980065
18.0,545,17205.766157
16.0,451,17209.013251
14.0,497,17212.496921
11.0,390,17215.22993
24.0,406,17218.096488
8.0,387,17220.863982
20.0,546,17224.652162
15.0,376,17227.262684
20.0,389,17229.979369
21.0,489,17233.462641
17.0,427,17236.479307
25.0,430,17239.479129
23.0,396,17242.305043
10.0,356,17244.879404
26.0,475,17248.195503
16.0,438,17251.247131
25.0,415,17254.145566
25.0,459,17257.447139
25.0,431,17260.462319
8.0,416,17263.36237
20.0,572,17267.33389
7.0,351,17269.861571
24.0,627,17274.295271
9.0,478,17277.77812
19.0,519,17281.401516
29.0,485,17284.86147
14.0,514,17288.411902
27.0,555,17292.327116
16.0,325,17294.594264
11.0,556,17298.550711
13.0,483,17301.954364
9.0,422,17304.927324
22.0,375,17307.547391
22.0,377,17310.240282
32.0,500,17313.777135
12.0,452,17316.914231
14.0,498,17320.39892
14.0,497,17323.927079
18.0,349,17326.393797
26.0,393,17329.160024
10.0,759,17334.449679
25.0,629,17339.009613
19.0,372,17341.609819
11.0,531,17345.294945
23.0,392,17348.020483
31.0,464,17351.321555
12.0,306,17353.465914
17.0,341,17355.87701
24.0,1456,17366.092481
13.0,565,17370.139384
31.0,459,17373.325595
27.0,530,17377.158772
8.0,425,17380.297916
15.0,572,17384.525381
24.0,531,17388.37561
14.0,626,17392.858369
21.0,402,17395.775117
16.0,358,17398.474824
14.0,337,17400.975305
22.0,376,17403.841406
22.0,470,17407.256076
21.0,471,17410.823189
29.0,517,17414.573862
12.0,442,17417.724395
22.0,441,17420.924221
10.0,461,17424.32398
19.0,571,17428.408783
18.0,394,17431.210102
5.0,298,17433.464206
12.0,400,17436.467419
26.0,550,17440.329307
19.0,433,17443.797249
12.0,300,17446.081352
37.0,510,17449.883354
6.0,305,17452.096424
25.0,665,17456.732993
26.0,678,17461.570831
16.0,567,17465.634171
22.0,376,17468.261253
15.0,536,17471.98007
11.0,397,17474.737297
16.0,556,17478.688345
13.0,958,17485.382702
22.0,377,17488.055111
12.0,402,17490.860363
17.0,353,17493.422114
23.0,495,17496.8816
29.0,443,17499.99259
20.0,436,17503.061742
29.0,520,17506.789032
12.0,442,17509.88278
15.0,601,17514.126024
14.0,365,17516.668017
13.0,330,17518.992447
19.0,441,17522.089424
18.0,395,17524.833691
21.0,514,17528.417147
24.0,416,17531.370467
17.0,499,17534.865334
17.0,597,17539.038438
22.0,549,17542.881917
3.0,244,17544.661967
10.0,482,17548.011697
16.0,366,17550.591345
22.0,614,17554.852746
24.0,455,17558.124545
21.0,483,17561.52505
22.0,499,17565.012487
10.0,394,17567.749114
15.0,408,17570.684951
15.0,489,17574.114563
31.0,463,17577.331643
19.0,443,17580.431031
16.0,593,17584.629566
13.0,312,17586.841149
9.0,441,17589.929798
24.0,423,17592.880851
4.0,263,17594.788471
25.0,473,17598.050367
16.0,428,17601.05079
12.0,517,17604.694114
12.0,1474,17614.98601
25.0,437,17618.047504
18.0,1348,17627.419439
21.0,465,17630.647372
33.0,567,17634.720869
36.0,493,17638.142694
22.0,644,17642.59002
16.0,562,17646.489019
9.0,294,17648.614738
21.0,482,17651.973123
11.0,407,17654.829814
19.0,695,17659.681545
27.0,534,17663.507804
28.0,377,17666.112281
15.0,404,17668.9399
6.0,324,17671.217532
22.0,485,17674.687782
25.0,456,17677.875694
24.0,638,17682.3363
18.0,532,17686.049479
10.0,495,17689.560862
14.0,607,17693.817066
18.0,388,17696.516686
21.0,428,17699.489614
16.0,461,17702.796978
12.0,418,17705.688073
13.0,487,17709.114294
33.0,468,17712.380992
20.0,606,17716.690178
23.0,585,17720.764436
24.0,463,17724.034374
18.0,530,17727.710472
18.0,427,17730.755148
23.0,436,17733.812667
16.0,446,17736.880825
11.0,380,17739.53844
11.0,942,17746.204183
22.0,376,17748.820333
16.0,561,17752.69933
12.0,551,17756.55794
24.0,501,17760.103104
12.0,475,17763.425953
20.0,383,17766.088202
17.0,339,17768.435252
21.0,362,17771.048123
10.0,444,17774.13821
12.0,414,17777.011329
11.0,265,17778.900795
14.0,618,17783.339504
16.0,365,17785.874007
12.0,441,17788.990904
10.0,453,17792.148794
25.0,420,17795.162202
13.0,328,17797.443089
16.0,338,17799.792603
13.0,606,17804.012582
30.0,532,17807.794158
18.0,388,17810.485389
23.0,390,17813.194838
15.0,612,17817.472103
26.0,559,17821.462003
13.0,491,17824.882425
4.0,276,17826.808809
11.0,549,17830.622412
23.0,460,17833.938983
18.0,424,17836.895791
20.0,527,17840.570654
23.0,392,17843.328865
21.0,403,17846.218779
21.0,1117,17854.011327
18.0,354,17856.470575
29.0,393,17859.22823
11.0,376,17861.90638
9.0,412,17864.778678
18.0,533,17868.500208
7.0,391,17871.263103
22.0,647,17875.890481
10.0,343,17878.324673
16.0,338,17880.698484
9.0,427,17883.677729
24.0,470,17887.072718
22.0,378,17889.695954
23.0,391,17892.443416
19.0,630,17896.895214
16.0,461,17900.219765
28.0,471,17903.555564
11.0,487,17906.954632
22.0,714,17911.930696
31.0,475,17915.348582
20.0,440,17918.461455
15.0,512,17922.066647
18.0,531,17925.77429
10.0,460,17929.083262
13.0,334,17931.434861
19.0,425,17934.460698
8.0,390,17937.237267
14.0,479,17940.667704
13.0,494,17944.147197
22.0,547,17947.985121
14.0,484,17951.352138
29.0,473,17954.744604
12.0,407,17957.61448
23.0,548,17961.470197
18.0,535,17965.263311
23.0,489,17968.796957
11.0,391,17971.557263
23.0,461,17974.836752
12.0,451,17978.032415
20.0,470,17981.417155
27.0,531,17985.164745
7.0,244,17986.904748
16.0,444,17990.044611
11.0,484,17993.515757
17.0,612,17997.749552
25.0,538,18001.501566
10.0,506,18005.044543
21.0,401,18007.909039
11.0,382,18010.587907
7.0,244,18012.309499
15.0,515,18015.913637
21.0,361,18018.523771
16.0,326,18020.835109
19.0,434,18023.897408
25.0,507,18027.453553
23.0,472,18030.820523
22.0,528,18034.60675
21.0,515,18038.204442
22.0,376,18040.819174
11.0,265,18042.751088
35.0,529,18046.463931
10.0,438,18049.554044
21.0,447,18052.681237
21.0,588,18056.888656
15.0,353,18059.340926
22.0,548,18063.166361
22.0,521,18066.78229
17.0,453,18069.995275
11.0,409,18072.862386
9.0,303,18074.958147
20.0,498,18078.453634
12.0,425,18081.483519
7.0,244,18083.210024
27.0,447,18086.318572
18.0,372,18088.882109
15.0,502,18092.585474
7.0,372,18095.189241
12.0,315,18097.396483
7.0,353,18099.861963
26.0,493,18103.417002
19.0,373,18106.034616
14.0,308,18108.201473
14.0,465,18111.453084
29.0,519,18115.175829
12.0,477,18118.487745
16.0,406,18121.274201
25.0,490,18124.686427
24.0,611,18129.100659
7.0,327,18131.392562
26.0,495,18134.828872
25.0,461,18138.072924
25.0,523,18141.813654
12.0,411,18144.726382
7.0,350,18147.178164
24.0,474,18150.499637
12.0,543,18154.335595
18.0,651,18158.868757
22.0,376,18161.48868
21.0,364,18164.019721
27.0,446,18167.198882
24.0,404,18170.033799
12.0,418,18172.993289
11.0,483,18176.361849
4.0,259,18178.273613
32.0,584,18182.3601
9.0,415,18185.259884
23.0,568,18189.204871
25.0,429,18192.260512
20.0,393,18194.966419
8.0,407,18197.844792
13.0,294,18199.921127
21.0,645,18204.516715
22.0,680,18209.291572
23.0,392,18212.01504
20.0,419,18214.944621
16.0,553,18218.843103
11.0,505,18222.361592
17.0,466,18225.611006
27.0,584,18229.685487
24.0,434,18232.778683
8.0,359,18235.30166
18.0,536,18239.043173
34.0,532,18242.738373
12.0,424,18245.790584
20.0,349,18248.224325
22.0,517,18251.826228
24.0,404,18254.622755
19.0,504,18258.2124
25.0,500,18261.734256
9.0,474,18265.088186
10.0,347,18267.520906
9.0,437,18270.637969
11.0,391,18273.363946
12.0,439,18276.401464
8.0,409,18279.264736
30.0,469,18282.614527
19.0,436,18285.64729
24.0,471,18288.932179
10.0,350,18291.378865
19.0,421,18294.390842
18.0,503,18297.880599
24.0,563,18301.818608
22.0,377,18304.494441
19.0,514,18308.297604
10.0,393,18311.058773
17.0,339,18313.457351
25.0,487,18316.846175
25.0,429,18319.935394
12.0,414,18322.838139
18.0,349,18325.255478
18.0,518,18328.880989
9.0,439,18332.021904
18.0,491,18335.42619
17.0,597,18339.599918
18.0,525,18343.278916
28.0,538,18347.105169
31.0,463,18350.343185
10.0,350,18352.805871
27.0,425,18355.780464
23.0,390,18358.584503
23.0,448,18361.698549
12.0,279,18363.61849
8.0,403,18366.437315
24.0,608,18370.726138
28.0,592,18374.831073
23.0,593,18378.985505
34.0,539,18382.787129
21.0,491,18386.287923
16.0,327,18388.557313
19.0,405,18391.418768
30.0,459,18394.646454
19.0,418,18397.652916
14.0,365,18400.204722
25.0,437,18403.254416
20.0,451,18406.4038
10.0,487,18409.889104
1.0,150,18410.933389
20.0,385,18413.637159
8.0,271,18415.526376
28.0,431,18418.600948
25.0,430,18421.617422
22.0,484,18424.96603
21.0,486,18428.354492
12.0,416,18431.345192
13.0,329,18433.636002
17.0,419,18436.578285
23.0,429,18439.580482
10.0,351,18442.167512
16.0,416,18445.186526
29.0,433,18448.190425
18.0,357,18450.700271
19.0,406,18453.610743
12.0,502,18457.104118
18.0,608,18461.31465
21.0,363,18463.831276
17.0,340,18466.264545
10.0,476,18469.591573
11.0,389,18472.331671
9.0,417,18475.241803
23.0,434,18478.381327
22.0,500,18481.879175
16.0,327,18484.159622
20.0,563,18488.096406
24.0,568,18492.122056
40.0,860,18498.092334
13.0,356,18500.569227
23.0,562,18504.477742
31.0,576,18508.52632
33.0,506,18512.040969
22.0,486,18515.411385
28.0,604,18519.613667
10.0,355,18522.160663
17.0,469,18525.415718
11.0,387,18528.095749
19.0,538,18531.848185
22.0,377,18534.544244
20.0,349,18536.965936
21.0,412,18539.870121
9.0,464,18543.102876
27.0,455,18546.339854
16.0,424,18549.281757
20.0,494,18552.674754
33.0,492,18556.106472
7.0,351,18558.650761
22.0,414,18561.568006
3.0,228,18563.196935
20.0,592,18567.335503
21.0,381,18570.053488
24.0,639,18574.4636
14.0,362,18576.977126
18.0,648,18581.457436
23.0,512,18585.115703
17.0,336,18587.425943
17.0,469,18590.624825
18.0,491,18594.05372
29.0,497,18597.559599
21.0,485,18600.951079
29.0,433,18603.940446
26.0,454,18607.078188
8.0,445,18610.268123
22.0,499,18613.738362
21.0,505,18617.264185
25.0,487,18620.641076
17.0,341,18623.161651
17.0,341,18625.534969
15.0,395,18628.291224
18.0,404,18631.097094
10.0,346,18633.586054
14.0,363,18636.140075
27.0,408,18638.963063
6.0,356,18641.461579
14.0,487,18644.924168
30.0,413,18647.78214
13.0,356,18650.269138
16.0,559,18654.184312
30.0,570,18658.195966
15.0,361,18660.682369
19.0,364,18663.210809
15.0,421,18666.139861
17.0,335,18668.540656
34.0,554,18672.422379
18.0,350,18674.850611
24.0,473,18678.15445
37.0,562,18682.156009
23.0,450,18685.286856
26.0,424,18688.244738
18.0,477,18691.549354
31.0,425,18694.547726
24.0,406,18697.355656
18.0,350,18699.786791
16.0,384,18702.460519
14.0,621,18706.875203
26.0,556,18710.759286
6.0,340,18713.132086
20.0,685,18717.925831
17.0,411,18720.876155
11.0,393,18723.647363
22.0,441,18726.682486
22.0,371,18729.264744
26.0,590,18733.434477
19.0,425,18736.418559
11.0,519,18740.047386
15.0,414,18742.985214
28.0,461,18746.274688
14.0,361,18748.799724
13.0,489,18752.195102
21.0,363,18754.74377
29.0,433,18757.805883
43.0,471,18761.077608
5.0,311,18763.25259
14.0,336,18765.591685
12.0,409,18768.525
16.0,598,18772.762329
27.0,530,18776.432768
17.0,340,18778.823184
22.0,484,18782.29046
11.0,401,18785.071811
15.0,560,18788.954395
20.0,574,18792.936046
9.0,301,18795.102336
8.0,423,18798.061563
21.0,479,18801.388666
19.0,393,18804.168916
21.0,504,18807.766155
8.0,292,18809.800672
17.0,463,18813.041955
13.0,381,18815.674611
15.0,528,18819.397629
12.0,433,18822.410742
22.0,450,18825.553536
26.0,515,18829.137784
14.0,470,18832.463131
22.0,544,18836.238504
35.0,595,18840.367527
22.0,528,18844.037837
32.0,524,18847.749957
21.0,394,18850.467625
22.0,564,18854.357307
14.0,501,18857.819593
25.0,504,18861.411567
15.0,397,18864.225793
30.0,452,18867.34286
20.0,636,18871.747486
26.0,434,18874.84342
17.0,335,18877.199517
20.0,624,18881.471442
44.0,670,18886.1148
39.0,609,18890.438923
10.0,367,18892.981097
15.0,552,18896.812494
27.0,406,18899.653545
20.0,576,18903.736748
26.0,467,18906.996375
22.0,504,18910.510523
25.0,628,18914.872757
7.0,373,18917.541075
45.0,609,18921.795836
29.0,489,18925.211711
20.0,432,18928.224471
23.0,450,18931.443113
21.0,470,18934.728339
12.0,437,18937.795506
20.0,388,18940.496979
19.0,411,18943.444947
15.0,450,18946.598708
34.0,523,18950.238565
9.0,319,18952.439811
24.0,746,18957.747011
18.0,621,18962.085105
11.0,484,18965.461108
16.0,419,18968.405347
17.0,483,18971.843908
31.0,464,18975.075575
23.0,391,18977.797664
18.0,392,18980.552438
17.0,462,18983.917497
12.0,418,18986.783987
24.0,415,18989.690235
32.0,521,18993.312202
30.0,460,18996.608519
23.0,582,19000.680694
12.0,421,19003.621162
22.0,698,19008.469758
12.0,563,19012.475342
22.0,522,19016.113481
10.0,359,19018.623803
16.0,592,19022.747419
27.0,523,19026.454783
28.0,420,19029.360638
26.0,434,19032.391301
23.0,400,19035.174419
24.0,442,19038.307463
23.0,389,19041.036524
13.0,330,19043.386243
12.0,566,19047.345725
19.0,572,19051.401074
13.0,352,19053.873224
24.0,415,19056.742148
10.0,450,19059.896589
32.0,517,19063.556084
29.0,392,19066.289806
17.0,500,19069.74872
7.0,360,19072.265092
16.0,440,19075.496068
20.0,614,19080.038786
7.0,393,19082.771802
15.0,357,19085.265378
43.0,469,19088.581989
35.0,615,19092.865633
14.0,338,19095.244027
18.0,1527,19105.947964
48.0,888,19112.173412
24.0,415,19115.068441
11.0,410,19117.931082
11.0,369,19120.497372
20.0,446,19123.668029
1.0,151,19124.715819
13.0,615,19128.980912
24.0,420,19131.903361
12.0,441,19135.022309
37.0,538,19138.751324
41.0,593,19142.846162
20.0,388,19145.508598
6.0,360,19148.097847
28.0,422,19150.998783
20.0,636,19155.388763
17.0,565,19159.360853
14.0,382,19162.106141
22.0,439,19165.144881
8.0,270,19167.031492
12.0,473,19170.333958
35.0,439,19173.438106
19.0,567,19177.352801
20.0,472,19180.730433
24.0,450,19184.013666
17.0,338,19186.437253
30.0,450,19189.553748
19.0,583,19193.584464
20.0,420,19196.484422
24.0,404,19199.358165
30.0,407,19202.17025
17.0,1353,19211.497143
15.0,432,19214.495126
29.0,437,19217.616735
13.0,463,19220.836347
6.0,356,19223.340207
25.0,530,19226.984251
7.0,317,19229.229592
12.0,446,19232.303795
16.0,470,19235.517821
19.0,531,19239.178863
15.0,445,19242.285586
30.0,430,19245.24708
13.0,464,19248.430849
11.0,424,19251.395239
9.0,457,19254.66523
20.0,616,19258.908331
12.0,304,19261.004506
25.0,418,19263.883506
22.0,505,19267.461296
6.0,321,19269.678339
17.0,463,19272.846738
6.0,345,19275.233728
20.0,486,19278.6836
17.0,455,19281.831723
18.0,534,19285.52926
17.0,473,19288.783042
21.0,372,19291.417659
11.0,422,19294.370959
8.0,293,19296.475655
4.0,261,19298.264003
8.0,293,19300.374785
22.0,570,19304.346226
10.0,440,19307.382262
8.0,294,19309.413076
13.0,508,19312.987984
29.0,392,19315.661422
34.0,570,19319.611353
7.0,352,19322.060815
64.0,649,19326.641277
21.0,523,19330.266989
8.0,296,19332.298596
12.0,427,19335.234589
30.0,456,19338.472616
25.0,523,19342.080469
15.0,679,19346.75197
19.0,382,19349.365502
25.0,424,19352.379266
20.0,468,19355.612774
23.0,425,19358.555388
22.0,491,19361.925462
23.0,520,19365.576991
5.0,274,19367.488324
18.0,357,19369.959804
18.0,618,19374.271418
14.0,366,19376.870313
23.0,392,19379.560552
15.0,513,19383.093796
20.0,379,19385.726878
23.0,522,19389.479622
20.0,402,19392.262857
17.0,1376,19401.726064
13.0,454,19404.897225
22.0,436,19407.991757
9.0,440,19411.026017
27.0,520,19414.579228
17.0,620,19418.874392
21.0,400,19421.694675
22.0,375,19424.430128
15.0,361,19427.173995
13.0,332,19429.607985
8.0,455,19432.957443
13.0,440,19436.079981
21.0,521,19439.794037
30.0,451,19442.957539
17.0,350,19445.524398
16.0,449,19448.692512
30.0,411,19451.674641
16.0,466,19455.074901
10.0,348,19457.63588
6.0,357,19460.239674
21.0,420,19463.390173
19.0,507,19467.056316
29.0,404,19470.128333
29.0,642,19474.672802
9.0,495,19478.183178
18.0,473,19481.658194
9.0,426,19484.72634
13.0,329,19487.03308
23.0,426,19490.373471
17.0,471,19494.049666
21.0,361,19496.823313
21.0,361,19499.44472
7.0,371,19502.047218
14.0,492,19505.479468
27.0,519,19509.568464
15.0,397,19512.459936
23.0,957,19519.362365
8.0,271,19521.266294
25.0,503,19524.871159
18.0,474,19528.141103
16.0,520,19531.743692
26.0,442,19534.821543
8.0,293,19536.923643
14.0,308,19539.046105
18.0,364,19541.583032
25.0,499,19545.11591
30.0,477,19548.480082
14.0,2200,19563.676877
7.0,388,19566.379529
18.0,551,19570.189437
13.0,356,19572.722519
18.0,423,19575.65373
31.0,516,19579.245624
27.0,406,19582.085164
29.0,436,19585.180245
22.0,375,19587.778085
11.0,265,19589.601083
19.0,567,19593.52042
32.0,463,19596.79088
43.0,568,19600.736706
21.0,355,19603.177971
16.0,592,19607.272558
11.0,395,19610.086687
21.0,516,19613.712317
24.0,484,19617.062073
22.0,452,19620.174744
20.0,461,19623.454392
23.0,548,19627.265712
39.0,546,19631.052395
26.0,486,19634.38311
23.0,428,19637.385509
5.0,300,19639.457396
18.0,503,19642.936968
17.0,371,19645.492987
27.0,530,19649.24813
21.0,452,19652.370087
29.0,437,19655.419856
22.0,490,19658.821516
17.0,648,19663.366674
12.0,279,19665.288402
29.0,568,19669.236551
37.0,473,19672.517798
22.0,512,19676.112127
36.0,575,19680.063359
25.0,409,19682.875812
30.0,411,19685.709236
19.0,530,19689.462578
24.0,479,19692.763471
30.0,461,19695.952244
27.0,519,19699.578795
10.0,455,19702.803164
9.0,344,19705.193445
20.0,419,19708.085577
25.0,519,19711.622099
23.0,389,19714.39162
29.0,542,19718.126119
17.0,626,19722.478267
33.0,646,19726.934714
20.0,456,19730.134523
15.0,1142,19737.997818
21.0,641,19742.396083
41.0,481,19745.713369
8.0,404,19748.587285
13.0,322,19750.822639
18.0,421,19753.707468
9.0,420,19756.622972
30.0,450,19759.79164
22.0,374,19762.430754
13.0,492,19765.826748
9.0,342,19768.174502
17.0,499,19771.707966
21.0,413,19774.58077
17.0,496,19778.033992
8.0,405,19780.840201
43.0,658,19785.447799
11.0,382,19788.103953
29.0,469,19791.353189
39.0,587,19795.386234
22.0,388,19798.159307
8.0,396,19800.918327
24.0,440,19803.980806
25.0,484,19807.336169
22.0,520,19810.992657
14.0,587,19815.014583
21.0,435,19818.042195
32.0,447,19821.124568
10.0,391,19823.957293
22.0,415,19826.824222
18.0,489,19830.228584
17.0,339,19832.531183
38.0,624,19836.927818
15.0,531,19840.587959
18.0,1181,19848.737241
34.0,639,19853.203079
22.0,2025,19867.244114
34.0,544,19871.030061
19.0,444,19874.118515
10.0,351,19876.587197
27.0,538,19880.377347
35.0,752,19885.606887
8.0,294,19887.633974
20.0,468,19890.880748
17.0,603,19895.128467
18.0,408,19897.998243
19.0,516,19901.594015
22.0,414,19904.4351
25.0,613,19908.77533
41.0,657,19913.355006
32.0,480,19916.705992
19.0,527,19920.360602
15.0,502,19923.927035
24.0,407,19926.740738
16.0,591,19930.806998
18.0,502,19934.283137
35.0,493,19937.772615
33.0,594,19941.95851
43.0,525,19945.667022
11.0,406,19948.477699
34.0,584,19952.603427
19.0,380,19955.255296
22.0,392,19957.960818
22.0,487,19961.31577
24.0,416,19964.299121
27.0,1036,19971.474123
37.0,465,19974.714648
20.0,456,19977.833146
54.0,585,19981.936536
24.0,427,19984.859741
32.0,512,19988.391946
9.0,316,19990.592712
8.0,376,19993.292048
24.0,455,19996.441053
32.0,478,19999.741271
9.0,422,20002.686781
30.0,451,20005.880746
39.0,625,20010.161502
9.0,303,20012.267687
23.0,710,20017.17365
16.0,612,20021.477699
30.0,447,20024.549178
32.0,440,20027.578891
13.0,460,20030.75585
17.0,518,20034.400319
20.0,561,20038.273703
9.0,324,20040.502634
16.0,453,20043.631654
33.0,473,20046.994962
25.0,478,20050.279712
14.0,355,20052.739733
20.0,513,20056.277979
31.0,465,20059.589401
6.0,323,20061.84452
13.0,354,20064.310109
19.0,452,20067.451849
21.0,505,20071.012439
5.0,287,20073.002176
25.0,698,20077.792741
62.0,711,20082.698125
34.0,620,20087.091728
29.0,644,20091.564599
26.0,486,20094.941709
23.0,571,20098.876509
32.0,539,20102.691819
26.0,548,20106.470922
19.0,371,20109.051524
27.0,579,20113.078566
26.0,457,20116.367091
17.0,472,20119.641266
25.0,409,20122.518906
23.0,380,20125.158436
12.0,568,20129.145716
17.0,353,20131.568157
29.0,435,20134.596412
29.0,431,20137.590963
54.0,640,20142.047483
9.0,458,20145.223164
29.0,437,20148.250155
13.0,418,20151.199089
15.0,406,20154.092707
20.0,473,20157.436471
15.0,541,20161.160705
22.0,444,20164.268047
31.0,464,20167.579896
18.0,425,20170.517799
31.0,475,20173.807992
31.0,609,20177.993408
7.0,243,20179.774849
14.0,361,20182.318557
25.0,663,20187.161939
25.0,543,20190.879768
15.0,405,20193.734252
27.0,503,20197.21315
5.0,269,20199.054621
6.0,355,20201.524316
14.0,489,20204.994613
3.0,226,20206.56263
32.0,459,20209.72373
22.0,392,20212.428638
18.0,603,20216.700262
25.0,422,20219.580167
12.0,305,20221.828376
24.0,611,20226.012218
27.0,440,20229.150218
27.0,533,20232.845273
30.0,452,20235.976779
25.0,408,20238.778551
11.0,416,20241.745437
29.0,436,20244.81189
14.0,400,20247.59123
12.0,424,20250.518184
10.0,478,20253.867039
17.0,458,20257.011307
15.0,543,20260.744614
36.0,518,20264.333842
13.0,472,20267.67779
18.0,365,20270.201256
21.0,541,20273.950982
18.0,508,20277.460854
20.0,449,20280.652822
22.0,413,20283.493957
36.0,474,20286.807587
21.0,414,20289.665997
20.0,512,20293.266826
19.0,454,20296.369232
28.0,537,20300.093461
24.0,406,20302.883499
26.0,546,20306.643206
24.0,395,20309.359815
18.0,597,20313.486932
33.0,785,20318.859641
22.0,376,20321.544031
21.0,540,20325.259501
29.0,428,20328.193023
41.0,549,20331.986651
29.0,573,20335.991961
14.0,412,20338.812022
16.0,567,20342.675657
16.0,588,20346.719691
31.0,464,20349.958705
33.0,562,20353.841529
30.0,451,20356.92878
20.0,466,20360.141984
8.0,380,20362.883961
21.0,410,20365.744199
28.0,411,20368.574928
14.0,471,20371.824934
30.0,458,20375.075808
25.0,410,20377.924803
22.0,512,20381.491568
24.0,408,20384.324625
18.0,475,20387.672941
19.0,454,20390.79154
18.0,496,20394.241844
30.0,450,20397.341901
19.0,413,20400.264675
18.0,519,20403.825343
46.0,511,20407.281994
13.0,475,20410.540544
12.0,280,20412.52406
32.0,448,20415.589873
22.0,548,20419.355833
18.0,551,20423.156838
18.0,389,20426.108198
33.0,450,20429.306755
16.0,324,20431.64534
38.0,616,20436.038472
38.0,660,20440.804533
10.0,353,20443.307836
20.0,472,20446.639624
16.0,326,20448.939741
13.0,357,20451.57383
12.0,438,20454.693728
18.0,395,20457.506034
45.0,518,20461.122558
1.0,150,20462.237367
11.0,372,20464.939327
23.0,389,20467.690768
28.0,460,20470.971722
16.0,330,20473.405678
18.0,363,20476.026215
18.0,611,20480.582195
22.0,488,20484.138299
26.0,485,20487.591687
20.0,394,20490.835487
4.0,274,20492.89912
11.0,343,20495.309788
14.0,534,20499.285634
17.0,530,20502.957323
12.0,398,20505.814471
25.0,416,20508.814539
24.0,624,20513.2423
19.0,719,20518.163243
24.0,414,20521.062773
5.0,663,20525.665898
25.0,430,20528.698306
13.0,321,20530.946033
11.0,391,20533.657696
14.0,478,20536.974631
18.0,750,20542.276019
25.0,537,20546.003233
19.0,505,20549.530744
21.0,638,20553.930469
13.0,533,20557.707174
36.0,495,20561.158595
19.0,494,20564.61066
10.0,474,20567.872348
25.0,421,20570.911463
16.0,448,20574.037429
26.0,542,20577.812622
8.0,407,20580.632912
15.0,556,20584.566891
24.0,601,20588.720002
24.0,564,20592.613635
27.0,478,20595.949614
19.0,386,20598.730215
20.0,431,20601.746909
12.0,417,20604.670575
16.0,325,20606.927841
18.0,835,20612.778577
32.0,442,20615.834484
8.0,397,20618.615909
24.0,580,20622.621902
26.0,432,20625.704648
19.0,441,20628.775646
29.0,393,20631.523331
24.0,399,20634.307546
7.0,366,20636.954236
30.0,1399,20646.626317
49.0,587,20650.691539
6.0,340,20653.068274
30.0,447,20656.262711
16.0,449,20659.384375
6.0,322,20661.614974
22.0,498,20665.146421
28.0,600,20669.397063
16.0,427,20672.368161
20.0,467,20675.595222
29.0,435,20678.636561
17.0,341,20681.111509
12.0,410,20684.00451
18.0,635,20688.430063
23.0,475,20691.744371
30.0,568,20695.778378
26.0,394,20698.547063
29.0,431,20701.565092
16.0,412,20704.452369
14.0,359,20706.992944
17.0,375,20709.616485
17.0,412,20712.522384
26.0,422,20715.469286
24.0,440,20718.604553
24.0,440,20721.66259
22.0,510,20725.206121
13.0,355,20727.664666
9.0,437,20730.777649
25.0,414,20733.677111
26.0,422,20736.635263
27.0,446,20739.739159
29.0,473,20743.066134
10.0,503,20746.575397
24.0,2116,20761.290405
17.0,640,20765.731948
24.0,440,20768.811285
17.0,573,20772.755254
17.0,529,20776.393843
38.0,619,20780.680411
18.0,535,20784.507438
5.0,294,20786.518956
23.0,413,20789.368795
17.0,374,20791.974959
13.0,506,20795.549512
8.0,271,20797.448004
27.0,529,20801.111049
28.0,421,20804.036506
23.0,427,20807.055372
21.0,494,20810.478556
19.0,379,20813.17859
20.0,394,20816.125049
25.0,417,20819.076607
16.0,591,20823.182163
21.0,356,20825.683231
26.0,519,20829.303699
9.0,432,20832.351649
22.0,436,20835.367366
15.0,510,20839.02361
11.0,377,20841.67382
28.0,415,20844.668253
16.0,651,20849.211327
16.0,541,20852.935718
18.0,528,20856.577017
18.0,443,20859.735818
41.0,649,20864.223899
24.0,609,20868.454283
34.0,466,20871.731571
28.0,422,20874.736722
8.0,422,20877.715612
26.0,564,20881.624729
9.0,430,20884.618071
21.0,363,20887.209592
9.0,298,20889.3022
27.0,441,20892.357742
20.0,393,20895.043485
21.0,372,20897.702347
16.0,445,20900.820092
6.0,301,20902.947982
18.0,479,20906.289816
16.0,569,20910.298599
22.0,420,20913.179979
26.0,1331,20922.36845
10.0,481,20925.692186
18.0,474,20929.082689
23.0,1067,20936.490177
5.0,298,20938.549196
20.0,960,20945.128369
26.0,427,20948.162823
11.0,520,20951.735479
15.0,397,20954.479052
20.0,477,20957.780631
22.0,414,20960.747718
20.0,394,20963.505718
35.0,438,20966.497092
46.0,514,20970.058171
16.0,324,20972.34545
19.0,590,20976.407826
21.0,482,20979.751002
16.0,526,20983.373768
21.0,614,20987.70208
26.0,444,20990.745693
12.0,443,20993.810466
13.0,323,20996.036114
12.0,316,20998.322861
23.0,576,21002.264867
21.0,362,21004.790564
5.0,297,21006.829872
10.0,346,21009.301095
17.0,569,21013.305324
11.0,265,21015.147088
30.0,408,21017.965053
12.0,299,21020.128418
26.0,510,21023.671468
35.0,475,21026.968808
8.0,382,21029.587167
13.0,2168,21044.61998
23.0,424,21047.580394
23.0,534,21051.307695
3.0,214,21052.823201
16.0,455,21056.007894
24.0,798,21061.536907
17.0,456,21064.71059
18.0,511,21068.240663
21.0,400,21071.068243
9.0,307,21073.172433
6.0,338,21075.536629
30.0,1063,21082.930988
28.0,1299,21091.986794
18.0,1301,21100.970782
22.0,456,21104.157427
11.0,389,21106.834869
28.0,421,21109.823726
16.0,449,21112.944197
18.0,483,21116.311461
39.0,598,21120.460898
25.0,479,21123.83643
10.0,367,21126.380823
19.0,424,21129.33207
34.0,584,21133.35531
23.0,476,21136.746738
8.0,270,21138.660867
30.0,489,21142.049677
15.0,430,21145.034122
17.0,805,21150.697997
13.0,465,21153.890415
43.0,491,21157.271672
17.0,374,21159.837986
14.0,493,21163.305785
28.0,551,21167.120756
28.0,553,21170.991229
15.0,413,21173.902227
26.0,433,21176.991546
31.0,428,21179.958031
11.0,408,21182.781841
13.0,314,21184.928242
19.0,519,21188.59181
12.0,481,21191.906305
3.0,684,21196.608556
23.0,1372,21206.157809
23.0,517,21209.782887
24.0,1423,21219.56446
23.0,402,21222.367081
14.0,525,21225.998593
15.0,344,21228.485877
24.0,510,21232.001036
28.0,592,21236.053411
14.0,486,21239.396547
33.0,451,21242.573244
9.0,410,21245.377551
32.0,823,21251.060301
20.0,343,21253.411537
17.0,372,21256.06006
17.0,351,21258.494109
13.0,324,21260.741793
4.0,281,21262.719163
33.0,548,21266.626936
25.0,431,21269.577522
24.0,520,21273.201204
25.0,421,21276.112925
22.0,376,21278.784853
8.0,273,21280.672506
22.0,416,21283.542489
11.0,265,21285.388056
19.0,530,21289.117823
7.0,347,21291.519168
11.0,404,21294.32443
34.0,509,21297.831186
28.0,422,21300.815156
12.0,414,21303.703294
24.0,473,21306.936709
