#{"t_start": 1764038395.8229399, "env_id": "ALE/Breakout-v5"}
r,l,t
1.0,180,0.368864
0.0,121,0.448393
3.0,256,0.622619
1.0,153,0.733321
0.0,124,0.834676
3.0,255,1.02475
1.0,154,1.154116
2.0,211,1.292631
0.0,167,1.416793
1.0,173,1.543681
2.0,202,1.686214
5.0,329,1.954439
0.0,125,2.035468
3.0,255,2.226293
0.0,134,2.320918
0.0,128,2.416353
3.0,210,2.599712
2.0,207,2.754142
0.0,128,2.833261
3.0,238,3.007953
0.0,128,3.101113
0.0,132,3.211121
1.0,174,3.355093
0.0,129,3.450051
3.0,264,3.630052
2.0,196,3.773051
0.0,126,3.868344
3.0,233,4.059238
2.0,220,4.214505
3.0,256,4.387905
0.0,123,4.482852
0.0,142,4.578086
1.0,156,4.707333
1.0,168,4.857774
2.0,223,5.020466
3.0,258,5.190954
1.0,174,5.316514
1.0,194,5.456939
1.0,174,5.603965
0.0,130,5.696754
2.0,203,5.837601
1.0,173,5.959324
0.0,133,6.070696
0.0,137,6.165841
2.0,210,6.330094
0.0,120,6.425494
1.0,177,6.551984
0.0,125,6.630851
4.0,266,6.828958
0.0,138,6.92556
0.0,137,7.05577
1.0,183,7.175332
1.0,156,7.30067
3.0,233,7.459776
2.0,204,7.585996
7.0,395,7.90168
2.0,206,8.048531
1.0,174,8.175469
1.0,171,8.286511
3.0,266,8.496977
2.0,211,8.647774
0.0,128,8.743037
0.0,127,8.822225
2.0,227,8.981769
2.0,195,9.139163
3.0,226,9.321254
2.0,191,9.453672
4.0,305,9.654887
1.0,171,9.767435
1.0,173,9.91017
5.0,303,10.131714
0.0,128,10.22734
0.0,146,10.333876
2.0,216,10.475523
2.0,191,10.622316
0.0,130,10.725339
1.0,168,10.833801
0.0,129,10.937501
6.0,384,11.198394
2.0,218,11.368401
2.0,206,11.515477
1.0,171,11.626697
1.0,174,11.753702
0.0,130,11.848494
7.0,391,12.164376
1.0,182,12.281018
0.0,150,12.392078
0.0,129,12.471246
3.0,263,12.6638
0.0,135,12.77213
3.0,244,12.963281
2.0,209,13.105154
0.0,132,13.200786
2.0,184,13.327383
1.0,162,13.438038
0.0,131,13.548522
0.0,122,13.667024
1.0,164,13.776825
1.0,176,13.903248
1.0,187,14.030212
0.0,129,14.133745
2.0,226,14.313619
2.0,199,14.450438
1.0,171,14.57721
2.0,185,14.699486
0.0,124,14.79452
2.0,212,14.94208
2.0,203,15.100851
1.0,156,15.216119
1.0,172,15.326698
0.0,125,15.421592
2.0,205,15.547776
1.0,175,15.697413
2.0,232,15.870711
2.0,210,16.013452
0.0,124,16.108235
1.0,178,16.232543
0.0,138,16.327955
0.0,134,16.434414
2.0,212,16.611414
2.0,202,16.748803
1.0,185,16.875809
2.0,202,17.017969
1.0,206,17.176984
0.0,140,17.300458
0.0,133,17.394019
0.0,131,17.488886
1.0,172,17.599845
0.0,136,17.699723
1.0,175,17.827668
0.0,139,17.939914
4.0,303,18.159324
1.0,162,18.282704
4.0,310,18.488864
0.0,134,18.587527
2.0,199,18.748084
1.0,170,18.866329
6.0,363,19.120492
3.0,227,19.263672
5.0,352,19.548724
3.0,257,19.729259
2.0,187,19.856498
2.0,198,19.999163
3.0,237,20.188767
2.0,218,20.332475
0.0,126,20.427758
2.0,212,20.570256
4.0,284,20.77224
1.0,170,20.924914
3.0,237,21.089297
0.0,122,21.168266
1.0,162,21.279151
2.0,204,21.43159
2.0,234,21.623634
2.0,199,21.765239
0.0,132,21.860337
0.0,131,21.950886
1.0,188,22.093924
3.0,232,22.268006
3.0,263,22.458366
7.0,381,22.709707
0.0,137,22.805499
2.0,197,22.958349
3.0,229,23.139218
0.0,129,23.234159
2.0,216,23.377186
0.0,125,23.456876
10.0,445,23.788789
2.0,229,23.947623
2.0,228,24.105852
5.0,349,24.34415
0.0,120,24.444801
2.0,210,24.597009
0.0,123,24.676164
2.0,209,24.818335
1.0,153,24.929219
0.0,150,25.049446
0.0,130,25.166007
3.0,232,25.350055
0.0,130,25.445294
1.0,174,25.565775
2.0,200,25.6927
1.0,179,25.818528
1.0,159,25.95985
2.0,199,26.114184
2.0,197,26.25674
0.0,135,26.336032
1.0,165,26.447314
2.0,208,26.617625
0.0,131,26.724386
0.0,123,26.850398
1.0,185,26.993903
3.0,246,27.210765
1.0,167,27.354021
0.0,121,27.45906
1.0,180,27.609398
1.0,179,27.756655
0.0,127,27.850334
1.0,178,27.968016
0.0,135,28.078034
1.0,191,28.318987
0.0,125,28.431767
0.0,126,28.531213
1.0,151,28.634565
2.0,233,28.801075
1.0,159,28.911187
0.0,130,28.999274
7.0,338,29.264164
4.0,264,29.447056
1.0,168,29.559036
1.0,159,29.669029
0.0,127,29.759085
3.0,255,29.964888
2.0,209,30.114089
3.0,228,30.274233
1.0,185,30.398919
3.0,234,30.589346
2.0,218,30.754572
2.0,203,30.889277
3.0,247,31.05927
0.0,128,31.166718
3.0,249,31.356802
3.0,226,31.530934
2.0,199,31.679138
0.0,136,31.783071
3.0,251,31.959238
2.0,238,32.140786
2.0,203,32.288939
2.0,219,32.439171
4.0,312,32.651518
1.0,169,32.790752
0.0,131,32.895026
1.0,180,33.029085
1.0,154,33.142985
4.0,294,33.339126
0.0,141,33.438824
0.0,127,33.532872
2.0,202,33.69247
0.0,127,33.778955
1.0,175,33.898783
4.0,289,34.099004
1.0,183,34.248729
1.0,154,34.384121
0.0,128,34.469138
0.0,136,34.568869
2.0,200,34.698844
1.0,168,34.818677
1.0,175,34.949106
0.0,127,35.052993
1.0,152,35.169016
1.0,182,35.293899
0.0,136,35.398846
1.0,156,35.508898
2.0,202,35.651102
2.0,207,35.829005
0.0,136,35.924819
2.0,216,36.073777
0.0,126,36.163827
2.0,214,36.330335
2.0,240,36.514717
0.0,124,36.614061
0.0,124,36.699021
4.0,300,36.902246
2.0,233,37.061174
3.0,229,38.216217
3.0,283,39.974447
1.0,174,41.058198
0.0,154,42.010981
1.0,155,42.969492
2.0,208,44.297766
2.0,243,45.79758
2.0,203,47.041879
0.0,132,47.877419
3.0,215,49.215401
0.0,149,50.188145
0.0,134,51.118395
2.0,202,52.48515
1.0,152,53.514916
3.0,250,55.18874
1.0,157,56.206644
1.0,183,57.446236
2.0,189,58.596711
0.0,125,59.371192
1.0,152,60.313695
0.0,134,61.153022
0.0,125,61.928411
0.0,133,62.889138
4.0,297,65.122945
2.0,197,66.792766
1.0,151,67.812881
0.0,143,68.760908
3.0,235,70.354754
1.0,171,71.572333
1.0,163,72.6271
0.0,122,73.398164
0.0,145,74.298088
0.0,137,75.18075
4.0,260,76.859993
2.0,214,78.135351
2.0,201,79.327719
2.0,240,80.876069
0.0,143,81.748938
1.0,188,82.873864
3.0,247,84.44198
3.0,269,86.074122
2.0,219,87.416944
0.0,122,88.146273
1.0,171,89.211842
0.0,131,90.016925
0.0,122,90.821878
2.0,194,92.017761
2.0,201,93.255285
2.0,182,94.40952
0.0,133,95.228902
2.0,201,96.44524
2.0,212,97.711013
0.0,136,98.610193
1.0,165,99.658981
2.0,199,100.887739
4.0,269,102.538751
1.0,154,103.497983
2.0,199,104.738556
0.0,139,105.574603
4.0,278,107.316698
3.0,265,108.941695
2.0,245,110.435213
2.0,185,111.596782
0.0,129,112.38693
1.0,158,113.345805
0.0,143,114.218161
1.0,185,115.328772
2.0,208,116.595977
0.0,133,117.444547
0.0,151,118.383535
0.0,148,119.301154
3.0,259,120.963956
3.0,257,122.530309
0.0,131,123.330583
0.0,165,124.327456
1.0,174,125.41974
2.0,198,126.624508
2.0,203,127.889325
0.0,124,128.64283
2.0,222,129.996036
1.0,154,130.92358
1.0,195,132.119026
1.0,171,133.158205
0.0,126,133.922421
3.0,253,135.466212
2.0,206,136.705881
5.0,348,138.841964
0.0,145,139.711139
5.0,340,141.787624
0.0,127,142.568784
5.0,333,144.591566
1.0,160,145.565239
1.0,170,146.620399
1.0,159,147.614371
0.0,148,148.53275
0.0,138,149.380637
0.0,127,150.163734
1.0,174,151.236877
1.0,182,152.389771
0.0,129,153.172687
2.0,222,154.527686
1.0,148,155.428211
2.0,204,156.644009
3.0,286,158.529246
3.0,233,160.036922
3.0,222,161.426128
3.0,232,162.857205
1.0,171,163.864944
0.0,158,164.839297
1.0,183,165.989887
0.0,132,166.811703
0.0,126,167.592792
2.0,219,168.988931
0.0,143,169.889386
1.0,154,170.828276
0.0,134,171.776486
0.0,155,172.797889
1.0,151,173.81202
2.0,220,175.166524
1.0,176,176.266803
2.0,205,177.532088
3.0,247,179.06054
0.0,137,179.897484
2.0,208,181.1713
1.0,176,182.263913
2.0,203,183.531507
1.0,152,184.441719
0.0,139,185.313341
2.0,214,186.613894
2.0,202,187.970325
2.0,237,189.566012
0.0,135,190.477876
1.0,174,191.591095
2.0,226,192.985138
1.0,162,193.94575
1.0,157,194.930771
2.0,217,196.259501
0.0,130,197.028333
3.0,248,198.516577
1.0,152,199.418656
0.0,137,200.275237
0.0,136,201.145074
3.0,263,202.727559
3.0,289,204.524802
3.0,263,206.112221
1.0,175,207.190665
1.0,183,208.306605
1.0,193,209.449755
0.0,120,210.189433
0.0,135,211.067553
0.0,122,211.792573
0.0,127,212.579531
0.0,148,213.492156
2.0,190,214.674489
3.0,210,215.93027
0.0,153,216.855898
2.0,202,218.089265
0.0,131,218.934289
3.0,271,220.547798
0.0,139,221.388485
2.0,193,222.581427
0.0,140,223.444393
2.0,203,224.711763
1.0,169,225.744513
2.0,194,226.948651
0.0,129,227.757705
1.0,148,228.65502
2.0,234,230.101336
0.0,120,230.844787
4.0,258,232.431725
0.0,131,233.23149
3.0,230,234.597381
0.0,130,235.416526
3.0,257,236.998139
2.0,200,238.220279
0.0,130,239.021713
0.0,144,239.910404
1.0,162,240.928283
3.0,255,242.473963
0.0,134,243.279693
2.0,189,244.483932
0.0,128,245.294957
2.0,213,246.584891
0.0,140,247.428386
0.0,128,248.195012
4.0,281,249.939661
1.0,155,250.885418
0.0,147,251.788735
2.0,189,253.020497
3.0,233,254.606347
3.0,231,256.075979
3.0,260,257.68532
2.0,201,258.919401
1.0,175,259.987855
0.0,144,260.866793
2.0,209,262.128347
3.0,239,263.621008
3.0,270,265.261047
2.0,211,266.556383
2.0,200,267.783606
3.0,254,269.349261
0.0,128,270.121949
1.0,161,271.16734
2.0,226,272.547436
3.0,256,274.34481
1.0,187,275.629043
2.0,226,277.00516
3.0,249,278.540539
0.0,138,279.364564
1.0,175,280.443458
3.0,242,281.965501
1.0,188,283.157516
3.0,244,284.69893
2.0,183,285.812221
3.0,251,287.363689
3.0,266,289.013118
1.0,153,289.945124
0.0,127,290.745165
2.0,250,292.278476
3.0,240,293.737239
1.0,154,294.687361
5.0,350,296.863008
2.0,183,297.972017
5.0,300,299.828807
0.0,128,300.629534
1.0,153,301.582589
2.0,202,302.857728
1.0,180,303.97972
1.0,175,305.078725
1.0,150,306.026851
0.0,123,306.777899
0.0,121,307.498782
3.0,261,309.104462
2.0,223,310.496248
1.0,158,311.472217
3.0,230,312.888233
2.0,207,314.186485
3.0,304,316.070437
0.0,133,316.879229
3.0,266,318.497482
1.0,194,319.734807
1.0,191,320.915125
0.0,138,321.73885
1.0,167,322.758604
3.0,252,324.338251
2.0,220,325.702035
0.0,124,326.475123
1.0,159,327.465989
3.0,262,329.073174
1.0,152,330.003439
2.0,224,331.429659
2.0,245,332.912323
1.0,161,333.916498
0.0,139,334.788527
4.0,260,336.386167
2.0,211,337.681906
2.0,233,339.127793
2.0,200,340.368128
4.0,277,342.123105
2.0,196,343.350548
1.0,164,344.354194
3.0,237,345.856037
3.0,257,347.431235
2.0,217,348.762647
1.0,168,349.805696
2.0,198,351.079362
3.0,233,352.486735
3.0,272,354.181423
1.0,162,355.199763
1.0,178,356.300338
1.0,173,357.375709
2.0,203,358.64046
4.0,284,360.438123
2.0,229,361.850888
0.0,132,362.668268
2.0,208,363.959431
4.0,279,365.693663
2.0,187,366.863417
4.0,301,368.702571
2.0,200,369.929294
2.0,226,371.377898
2.0,221,372.787792
0.0,133,373.647426
0.0,126,374.437957
1.0,156,375.412302
1.0,183,376.551063
2.0,229,378.081439
0.0,134,378.913927
2.0,217,380.284223
2.0,225,381.733705
0.0,140,382.62034
2.0,232,384.066124
1.0,149,384.991102
3.0,224,386.406011
4.0,266,388.037387
1.0,187,389.204622
2.0,196,390.445648
3.0,214,391.820395
1.0,174,392.899243
2.0,198,394.134214
2.0,207,395.431892
2.0,207,396.729652
1.0,172,397.81577
2.0,206,399.111129
4.0,292,401.018024
3.0,238,402.498465
3.0,271,404.18874
1.0,211,405.519507
6.0,342,407.660258
2.0,197,408.888418
3.0,266,410.552892
2.0,224,411.942856
1.0,173,413.019912
2.0,182,414.180372
3.0,253,415.773139
2.0,207,417.233518
2.0,199,418.530307
3.0,234,420.016056
1.0,164,421.041733
3.0,249,422.557477
2.0,190,423.772359
2.0,181,424.939384
2.0,200,426.169434
2.0,206,427.469264
2.0,180,428.618348
6.0,370,430.925188
4.0,256,432.512229
3.0,216,433.864333
2.0,197,435.115447
3.0,231,436.554686
0.0,127,437.347483
2.0,196,438.566686
2.0,203,439.81745
1.0,161,440.843545
3.0,248,442.387262
0.0,121,443.153004
3.0,243,444.689082
4.0,261,446.304964
0.0,127,447.111367
2.0,225,448.507167
3.0,243,450.046639
1.0,172,451.155929
3.0,235,452.59602
2.0,199,453.854502
1.0,155,454.814527
3.0,239,456.372269
0.0,130,457.161953
3.0,245,458.694414
4.0,262,460.352706
3.0,251,461.930769
3.0,244,463.456669
7.0,438,466.197256
0.0,122,466.993253
2.0,230,468.454129
2.0,185,469.600461
2.0,200,470.869962
5.0,339,473.056527
2.0,199,474.282397
4.0,281,476.054551
4.0,283,477.829158
2.0,190,479.018077
4.0,264,480.653818
1.0,157,481.688293
2.0,207,482.972522
2.0,203,484.245058
5.0,312,486.170218
3.0,247,487.716478
4.0,254,489.275211
4.0,300,491.199004
2.0,206,492.592675
1.0,151,493.570302
4.0,279,495.34763
5.0,327,497.416881
3.0,220,498.909241
1.0,155,499.902092
1.0,156,500.862696
4.0,265,502.52458
2.0,200,503.771583
5.0,356,506.000183
5.0,300,507.835515
2.0,206,509.120225
3.0,216,510.53037
4.0,277,512.256297
3.0,255,513.863454
2.0,198,515.123688
3.0,232,516.61688
3.0,251,518.369092
4.0,283,520.166133
1.0,185,521.337648
0.0,125,522.124602
1.0,154,523.097944
5.0,311,525.043273
5.0,342,527.269848
2.0,220,528.650943
1.0,151,529.610303
2.0,212,530.940722
1.0,150,531.878829
4.0,272,533.599638
5.0,300,535.475093
1.0,159,536.468137
2.0,179,537.60496
2.0,203,538.884739
3.0,239,540.39414
1.0,154,541.371051
2.0,184,542.569382
6.0,349,544.753857
3.0,237,546.266519
2.0,186,547.472712
3.0,214,548.8532
1.0,163,549.877769
3.0,211,551.196032
2.0,223,552.629268
5.0,294,554.51106
2.0,179,555.644607
3.0,212,556.980045
1.0,152,557.952554
2.0,179,559.11913
3.0,229,560.695145
3.0,239,562.259937
2.0,179,563.434607
3.0,227,564.978195
3.0,231,566.502243
3.0,213,567.871969
4.0,259,569.585819
5.0,305,571.596238
4.0,259,573.258453
3.0,224,574.688268
3.0,212,576.035411
2.0,182,577.178101
7.0,254,578.832782
1.0,152,579.794001
2.0,198,581.027312
1.0,150,582.000221
2.0,182,583.16535
4.0,276,585.185424
6.0,359,587.593595
2.0,185,588.894292
1.0,151,590.026432
3.0,210,591.486733
3.0,227,593.000459
2.0,182,594.293124
1.0,150,595.363112
4.0,257,597.083915
4.0,256,598.807307
2.0,227,600.434699
2.0,182,601.680363
3.0,215,603.066812
0.0,125,603.892195
3.0,230,605.467351
3.0,230,607.102552
2.0,178,608.217018
3.0,213,609.634852
11.0,267,611.43843
3.0,227,612.891826
1.0,168,614.112057
4.0,241,615.949951
2.0,183,617.197908
2.0,199,618.463148
3.0,214,619.89917
3.0,216,621.284046
2.0,202,622.670813
4.0,259,624.405667
4.0,253,626.084438
2.0,198,627.333983
1.0,150,628.341107
4.0,273,630.099361
8.0,276,631.851905
3.0,229,633.282687
5.0,311,635.339177
2.0,196,636.565974
3.0,211,637.883088
0.0,120,638.639662
3.0,227,640.143775
3.0,226,641.549091
5.0,290,643.355231
1.0,151,644.332366
3.0,244,646.316658
3.0,214,647.955043
0.0,121,648.747749
3.0,223,650.277268
3.0,248,652.032397
5.0,326,654.105339
7.0,398,656.700109
3.0,213,658.125066
4.0,257,659.821379
2.0,180,661.069466
0.0,122,662.102299
2.0,195,663.488791
5.0,315,665.556244
3.0,212,666.884833
4.0,276,668.606047
6.0,315,670.596104
3.0,210,671.925937
6.0,392,674.314348
4.0,260,675.933578
4.0,257,677.540693
3.0,209,678.889981
2.0,197,680.151728
4.0,255,681.74922
2.0,177,682.869255
0.0,120,683.68284
3.0,216,685.071758
1.0,149,685.990488
2.0,182,687.184257
1.0,166,688.240361
3.0,227,689.702516
2.0,215,691.095009
1.0,170,692.165946
3.0,225,693.6476
3.0,223,695.014272
5.0,286,696.814301
0.0,121,697.530901
3.0,211,698.912464
4.0,243,700.418022
1.0,149,701.345617
3.0,213,702.636675
5.0,304,704.569531
3.0,226,705.997791
5.0,294,707.794783
2.0,180,708.884779
1.0,150,709.859239
8.0,303,711.963282
2.0,184,713.152441
1.0,149,714.147443
4.0,276,715.984161
3.0,226,717.394149
2.0,180,718.504581
2.0,197,719.768925
4.0,257,721.534324
4.0,257,723.097081
3.0,209,724.396966
3.0,225,725.782916
1.0,169,726.863984
1.0,150,727.829942
3.0,226,729.264008
5.0,306,731.163235
3.0,215,732.582543
5.0,323,734.583082
4.0,260,736.188791
3.0,211,737.502273
3.0,211,738.8633
3.0,226,740.297058
4.0,260,741.899946
2.0,197,743.09645
3.0,245,744.689394
3.0,210,745.991539
3.0,210,747.263038
2.0,181,748.40189
4.0,272,750.146039
4.0,259,751.862951
2.0,181,752.987242
3.0,210,754.345886
1.0,148,755.28606
2.0,200,756.585834
4.0,257,758.145944
3.0,230,759.563431
4.0,264,761.229188
9.0,469,764.096201
3.0,226,765.495763
3.0,212,766.833659
3.0,211,768.212466
5.0,292,770.02061
0.0,120,770.745793
4.0,244,772.229207
2.0,179,773.44593
3.0,244,774.984274
3.0,228,776.393485
3.0,225,777.76249
6.0,332,779.963394
3.0,249,781.512009
3.0,211,782.795541
4.0,260,784.411638
3.0,214,785.850883
2.0,197,787.062129
1.0,148,787.967887
6.0,325,790.061706
3.0,229,791.528288
3.0,228,792.972262
4.0,256,794.538566
3.0,213,795.873559
6.0,416,798.50992
0.0,120,799.289282
4.0,258,800.89475
3.0,244,802.428537
1.0,151,803.394031
6.0,345,805.627865
3.0,225,806.995118
10.0,347,809.21115
5.0,302,811.195747
7.0,388,813.578244
4.0,255,815.143755
2.0,205,816.427882
3.0,213,817.811121
3.0,214,819.191616
3.0,226,820.611866
3.0,219,821.986291
3.0,226,823.478139
1.0,149,824.427392
3.0,226,826.032093
4.0,241,827.575642
3.0,230,829.083071
3.0,210,830.410499
6.0,329,832.498791
3.0,211,833.80888
4.0,257,835.46798
4.0,259,837.08394
6.0,357,839.309761
7.0,244,840.844368
6.0,355,843.127321
5.0,309,845.043725
4.0,257,846.660228
2.0,179,847.760537
3.0,208,849.124882
2.0,179,850.243472
3.0,210,851.577904
7.0,357,853.82757
0.0,120,854.592133
4.0,276,856.393227
1.0,149,857.335471
3.0,210,858.64318
5.0,341,860.860661
4.0,293,862.676224
4.0,256,864.276331
7.0,409,866.809665
4.0,290,868.692675
5.0,285,870.532798
9.0,350,872.758272
3.0,225,874.180849
3.0,210,875.575994
3.0,209,876.909292
3.0,225,878.314763
3.0,223,879.692781
4.0,274,881.490885
5.0,292,883.330595
2.0,180,884.475891
3.0,247,886.026737
3.0,231,887.559205
2.0,199,888.811737
2.0,182,889.989747
4.0,243,891.526005
10.0,532,894.942492
4.0,262,896.59704
4.0,297,898.458746
7.0,245,900.008837
3.0,210,901.408434
6.0,376,903.799572
8.0,292,905.626107
3.0,212,906.941846
4.0,254,908.625611
3.0,244,910.209068
2.0,182,911.325867
10.0,353,913.541769
3.0,214,914.975651
4.0,266,916.642518
4.0,254,918.241903
7.0,344,920.508141
7.0,356,922.892178
4.0,241,924.424832
6.0,347,926.674625
2.0,186,927.859033
5.0,331,930.092051
3.0,247,931.772991
3.0,212,933.142084
5.0,306,935.099301
4.0,256,936.841748
3.0,231,938.375221
7.0,381,940.841426
3.0,222,942.296957
3.0,224,943.824824
2.0,181,945.026929
5.0,288,946.923985
7.0,399,949.524395
3.0,225,951.033567
4.0,259,952.697012
5.0,322,954.757172
4.0,273,956.529327
5.0,324,958.740413
4.0,272,960.62689
6.0,372,963.211563
9.0,523,967.176517
5.0,307,969.245777
6.0,343,971.473313
5.0,304,973.461456
1.0,152,974.455394
5.0,304,976.553579
5.0,307,978.541759
7.0,245,980.111999
6.0,388,982.66313
2.0,215,984.379053
3.0,228,986.217195
3.0,227,988.187891
3.0,225,989.727675
8.0,479,992.850467
4.0,276,994.636648
8.0,480,997.689277
4.0,275,999.452593
6.0,356,1001.776864
5.0,342,1004.03372
5.0,322,1006.090586
5.0,323,1008.170172
9.0,314,1010.255339
3.0,223,1011.682999
6.0,337,1013.849544
8.0,393,1016.365839
4.0,258,1018.088633
9.0,345,1020.336757
3.0,211,1021.693823
10.0,520,1024.989573
3.0,211,1026.414598
2.0,196,1027.66408
11.0,444,1030.487517
4.0,241,1032.009615
4.0,275,1033.851191
5.0,306,1035.79492
3.0,217,1037.201381
5.0,290,1039.056224
7.0,387,1041.61522
4.0,277,1043.408367
5.0,287,1045.244048
12.0,482,1048.34196
7.0,372,1050.840749
5.0,324,1052.950453
4.0,263,1054.661087
5.0,311,1056.646074
6.0,348,1058.96209
4.0,274,1060.705674
7.0,387,1063.171897
11.0,428,1065.922151
7.0,425,1068.711635
6.0,358,1071.006701
8.0,399,1073.563825
7.0,390,1076.051836
4.0,275,1077.894332
9.0,458,1080.844608
3.0,243,1082.410995
8.0,416,1085.096648
3.0,255,1086.801763
6.0,323,1088.920425
3.0,228,1090.486278
3.0,226,1091.983225
3.0,242,1093.611612
4.0,241,1095.15749
9.0,369,1097.536469
9.0,450,1100.45616
5.0,301,1102.444766
5.0,302,1104.389529
2.0,179,1105.54258
8.0,307,1107.528327
8.0,417,1110.312868
6.0,377,1112.779029
8.0,412,1115.42024
4.0,263,1117.116831
4.0,277,1118.973852
3.0,244,1120.544087
11.0,431,1123.308081
5.0,304,1125.282391
6.0,337,1127.535171
5.0,288,1129.411448
5.0,316,1131.461875
2.0,197,1132.842151
4.0,275,1134.681737
6.0,332,1136.818142
3.0,210,1138.179594
4.0,242,1139.72374
5.0,304,1141.781832
9.0,420,1144.459934
6.0,342,1146.685698
3.0,224,1148.126173
8.0,420,1150.888381
5.0,307,1152.890723
10.0,447,1155.767425
4.0,237,1157.330087
10.0,361,1159.737356
3.0,224,1161.196863
8.0,459,1164.148475
3.0,223,1165.586109
4.0,259,1167.316468
4.0,292,1169.203503
5.0,319,1171.365206
7.0,244,1172.956837
9.0,506,1176.296019
2.0,179,1177.460088
5.0,307,1179.447612
8.0,456,1182.403156
5.0,320,1184.577882
3.0,223,1186.069388
8.0,450,1188.985685
2.0,181,1190.17347
5.0,287,1192.118946
9.0,339,1194.306087
3.0,210,1195.669436
12.0,338,1197.871796
3.0,223,1199.397825
5.0,310,1201.408315
5.0,287,1203.281489
4.0,258,1204.942108
7.0,245,1206.615775
4.0,257,1208.294115
6.0,324,1210.409104
6.0,367,1212.813288
5.0,322,1214.9503
4.0,288,1216.815694
5.0,324,1218.920401
5.0,319,1221.010596
4.0,264,1222.792383
12.0,453,1225.731857
8.0,372,1228.170234
5.0,302,1230.15406
4.0,272,1232.067732
9.0,345,1234.312479
7.0,326,1236.427341
4.0,259,1238.130674
10.0,481,1241.356427
7.0,407,1244.000459
6.0,375,1246.41494
4.0,254,1248.075861
9.0,446,1251.091982
3.0,215,1252.514404
5.0,285,1254.36909
6.0,369,1256.769775
15.0,605,1260.797264
7.0,374,1263.254887
6.0,335,1265.475191
8.0,443,1268.370409
2.0,180,1269.608378
8.0,442,1272.503954
5.0,304,1274.483471
6.0,379,1276.975316
8.0,416,1279.754489
6.0,360,1282.127021
6.0,353,1284.421727
9.0,345,1286.636151
3.0,207,1288.08542
5.0,286,1289.975108
5.0,286,1291.948376
5.0,309,1293.981936
7.0,364,1296.435258
5.0,328,1298.605014
7.0,371,1301.05819
12.0,314,1303.097392
10.0,508,1306.500885
4.0,271,1308.302911
4.0,256,1309.990562
5.0,308,1312.021778
8.0,387,1314.642696
7.0,408,1317.323691
7.0,366,1319.738666
8.0,318,1321.876273
8.0,290,1323.854674
4.0,254,1325.539259
6.0,365,1327.923825
7.0,358,1330.29547
6.0,379,1332.870229
9.0,353,1335.357378
8.0,328,1337.518385
6.0,342,1339.772501
1.0,195,1341.1336
3.0,213,1342.552951
7.0,381,1345.048263
8.0,435,1347.946754
3.0,211,1349.418205
7.0,341,1351.733344
7.0,397,1354.366783
4.0,240,1355.955374
7.0,420,1358.785852
10.0,379,1361.338671
6.0,421,1364.121081
7.0,389,1366.726603
8.0,433,1369.680389
9.0,458,1372.698067
5.0,313,1374.793104
5.0,345,1377.079306
6.0,337,1379.379388
6.0,341,1381.646302
7.0,387,1384.213696
3.0,222,1385.69619
3.0,208,1387.148564
11.0,290,1389.090961
8.0,394,1391.735526
6.0,354,1394.089523
8.0,418,1396.941997
4.0,256,1398.643599
3.0,226,1400.143696
10.0,377,1402.655462
5.0,322,1404.869889
4.0,254,1406.565432
8.0,446,1409.558648
3.0,226,1411.127354
7.0,418,1414.014071
11.0,385,1416.555143
9.0,325,1418.728529
5.0,303,1420.763564
4.0,240,1422.447257
5.0,289,1424.375019
10.0,336,1426.634601
3.0,210,1428.060064
5.0,311,1430.228563
4.0,274,1432.058316
4.0,262,1433.821601
3.0,210,1435.229878
4.0,241,1436.904886
5.0,320,1439.078561
10.0,528,1442.615495
5.0,316,1444.751677
3.0,210,1446.260002
7.0,404,1448.984636
5.0,327,1451.212576
3.0,226,1452.727246
5.0,292,1454.786958
3.0,213,1456.22699
3.0,228,1457.76762
5.0,306,1459.844216
4.0,255,1461.653126
4.0,260,1463.414855
6.0,333,1465.677199
8.0,276,1467.537201
3.0,225,1469.1375
3.0,211,1470.638134
13.0,520,1474.168013
4.0,259,1475.940097
6.0,369,1478.510164
6.0,331,1480.763978
10.0,506,1484.203129
6.0,317,1486.371212
5.0,328,1488.677172
6.0,338,1490.987221
6.0,351,1493.375797
4.0,265,1495.19752
11.0,523,1498.83711
5.0,321,1501.047061
6.0,319,1503.247988
4.0,276,1505.148855
6.0,356,1507.645712
7.0,360,1510.110996
9.0,333,1512.449955
6.0,334,1514.822909
8.0,443,1517.920823
9.0,503,1521.397505
14.0,504,1524.852659
6.0,335,1527.159282
4.0,291,1529.23363
10.0,350,1531.73483
5.0,309,1533.860358
17.0,407,1536.706505
10.0,486,1540.10698
4.0,254,1541.879856
12.0,509,1545.382189
6.0,372,1547.964722
10.0,567,1551.981176
8.0,277,1553.888795
8.0,446,1556.989742
5.0,303,1559.095914
3.0,226,1560.720015
9.0,469,1563.968812
8.0,430,1566.988408
3.0,210,1568.43397
9.0,362,1571.035718
10.0,392,1573.770512
7.0,385,1576.449438
3.0,210,1577.917116
6.0,340,1580.355772
9.0,464,1583.557553
6.0,371,1586.153059
8.0,420,1589.07944
7.0,387,1591.919857
10.0,489,1595.384501
6.0,384,1598.078028
9.0,323,1600.351948
3.0,246,1602.150991
11.0,444,1605.284546
7.0,385,1608.041631
5.0,289,1610.048517
12.0,429,1613.126853
19.0,927,1619.707899
8.0,511,1623.327764
6.0,339,1625.73312
15.0,604,1630.072682
6.0,370,1632.741324
11.0,401,1635.589535
5.0,342,1638.02614
15.0,445,1641.262403
9.0,448,1644.448549
7.0,403,1647.27867
10.0,397,1650.095951
7.0,417,1653.188397
11.0,443,1656.327141
5.0,303,1658.502373
8.0,478,1661.912603
9.0,523,1665.689655
12.0,406,1668.588164
6.0,301,1670.751734
6.0,352,1673.280329
7.0,349,1675.828099
11.0,467,1679.181907
9.0,457,1682.479772
5.0,309,1684.690375
11.0,421,1687.760407
11.0,847,1693.781805
6.0,341,1696.216647
6.0,338,1698.647103
7.0,402,1701.580441
5.0,317,1703.829429
11.0,405,1706.694377
2.0,195,1708.083918
10.0,390,1710.949887
6.0,338,1713.365837
11.0,751,1718.699519
9.0,471,1722.057173
8.0,467,1725.42688
6.0,341,1727.856895
11.0,497,1731.382144
6.0,338,1733.805794
10.0,414,1736.793509
17.0,652,1741.429332
13.0,381,1744.162375
14.0,608,1748.501704
10.0,351,1751.065321
10.0,543,1754.948503
5.0,308,1757.159293
4.0,301,1759.315308
11.0,427,1762.436913
14.0,693,1767.3874
8.0,428,1770.516678
7.0,385,1773.307378
13.0,445,1776.557318
14.0,494,1780.100674
18.0,604,1784.428923
8.0,451,1787.661345
5.0,290,1789.830576
9.0,566,1793.826369
26.0,1432,1804.026074
15.0,544,1807.903361
13.0,634,1812.518316
12.0,723,1817.662345
7.0,554,1821.614331
6.0,352,1824.134524
8.0,491,1827.737037
7.0,397,1830.646598
8.0,528,1834.427476
9.0,461,1837.744417
21.0,670,1842.643817
8.0,471,1846.012286
10.0,557,1850.037842
8.0,414,1852.990144
10.0,496,1856.612754
10.0,459,1859.899389
5.0,305,1862.088585
7.0,393,1864.876127
8.0,400,1867.846337
14.0,541,1871.919311
10.0,502,1875.847413
6.0,398,1878.696165
7.0,383,1881.477326
3.0,213,1883.022426
10.0,501,1886.58551
7.0,402,1889.430841
8.0,432,1892.663177
13.0,582,1896.827013
5.0,301,1898.965431
11.0,383,1901.722062
9.0,460,1905.092293
10.0,554,1909.468811
10.0,442,1912.649835
7.0,456,1915.931226
7.0,499,1919.605601
16.0,665,1924.364951
8.0,437,1927.501008
9.0,505,1931.101571
9.0,501,1934.767238
8.0,432,1937.847965
6.0,346,1940.319712
13.0,497,1943.870984
12.0,351,1946.451609
7.0,409,1949.38179
8.0,467,1952.798573
12.0,651,1957.472095
9.0,304,1959.705703
9.0,482,1963.186669
9.0,482,1966.642722
10.0,530,1970.415288
7.0,400,1973.337129
9.0,376,1976.032049
8.0,419,1979.052144
7.0,408,1981.97165
13.0,495,1985.603248
7.0,454,1988.835597
8.0,432,1991.903562
10.0,470,1995.268656
9.0,451,1998.602698
11.0,542,2002.457422
9.0,517,2006.14763
7.0,367,2008.778454
11.0,387,2011.720062
8.0,407,2014.641783
12.0,461,2017.973057
10.0,476,2021.392633
12.0,511,2025.122562
11.0,420,2028.162036
8.0,449,2031.379127
9.0,427,2034.451891
10.0,513,2038.184434
16.0,692,2043.14085
9.0,464,2046.486513
10.0,502,2050.078353
10.0,491,2053.661011
11.0,580,2057.831872
7.0,420,2060.856055
5.0,285,2062.883418
8.0,326,2065.302105
7.0,365,2067.910518
13.0,586,2072.181609
5.0,289,2074.240212
15.0,778,2079.863948
14.0,526,2083.679426
11.0,556,2087.698751
6.0,535,2091.519526
7.0,321,2093.880505
17.0,367,2096.514957
4.0,295,2098.632074
5.0,311,2100.878031
6.0,332,2103.373642
10.0,516,2107.105594
8.0,302,2109.27304
3.0,211,2110.773523
8.0,402,2113.750774
10.0,413,2116.720546
8.0,401,2119.595523
12.0,606,2123.957597
10.0,372,2126.686962
6.0,393,2129.480703
9.0,472,2132.953143
14.0,714,2138.090183
10.0,528,2141.943783
10.0,371,2144.600486
4.0,236,2146.297253
11.0,541,2150.216096
17.0,577,2154.444155
10.0,355,2157.003669
20.0,595,2161.25482
9.0,321,2163.578845
15.0,557,2167.719285
14.0,620,2172.193549
12.0,597,2176.47374
17.0,625,2181.001436
16.0,450,2184.30678
8.0,420,2187.309734
15.0,613,2191.759877
11.0,512,2195.454987
8.0,430,2198.614329
16.0,908,2205.104899
9.0,456,2208.380921
8.0,410,2211.310834
11.0,511,2215.051767
8.0,387,2217.864385
10.0,520,2221.717354
9.0,450,2224.952175
5.0,355,2227.596706
10.0,409,2230.569884
11.0,436,2233.713149
11.0,594,2238.031862
11.0,534,2242.106652
17.0,464,2245.453655
18.0,486,2249.007197
13.0,552,2252.982176
11.0,419,2256.044438
10.0,503,2259.641866
7.0,363,2262.258705
12.0,529,2266.008345
13.0,656,2270.792534
10.0,513,2274.441386
9.0,325,2276.791214
14.0,613,2281.192103
15.0,569,2285.307877
12.0,577,2289.4076
10.0,496,2292.974222
14.0,493,2296.507418
10.0,507,2300.20838
14.0,625,2304.723943
10.0,493,2308.227781
7.0,354,2310.790328
8.0,413,2313.840329
10.0,379,2316.540221
7.0,402,2319.424461
8.0,576,2323.64354
14.0,650,2328.430565
9.0,674,2333.239823
7.0,388,2336.023079
12.0,573,2340.222564
16.0,692,2345.272867
10.0,479,2348.739333
6.0,352,2351.228141
10.0,493,2354.739286
9.0,446,2357.972448
9.0,462,2361.278602
10.0,496,2364.812069
11.0,429,2367.887406
10.0,450,2371.222154
9.0,417,2374.238616
7.0,362,2376.85541
7.0,372,2379.527797
16.0,597,2383.871674
18.0,598,2388.144448
9.0,450,2391.388152
11.0,384,2394.14449
9.0,490,2397.792634
8.0,422,2400.870708
9.0,546,2404.894846
9.0,450,2408.143084
6.0,326,2410.537611
10.0,452,2413.803414
17.0,655,2418.508564
10.0,483,2422.011997
26.0,666,2426.863477
10.0,552,2430.822104
13.0,617,2435.203107
11.0,591,2439.403474
14.0,674,2444.270546
18.0,539,2448.370223
7.0,437,2451.503783
11.0,465,2454.836538
17.0,525,2458.658463
15.0,542,2462.516072
11.0,548,2466.433221
9.0,466,2469.721032
12.0,568,2473.891144
10.0,388,2476.702828
20.0,679,2481.590739
21.0,765,2487.229666
16.0,450,2490.656605
17.0,619,2495.231001
15.0,558,2499.333255
13.0,871,2505.701766
15.0,411,2508.805103
8.0,391,2511.668277
9.0,506,2515.40134
8.0,420,2518.484594
13.0,488,2522.151115
12.0,553,2526.232964
7.0,415,2529.334266
17.0,718,2534.568234
11.0,551,2538.731702
10.0,517,2542.4835
14.0,574,2546.770411
10.0,530,2551.248967
23.0,777,2557.030618
16.0,442,2560.204523
8.0,546,2564.22385
10.0,526,2568.007348
20.0,678,2573.011888
5.0,349,2575.512266
14.0,544,2579.448255
13.0,643,2584.123304
21.0,660,2589.010724
22.0,761,2594.54172
6.0,315,2596.82557
11.0,402,2599.714741
10.0,524,2603.574517
11.0,468,2606.953502
9.0,532,2610.864012
9.0,499,2614.472533
7.0,402,2617.419727
12.0,541,2621.31625
10.0,567,2625.366818
18.0,446,2628.60334
13.0,701,2633.694427
13.0,498,2637.278791
8.0,468,2640.63529
11.0,524,2644.415357
9.0,446,2647.686689
14.0,384,2650.433906
12.0,562,2654.477845
16.0,562,2658.486617
4.0,255,2660.382934
16.0,625,2664.845789
11.0,607,2669.218125
13.0,548,2673.196486
9.0,489,2676.768871
25.0,629,2681.248741
9.0,454,2684.512788
7.0,347,2687.018915
8.0,393,2689.897282
8.0,444,2693.083018
9.0,514,2696.76795
17.0,706,2701.844935
11.0,501,2705.497501
18.0,500,2709.070692
27.0,689,2714.039285
11.0,531,2717.829496
10.0,483,2721.363023
7.0,398,2724.199799
18.0,728,2729.39027
8.0,467,2732.801303
9.0,397,2735.720797
14.0,550,2739.663331
11.0,555,2743.648183
14.0,512,2747.339973
12.0,555,2751.389064
17.0,612,2755.787799
13.0,530,2759.609803
18.0,650,2764.241223
23.0,731,2769.565718
6.0,384,2772.332348
15.0,677,2777.231473
14.0,698,2782.738188
8.0,571,2786.987352
10.0,483,2790.483127
8.0,441,2793.697261
22.0,540,2797.611672
16.0,557,2801.705068
19.0,604,2806.06096
9.0,431,2809.149369
15.0,611,2813.527727
10.0,362,2816.197218
8.0,433,2819.334957
25.0,678,2824.282976
14.0,546,2828.191599
18.0,635,2832.854787
22.0,567,2836.93569
17.0,366,2839.572337
13.0,481,2843.058004
5.0,292,2845.216342
9.0,444,2848.423102
10.0,487,2852.0194
15.0,599,2856.656293
17.0,465,2860.060361
10.0,525,2863.837932
12.0,648,2868.502472
16.0,585,2872.753885
8.0,415,2875.80666
7.0,432,2878.922973
12.0,300,2881.095005
11.0,785,2886.776514
11.0,494,2890.376371
11.0,363,2892.984545
43.0,928,2899.634082
7.0,390,2902.449499
16.0,587,2906.730409
11.0,546,2910.766673
24.0,699,2915.774143
15.0,852,2921.865413
23.0,476,2925.352507
5.0,288,2927.442439
15.0,573,2931.594534
20.0,593,2935.839596
14.0,516,2939.616431
14.0,534,2943.433768
9.0,422,2946.503983
10.0,521,2950.262631
8.0,491,2953.8603
7.0,531,2957.689404
16.0,599,2961.964795
10.0,497,2965.570026
11.0,529,2969.432443
7.0,401,2972.425706
9.0,551,2976.400242
16.0,837,2982.393304
20.0,617,2986.886005
7.0,383,2989.629584
11.0,529,2993.43425
11.0,574,2997.557507
10.0,521,3001.352912
5.0,321,3003.683725
8.0,274,3005.686778
10.0,507,3009.329669
10.0,486,3012.887827
11.0,594,3017.157843
13.0,575,3021.279478
8.0,431,3024.423349
24.0,741,3029.807809
12.0,432,3033.008806
7.0,401,3035.91995
11.0,532,3039.744471
10.0,535,3043.65102
8.0,424,3046.715288
12.0,481,3050.191545
9.0,475,3053.584607
3.0,243,3055.413593
9.0,470,3058.839909
12.0,577,3062.994966
22.0,806,3068.752177
25.0,796,3074.521593
18.0,679,3079.43966
24.0,785,3085.042505
10.0,391,3087.877705
16.0,681,3092.906976
13.0,629,3097.418914
11.0,601,3101.737734
21.0,781,3107.373678
9.0,487,3111.03022
11.0,514,3114.713609
18.0,389,3117.516531
13.0,464,3120.878861
7.0,1009,3128.240435
19.0,709,3133.325941
18.0,711,3138.456519
11.0,433,3141.584536
10.0,449,3144.878201
12.0,536,3148.739129
17.0,731,3154.08734
11.0,557,3158.081685
9.0,460,3161.4624
12.0,645,3166.142045
23.0,573,3170.287418
14.0,380,3173.036302
17.0,694,3178.076193
20.0,636,3182.691267
10.0,510,3186.383845
16.0,427,3189.483963
16.0,640,3194.157871
22.0,789,3199.872681
18.0,668,3204.670402
18.0,496,3208.258505
13.0,597,3212.692255
16.0,728,3217.977171
12.0,560,3222.005991
9.0,600,3226.325721
13.0,612,3230.827765
8.0,431,3233.944157
4.0,292,3236.063725
11.0,565,3240.131876
20.0,566,3244.306325
9.0,463,3247.630107
13.0,577,3251.792434
12.0,465,3255.157675
15.0,653,3259.945027
15.0,594,3264.221773
12.0,532,3268.083915
9.0,456,3271.443053
14.0,604,3275.904733
13.0,543,3279.77846
25.0,622,3284.290842
12.0,575,3288.473721
20.0,649,3293.228704
13.0,517,3296.973884
14.0,569,3301.115908
8.0,452,3304.377305
8.0,490,3308.138746
6.0,319,3310.46413
10.0,509,3314.150097
9.0,466,3317.498685
11.0,723,3322.781986
16.0,516,3326.500334
14.0,564,3330.638278
19.0,550,3334.643416
6.0,320,3337.032519
17.0,622,3341.518749
10.0,469,3344.896837
7.0,365,3347.57123
6.0,332,3350.077497
13.0,586,3354.33177
16.0,582,3358.592518
16.0,611,3363.025995
15.0,664,3367.915561
13.0,564,3372.01764
12.0,588,3376.29634
8.0,438,3379.515158
18.0,672,3384.508643
6.0,317,3386.818512
11.0,513,3390.588115
15.0,601,3394.996288
16.0,624,3399.614347
13.0,603,3403.976499
9.0,447,3407.247102
4.0,254,3409.126526
17.0,475,3412.643301
15.0,587,3416.962072
16.0,479,3420.52319
14.0,563,3424.650035
25.0,626,3429.247316
15.0,655,3434.018087
24.0,738,3439.327284
10.0,479,3442.790367
34.0,1037,3450.430639
16.0,598,3454.758646
17.0,715,3459.933242
10.0,590,3464.208253
20.0,693,3469.287412
16.0,564,3473.37951
12.0,563,3477.461178
12.0,551,3481.474531
10.0,458,3484.869758
13.0,313,3487.167131
18.0,557,3491.197861
12.0,515,3494.938585
16.0,605,3499.380075
15.0,509,3503.0515
10.0,512,3506.689216
14.0,535,3510.603088
9.0,332,3513.066014
9.0,477,3516.475386
20.0,605,3520.811641
17.0,475,3524.238555
8.0,478,3527.766047
20.0,487,3531.261054
16.0,679,3536.136624
20.0,440,3539.311877
11.0,513,3543.060765
16.0,742,3548.415121
10.0,467,3551.811516
7.0,351,3554.343981
32.0,822,3560.359974
9.0,537,3564.202951
18.0,594,3568.456351
16.0,607,3572.849457
11.0,622,3577.42787
18.0,750,3582.817941
16.0,625,3587.329846
16.0,679,3592.211592
10.0,485,3595.830521
25.0,710,3600.926005
9.0,511,3604.61844
16.0,658,3609.379843
11.0,488,3612.935606
19.0,711,3618.028219
19.0,587,3622.2397
11.0,492,3625.744181
15.0,583,3630.026391
9.0,427,3633.147389
20.0,585,3637.361806
12.0,417,3640.347217
22.0,676,3645.250594
19.0,674,3650.070683
13.0,742,3655.398735
12.0,552,3659.34111
10.0,699,3664.431143
17.0,540,3668.337986
12.0,455,3671.591151
14.0,659,3676.357561
11.0,577,3680.557087
9.0,477,3684.033201
14.0,488,3687.675736
7.0,371,3690.649652
10.0,548,3694.817699
19.0,563,3698.910353
8.0,417,3702.284987
8.0,419,3705.307998
6.0,342,3707.896951
5.0,302,3710.080863
11.0,520,3713.829541
23.0,780,3719.527794
15.0,658,3724.36447
16.0,543,3728.291568
15.0,589,3732.550685
17.0,599,3736.847557
7.0,446,3740.16712
6.0,301,3742.381274
17.0,463,3745.72213
14.0,715,3750.998085
20.0,599,3755.405572
13.0,496,3758.947797
7.0,382,3761.728105
8.0,434,3764.84319
7.0,365,3767.53889
18.0,776,3773.140899
18.0,636,3777.716645
13.0,598,3781.988911
15.0,690,3787.035551
10.0,522,3790.780552
27.0,611,3795.200562
16.0,765,3800.895548
15.0,641,3805.807369
7.0,342,3808.260674
16.0,593,3812.490953
16.0,573,3816.513097
7.0,403,3819.540954
6.0,374,3822.377856
18.0,560,3826.918613
12.0,321,3829.404359
13.0,588,3834.608537
7.0,384,3837.657107
16.0,598,3842.206984
27.0,752,3848.195429
12.0,450,3851.892631
10.0,466,3855.539337
7.0,354,3858.223234
23.0,704,3863.572923
19.0,747,3869.153255
11.0,507,3872.947028
9.0,498,3876.638126
13.0,498,3880.289181
14.0,396,3883.211704
13.0,626,3887.870846
11.0,412,3890.9233
11.0,447,3894.242833
20.0,575,3898.511325
9.0,341,3901.051349
11.0,420,3904.156606
10.0,544,3908.170209
15.0,654,3912.973846
7.0,470,3916.404865
10.0,498,3920.071417
12.0,542,3924.088106
7.0,396,3927.054658
15.0,626,3931.650637
17.0,776,3937.390842
13.0,469,3940.875036
9.0,426,3944.037539
8.0,484,3947.654583
18.0,770,3953.387147
8.0,400,3956.403984
11.0,567,3960.629457
20.0,814,3966.670188
14.0,439,3969.914701
19.0,647,3974.703336
4.0,238,3976.519795
7.0,419,3979.619792
9.0,404,3982.603533
18.0,595,3987.028498
12.0,542,3991.100766
15.0,604,3995.552772
6.0,334,3998.018032
22.0,667,4002.952862
26.0,793,4008.852895
12.0,637,4013.552201
11.0,510,4017.335439
7.0,483,4020.952477
11.0,506,4024.719052
15.0,662,4029.631305
15.0,604,4034.068772
14.0,488,4037.675092
15.0,688,4042.784957
10.0,481,4046.351444
9.0,571,4050.651135
7.0,626,4055.266333
13.0,571,4059.534169
10.0,713,4064.740791
14.0,636,4069.401348
21.0,783,4075.159511
12.0,533,4079.05032
11.0,640,4083.750238
8.0,449,4087.066715
6.0,376,4089.850202
18.0,802,4095.749919
12.0,728,4101.116472
9.0,339,4103.63312
7.0,418,4106.684207
13.0,609,4111.284163
20.0,728,4116.724724
12.0,578,4121.056031
21.0,821,4127.066683
22.0,653,4131.909793
13.0,634,4136.549299
9.0,458,4139.932018
14.0,542,4143.915358
8.0,468,4147.382528
9.0,442,4150.648493
8.0,448,4153.948267
5.0,271,4155.915046
12.0,506,4159.681965
22.0,757,4165.248802
15.0,683,4170.323614
11.0,602,4174.873538
14.0,631,4179.614502
11.0,510,4183.858249
13.0,646,4188.766973
10.0,458,4192.148388
14.0,522,4195.993829
20.0,652,4200.860836
11.0,521,4204.679853
9.0,438,4207.934285
11.0,491,4211.552809
11.0,496,4215.215469
12.0,550,4219.283737
20.0,692,4224.362822
14.0,553,4228.435624
13.0,560,4232.642302
11.0,558,4236.762429
19.0,653,4241.579375
15.0,575,4245.838183
12.0,526,4249.739855
16.0,629,4254.373431
13.0,488,4257.988171
27.0,712,4263.272004
24.0,615,4267.865899
23.0,751,4273.379608
8.0,383,4276.227333
11.0,487,4279.833469
9.0,515,4283.639327
18.0,759,4289.243288
8.0,423,4292.420402
17.0,808,4298.434231
9.0,468,4301.833231
8.0,416,4304.860133
17.0,513,4308.63013
18.0,666,4313.514729
18.0,718,4318.857373
18.0,669,4323.893335
14.0,558,4327.981884
12.0,556,4332.021622
16.0,467,4335.402426
13.0,626,4340.013154
16.0,630,4344.665882
19.0,689,4349.800284
44.0,1130,4358.151242
16.0,717,4363.398741
20.0,732,4368.725034
11.0,584,4372.995449
14.0,506,4376.704958
17.0,603,4381.137975
12.0,529,4384.965328
20.0,702,4390.091287
21.0,669,4395.054602
17.0,592,4399.403673
15.0,835,4405.537821
10.0,564,4409.671197
9.0,325,4412.135086
10.0,474,4415.595475
9.0,329,4418.022777
17.0,725,4423.385147
16.0,622,4427.926661
6.0,353,4430.501811
24.0,586,4434.764977
11.0,531,4438.621451
18.0,639,4443.279617
12.0,541,4447.230463
14.0,551,4451.201069
16.0,591,4455.549368
18.0,643,4460.230858
18.0,661,4465.006642
20.0,661,4469.75178
14.0,534,4473.704812
16.0,671,4478.595937
18.0,640,4483.256893
28.0,847,4489.507428
21.0,695,4494.583862
21.0,692,4499.618632
15.0,684,4504.616539
15.0,580,4508.806045
21.0,553,4512.872887
14.0,554,4516.943483
24.0,823,4522.944535
15.0,614,4527.407572
13.0,732,4532.810088
20.0,699,4537.871318
15.0,634,4542.464555
19.0,577,4546.672172
19.0,721,4552.001472
20.0,583,4556.280251
13.0,575,4560.465238
13.0,610,4564.895483
9.0,460,4568.250965
24.0,880,4574.673543
10.0,474,4578.123786
9.0,454,4581.384983
13.0,586,4585.668931
13.0,559,4589.724421
14.0,519,4593.57869
10.0,489,4597.253044
17.0,606,4602.094217
14.0,494,4605.691753
24.0,739,4611.082076
7.0,390,4613.931576
25.0,721,4619.311317
15.0,670,4624.147999
25.0,871,4630.513061
17.0,446,4633.743826
23.0,754,4639.22035
15.0,663,4644.055357
10.0,521,4647.838707
11.0,701,4653.031299
6.0,428,4656.15784
13.0,585,4660.390751
20.0,699,4665.48596
10.0,433,4668.673479
10.0,443,4671.912715
20.0,685,4676.878098
20.0,589,4681.180997
15.0,765,4686.731447
16.0,510,4690.479408
20.0,836,4696.597049
24.0,729,4701.912872
13.0,640,4706.532458
20.0,558,4710.633901
19.0,704,4715.755633
22.0,664,4720.566886
27.0,948,4727.514926
12.0,564,4731.630638
13.0,559,4735.7193
6.0,296,4737.883478
19.0,782,4743.595172
20.0,615,4748.097209
15.0,438,4751.312434
12.0,365,4753.948932
20.0,706,4759.075796
16.0,629,4763.644216
11.0,553,4767.645363
27.0,773,4773.371844
16.0,714,4778.585474
4.0,394,4781.466727
25.0,767,4787.088677
16.0,553,4791.124004
22.0,788,4796.884364
12.0,537,4800.788892
21.0,696,4805.86084
13.0,520,4809.658209
10.0,512,4813.404831
15.0,645,4818.124774
21.0,915,4824.748164
31.0,768,4830.396677
11.0,491,4834.009915
23.0,716,4839.244888
10.0,485,4842.79408
13.0,560,4846.923522
14.0,629,4851.570201
19.0,797,4857.620269
7.0,387,4860.503082
25.0,713,4865.686113
10.0,558,4869.735517
16.0,650,4874.505753
13.0,633,4879.077455
13.0,551,4883.080889
27.0,630,4887.656018
17.0,562,4891.824391
10.0,442,4895.040292
16.0,665,4899.846053
17.0,746,4905.26931
43.0,1163,4913.802783
19.0,965,4920.851464
26.0,815,4926.767973
9.0,520,4930.553622
13.0,616,4935.017159
11.0,562,4939.11194
13.0,746,4944.558161
17.0,687,4949.519099
11.0,425,4952.685641
13.0,434,4955.834061
18.0,869,4962.195198
23.0,830,4968.285304
12.0,560,4972.357175
12.0,593,4976.944819
10.0,482,4980.760046
17.0,654,4985.732728
13.0,597,4990.673757
12.0,578,4995.467679
13.0,464,4998.964649
17.0,620,5003.514522
10.0,500,5007.181079
21.0,781,5013.106355
13.0,685,5018.73093
17.0,631,5023.5293
7.0,364,5026.181264
36.0,831,5032.113755
18.0,674,5036.963712
20.0,692,5041.896738
19.0,776,5047.549486
15.0,617,5051.932843
10.0,493,5055.464545
13.0,552,5059.412426
11.0,570,5063.561844
8.0,433,5066.663822
19.0,677,5071.513743
13.0,392,5074.345351
14.0,377,5077.112408
7.0,389,5079.912461
23.0,761,5085.328993
10.0,446,5088.52913
15.0,680,5093.495381
18.0,655,5098.178477
20.0,686,5103.161979
12.0,554,5107.095005
10.0,515,5110.878181
11.0,542,5114.73272
11.0,537,5118.576364
17.0,742,5123.876763
10.0,362,5126.544738
17.0,731,5131.827661
21.0,668,5136.611056
25.0,871,5142.877299
10.0,482,5146.682821
19.0,655,5151.400237
22.0,688,5156.329085
19.0,1766,5169.006224
20.0,708,5174.130836
20.0,911,5180.659053
15.0,574,5184.795051
17.0,549,5188.730353
17.0,586,5193.050723
18.0,638,5197.629811
20.0,430,5200.703936
9.0,433,5203.760401
13.0,622,5208.31281
28.0,816,5214.177653
19.0,766,5219.683895
9.0,429,5222.748718
15.0,647,5227.461372
12.0,500,5231.028951
9.0,482,5234.613446
7.0,389,5237.37412
11.0,491,5240.978923
31.0,730,5246.178963
15.0,736,5251.565074
21.0,770,5257.114253
17.0,634,5261.692115
15.0,652,5266.457333
12.0,444,5269.724823
11.0,375,5272.490504
13.0,509,5276.274194
14.0,619,5280.825868
15.0,438,5284.023358
23.0,823,5290.023989
8.0,448,5293.389809
10.0,518,5297.206777
13.0,758,5302.749357
21.0,655,5307.522789
26.0,852,5313.873415
4.0,274,5315.906363
11.0,522,5319.723408
18.0,385,5322.598198
9.0,451,5325.956127
19.0,647,5330.837584
38.0,1039,5338.935498
11.0,520,5342.695958
12.0,618,5347.314608
9.0,443,5350.543428
19.0,579,5354.700349
20.0,631,5359.25289
9.0,508,5362.997146
20.0,818,5368.883205
9.0,346,5371.435881
8.0,452,5374.671204
27.0,1138,5382.932713
21.0,1506,5393.79023
39.0,958,5400.701679
7.0,403,5403.590935
20.0,487,5407.167449
13.0,605,5411.507033
16.0,598,5415.807225
24.0,725,5421.262186
24.0,593,5425.831233
13.0,607,5430.28208
20.0,795,5436.163813
18.0,538,5440.028803
13.0,630,5444.59914
10.0,504,5448.211581
11.0,511,5451.90124
15.0,564,5455.962976
24.0,710,5461.127737
13.0,641,5465.72787
13.0,505,5469.411844
14.0,666,5474.144075
23.0,749,5479.531765
13.0,578,5483.610504
16.0,460,5486.840086
19.0,607,5491.176929
13.0,686,5496.071855
9.0,561,5499.998843
12.0,530,5503.782228
20.0,749,5509.01301
20.0,707,5514.093062
14.0,1004,5521.23102
18.0,609,5525.497179
7.0,423,5528.473939
18.0,1846,5541.497232
12.0,509,5545.07556
24.0,735,5550.260396
14.0,737,5555.525274
21.0,741,5560.773147
20.0,555,5564.641648
21.0,801,5570.241392
19.0,489,5573.674804
9.0,494,5577.264399
27.0,826,5583.079878
20.0,693,5587.919105
21.0,660,5592.565262
8.0,422,5595.640779
33.0,815,5601.439472
17.0,588,5605.673803
9.0,478,5609.129867
10.0,704,5614.394808
13.0,547,5618.364564
24.0,573,5622.464406
24.0,929,5629.12312
11.0,479,5632.639688
29.0,900,5639.090253
25.0,616,5643.507557
27.0,824,5649.422572
4.0,273,5651.430617
27.0,824,5657.289718
10.0,479,5660.722947
26.0,1041,5668.139855
28.0,804,5674.03865
14.0,544,5678.089092
15.0,626,5682.688699
12.0,596,5687.305925
15.0,633,5692.370056
14.0,597,5696.746637
28.0,942,5704.145643
15.0,557,5708.804726
13.0,636,5713.821722
12.0,585,5718.335676
11.0,459,5721.813722
19.0,798,5727.887186
21.0,681,5733.150738
19.0,574,5737.589832
8.0,434,5740.853696
10.0,510,5744.714942
20.0,729,5750.292188
15.0,560,5754.619892
23.0,655,5759.871437
12.0,444,5763.519713
12.0,562,5767.807769
22.0,1215,5776.964577
8.0,388,5779.909779
19.0,431,5783.124388
15.0,577,5787.518914
19.0,570,5792.083831
20.0,639,5797.174963
15.0,562,5801.549458
13.0,439,5805.007432
20.0,537,5809.273757
12.0,688,5814.868234
17.0,586,5819.701719
12.0,609,5825.041927
12.0,535,5829.690363
16.0,462,5833.618586
9.0,498,5837.406596
7.0,405,5840.490381
15.0,670,5845.498185
11.0,530,5849.475637
11.0,512,5853.433478
6.0,370,5856.299579
17.0,708,5861.621849
9.0,430,5864.956602
10.0,546,5869.235332
12.0,722,5874.952515
7.0,402,5878.219404
19.0,536,5882.616506
11.0,537,5887.246592
12.0,471,5891.519194
16.0,655,5897.507873
15.0,537,5902.60312
19.0,675,5907.860899
12.0,463,5911.436887
17.0,492,5915.132569
20.0,726,5920.677633
20.0,728,5926.278395
20.0,723,5931.841676
22.0,822,5938.227927
11.0,493,5942.087611
23.0,961,5949.54089
21.0,728,5955.202723
16.0,683,5960.435569
19.0,685,5965.736736
19.0,441,5969.20814
13.0,610,5974.047835
11.0,679,5979.36346
14.0,581,5983.730096
20.0,814,5989.763762
11.0,525,5993.663972
17.0,861,6000.018086
15.0,541,6004.01339
14.0,649,6008.813282
14.0,512,6012.640196
14.0,466,6016.052239
16.0,636,6020.713082
14.0,621,6025.324904
7.0,385,6028.252003
11.0,467,6031.712538
9.0,506,6035.446385
12.0,604,6040.028615
12.0,475,6043.595969
16.0,492,6047.478362
14.0,680,6052.481055
8.0,470,6055.911496
17.0,460,6059.328366
15.0,690,6064.427896
13.0,618,6069.018213
12.0,554,6073.165941
20.0,590,6077.560898
11.0,568,6081.814274
14.0,541,6085.84387
22.0,805,6091.810784
11.0,578,6096.130186
24.0,747,6101.647789
8.0,435,6104.84881
10.0,339,6107.32672
27.0,846,6113.693321
13.0,668,6118.626353
16.0,538,6122.640155
18.0,496,6126.304882
14.0,645,6131.160235
30.0,740,6136.609479
14.0,832,6142.751377
20.0,573,6146.940766
20.0,801,6152.975855
15.0,692,6158.117619
16.0,646,6162.88993
8.0,390,6165.760175
11.0,540,6169.841542
21.0,744,6175.319729
19.0,615,6179.868794
12.0,558,6183.974575
20.0,687,6189.08948
13.0,600,6193.496014
16.0,683,6198.569287
16.0,591,6202.924097
17.0,602,6207.407302
14.0,528,6211.357203
8.0,471,6214.837284
11.0,509,6218.58548
17.0,608,6223.213125
21.0,662,6228.140266
13.0,576,6232.411591
17.0,748,6238.286817
18.0,639,6243.422423
14.0,535,6247.472826
23.0,687,6252.622824
10.0,568,6256.872893
18.0,622,6261.556745
15.0,600,6266.047039
16.0,797,6272.004992
16.0,558,6276.127138
34.0,945,6283.171894
24.0,756,6288.771665
27.0,682,6293.877832
12.0,591,6298.442648
12.0,581,6302.621383
11.0,493,6306.122368
19.0,813,6311.877199
15.0,555,6315.820957
7.0,400,6318.75883
27.0,749,6324.985445
29.0,829,6331.36069
28.0,945,6338.285695
13.0,582,6342.453507
17.0,614,6346.787254
27.0,736,6351.953264
22.0,999,6358.999276
16.0,697,6364.003022
18.0,597,6368.168242
13.0,596,6372.341181
19.0,806,6378.036383
21.0,702,6383.040513
10.0,506,6386.60327
28.0,898,6392.885665
19.0,805,6398.522535
13.0,611,6402.88382
19.0,684,6407.668535
28.0,714,6412.651742
22.0,753,6417.921049
25.0,1041,6425.285511
17.0,774,6430.725085
9.0,506,6434.283011
19.0,786,6439.768296
20.0,641,6444.430455
18.0,570,6448.405271
27.0,814,6454.117943
18.0,698,6459.050438
12.0,709,6464.166955
14.0,571,6468.152332
17.0,722,6473.283407
16.0,575,6477.373526
17.0,471,6480.750005
15.0,585,6484.917161
15.0,647,6489.482893
26.0,768,6494.917356
25.0,899,6501.372487
13.0,597,6505.622835
27.0,1007,6512.732739
31.0,810,6518.515432
12.0,544,6522.455175
14.0,593,6526.665267
16.0,713,6531.698488
17.0,665,6536.364975
32.0,812,6542.170673
28.0,796,6547.815899
18.0,751,6553.180681
20.0,692,6558.064473
29.0,756,6563.564249
10.0,579,6567.648584
16.0,478,6571.016554
21.0,784,6576.585065
8.0,674,6581.447359
33.0,1003,6588.663897
22.0,689,6593.846802
21.0,621,6598.769298
8.0,398,6601.747315
22.0,549,6605.796404
11.0,501,6609.446434
12.0,563,6613.564706
22.0,655,6618.452108
34.0,989,6625.696532
11.0,503,6629.39606
13.0,609,6633.861106
13.0,475,6637.41873
20.0,585,6641.712913
22.0,598,6646.102561
19.0,668,6650.954384
18.0,505,6655.27249
17.0,732,6660.611259
13.0,469,6664.034858
18.0,485,6667.565098
16.0,557,6671.724335
29.0,955,6678.611902
15.0,707,6683.734812
30.0,815,6689.723374
17.0,572,6693.943655
12.0,505,6697.586375
8.0,365,6700.254503
18.0,705,6705.348989
11.0,532,6709.265959
13.0,506,6712.944965
19.0,606,6717.315327
13.0,596,6721.654188
13.0,558,6725.745865
14.0,605,6730.098267
19.0,655,6734.807078
16.0,729,6740.07326
17.0,670,6745.050194
9.0,385,6747.84498
12.0,585,6752.044342
16.0,614,6756.502876
9.0,494,6760.108051
9.0,454,6763.403992
8.0,431,6766.519011
22.0,837,6772.591663
11.0,532,6776.532552
17.0,633,6781.118381
14.0,491,6784.689095
22.0,665,6789.477108
10.0,539,6794.111688
20.0,750,6799.50802
36.0,558,6803.600748
17.0,707,6808.724897
20.0,747,6814.230296
10.0,462,6817.554639
20.0,932,6824.291436
17.0,490,6827.819282
15.0,874,6834.242285
9.0,467,6837.603121
20.0,815,6843.549409
14.0,505,6847.210283
19.0,691,6852.325297
19.0,416,6855.352181
17.0,502,6858.996972
20.0,691,6864.011523
10.0,454,6867.368268
13.0,663,6872.155962
6.0,370,6874.8011
11.0,513,6878.490563
15.0,653,6883.268602
9.0,447,6886.494185
18.0,1118,6894.537965
13.0,473,6897.951644
12.0,588,6902.249274
19.0,537,6906.218219
17.0,693,6911.212847
19.0,806,6916.988148
28.0,687,6922.051341
12.0,470,6925.420461
12.0,535,6929.281236
33.0,789,6934.954033
21.0,769,6940.550301
15.0,710,6945.64738
22.0,667,6950.459534
14.0,495,6954.075401
20.0,623,6958.638343
12.0,539,6962.498778
15.0,543,6966.396215
10.0,518,6970.103287
18.0,493,6973.6985
13.0,489,6977.240869
9.0,703,6982.275563
26.0,751,6987.646282
15.0,545,6991.667711
9.0,451,6994.888653
14.0,547,6998.833769
20.0,774,7004.392684
18.0,451,7007.704227
14.0,497,7011.269588
20.0,711,7016.381097
17.0,611,7020.760827
19.0,596,7025.111302
11.0,539,7029.008966
21.0,770,7034.541291
11.0,554,7038.522395
10.0,511,7042.262434
12.0,573,7046.36268
16.0,657,7051.069772
23.0,740,7056.3377
27.0,910,7062.968364
6.0,521,7066.69092
12.0,529,7070.491284
12.0,1133,7078.705834
18.0,597,7083.103076
23.0,742,7088.450309
11.0,491,7092.004813
12.0,537,7095.886639
9.0,487,7099.470294
8.0,436,7102.596264
12.0,529,7106.408168
15.0,747,7111.819675
14.0,614,7116.287438
16.0,605,7120.667502
13.0,554,7124.621841
15.0,550,7128.590001
30.0,622,7133.141171
15.0,643,7137.812924
13.0,514,7141.513629
24.0,663,7146.305259
11.0,671,7151.170928
19.0,702,7156.223347
19.0,650,7160.922878
10.0,479,7164.381224
12.0,563,7168.535974
11.0,578,7172.726067
12.0,496,7176.30552
9.0,424,7179.34716
7.0,448,7182.635433
22.0,617,7187.087186
6.0,340,7189.54178
12.0,463,7192.871069
15.0,574,7197.089782
16.0,677,7201.925709
17.0,2107,7216.980127
33.0,805,7222.733383
22.0,808,7228.553323
8.0,368,7231.19351
24.0,854,7237.294666
21.0,476,7240.676803
16.0,617,7245.124665
17.0,850,7251.23708
20.0,744,7256.58298
8.0,429,7259.658505
12.0,551,7263.721223
26.0,809,7269.610341
11.0,675,7274.440787
27.0,725,7279.668248
20.0,721,7284.893876
18.0,584,7289.059758
16.0,731,7294.294438
12.0,527,7298.072981
21.0,749,7303.51426
19.0,564,7307.569765
17.0,738,7312.825294
15.0,1023,7320.137597
17.0,587,7324.414455
18.0,700,7329.38773
24.0,775,7334.91027
17.0,493,7338.450714
14.0,649,7343.137518
12.0,518,7346.842742
15.0,535,7350.672183
16.0,644,7355.287019
23.0,856,7361.478997
15.0,620,7365.907257
22.0,816,7371.732383
14.0,554,7375.729093
15.0,533,7379.57826
14.0,503,7383.184493
23.0,801,7388.90589
17.0,679,7393.741279
18.0,741,7399.08355
8.0,395,7401.910949
9.0,477,7405.310941
12.0,568,7409.353186
20.0,630,7413.947659
20.0,553,7417.872078
12.0,538,7421.734577
20.0,598,7425.971887
12.0,450,7429.263285
20.0,808,7435.017118
13.0,625,7439.439421
27.0,966,7446.331495
14.0,631,7450.916116
11.0,370,7453.564492
14.0,600,7457.837943
27.0,729,7463.032281
18.0,709,7468.117755
31.0,828,7474.009207
17.0,704,7479.02037
20.0,558,7483.023724
29.0,821,7489.343869
20.0,655,7493.975171
22.0,705,7499.229473
15.0,660,7504.158141
12.0,522,7508.391566
11.0,489,7511.925594
18.0,538,7515.741159
26.0,746,7521.074284
15.0,548,7525.078758
14.0,647,7529.64079
16.0,482,7533.090807
15.0,556,7537.028802
17.0,705,7542.090438
11.0,492,7545.605577
22.0,1002,7552.690229
18.0,619,7557.057442
20.0,698,7562.111196
25.0,770,7567.541277
14.0,582,7571.672858
11.0,532,7575.459764
20.0,486,7578.972878
16.0,526,7582.722512
12.0,468,7586.04455
23.0,722,7591.155802
14.0,612,7595.572245
13.0,564,7599.572163
14.0,639,7604.072039
12.0,475,7607.471928
10.0,487,7611.038828
20.0,767,7616.405979
8.0,431,7619.471687
11.0,381,7622.154927
14.0,612,7626.555338
20.0,748,7631.872234
5.0,461,7635.171769
15.0,643,7639.738031
22.0,664,7644.511003
18.0,641,7649.054009
13.0,569,7653.037368
19.0,841,7658.935444
25.0,750,7664.237101
23.0,846,7670.127378
18.0,650,7674.675937
16.0,692,7679.503404
22.0,703,7684.486357
9.0,500,7687.999347
25.0,769,7693.353099
17.0,610,7697.618919
35.0,770,7703.087842
18.0,662,7707.685831
10.0,510,7711.236167
17.0,639,7715.668781
13.0,548,7719.569932
18.0,697,7724.435393
20.0,567,7728.421265
19.0,691,7733.235119
11.0,481,7736.651897
14.0,642,7741.168154
5.0,303,7743.269209
20.0,687,7748.034749
12.0,559,7752.139075
14.0,614,7756.584371
25.0,1432,7766.849307
9.0,400,7769.748961
26.0,774,7775.36731
13.0,507,7779.050498
20.0,666,7783.852487
29.0,925,7790.63441
13.0,575,7794.8841
25.0,751,7800.433372
15.0,538,7804.64998
17.0,685,7809.827014
24.0,918,7816.441622
14.0,485,7820.449265
17.0,683,7825.406832
6.0,335,7827.866497
19.0,661,7832.667564
8.0,413,7835.731786
14.0,667,7840.47086
11.0,366,7843.091596
22.0,457,7846.426732
8.0,439,7849.548346
15.0,671,7854.367207
24.0,778,7859.911435
15.0,546,7863.915252
14.0,514,7867.592849
14.0,531,7871.408771
21.0,624,7875.88267
27.0,883,7882.605788
18.0,637,7887.516381
19.0,722,7892.914165
12.0,550,7897.038857
12.0,584,7901.616729
22.0,832,7908.066578
14.0,669,7913.423036
15.0,632,7918.465132
15.0,576,7923.44257
27.0,1143,7932.707506
14.0,687,7937.792599
9.0,431,7940.910061
21.0,751,7946.595794
21.0,758,7952.290723
28.0,699,7957.570835
13.0,629,7962.146116
17.0,553,7966.212627
14.0,582,7970.462977
12.0,557,7974.578635
12.0,412,7977.587889
21.0,748,7983.085895
22.0,753,7988.545533
16.0,563,7992.661982
25.0,844,7998.828681
12.0,416,8001.895792
12.0,576,8006.074944
19.0,664,8010.889672
26.0,653,8015.661342
27.0,864,8022.027759
14.0,616,8026.515617
28.0,858,8032.761427
15.0,588,8037.014254
19.0,747,8042.510712
18.0,669,8047.408294
6.0,377,8050.210446
16.0,667,8055.106593
12.0,602,8059.577071
31.0,1137,8067.891288
8.0,391,8070.759725
11.0,493,8074.343155
14.0,595,8078.744145
15.0,669,8083.592942
15.0,539,8087.560149
31.0,723,8092.824167
14.0,569,8097.031526
25.0,841,8103.326649
29.0,800,8109.425899
19.0,535,8113.58748
22.0,734,8119.075478
14.0,606,8123.628936
12.0,570,8128.005188
21.0,787,8133.861258
16.0,1112,8142.312839
16.0,415,8145.431853
21.0,712,8150.669546
12.0,551,8154.74898
14.0,532,8158.730708
16.0,716,8163.972768
13.0,594,8168.325065
25.0,777,8173.999885
14.0,621,8178.607969
14.0,516,8182.472128
14.0,379,8185.256684
22.0,620,8189.823409
14.0,466,8193.37372
23.0,710,8198.829231
15.0,614,8203.401161
15.0,511,8207.198498
28.0,1013,8214.68548
16.0,578,8218.92321
19.0,727,8224.326877
28.0,846,8230.727677
26.0,906,8237.657984
28.0,746,8243.539053
33.0,1077,8252.199615
29.0,780,8258.84996
29.0,1811,8274.068498
19.0,660,8278.927576
10.0,459,8282.295445
12.0,533,8286.257715
15.0,632,8290.921088
8.0,468,8294.439854
10.0,524,8298.4212
15.0,630,8303.426589
13.0,758,8309.066241
23.0,562,8313.153245
12.0,530,8317.020431
21.0,730,8322.38657
20.0,754,8328.053063
16.0,645,8332.782301
26.0,900,8339.419325
14.0,487,8343.058076
17.0,570,8347.403224
13.0,577,8351.735595
15.0,511,8355.468843
24.0,579,8359.735366
13.0,585,8364.035288
17.0,678,8369.079035
25.0,411,8372.051668
11.0,481,8375.585255
15.0,673,8380.54061
9.0,326,8382.929073
22.0,664,8387.80599
27.0,873,8394.188947
24.0,780,8399.954436
7.0,366,8402.617465
21.0,759,8408.340496
16.0,551,8412.384792
27.0,837,8418.55043
8.0,432,8421.717674
13.0,432,8425.034868
10.0,497,8428.78611
21.0,748,8434.426034
26.0,678,8439.650957
10.0,507,8443.469142
11.0,464,8447.088359
6.0,372,8449.982886
7.0,357,8452.787767
20.0,731,8458.332711
19.0,704,8463.986377
19.0,657,8469.082353
7.0,466,8472.581731
18.0,657,8477.382126
13.0,568,8481.554627
12.0,516,8485.454841
27.0,856,8491.831738
22.0,866,8498.348175
13.0,519,8502.1982
32.0,1137,8511.210142
12.0,407,8516.443782
18.0,634,8522.5711
22.0,530,8527.71672
20.0,1020,8536.786519
21.0,661,8542.49511
34.0,728,8548.576622
16.0,692,8554.309323
20.0,587,8558.872726
11.0,535,8562.863376
24.0,557,8567.331891
11.0,497,8571.217291
11.0,382,8574.079457
14.0,377,8576.779344
31.0,956,8583.54601
13.0,470,8586.829158
16.0,715,8591.828522
13.0,564,8595.712151
22.0,783,8601.150009
16.0,632,8605.567546
11.0,499,8609.061877
19.0,629,8613.461638
19.0,652,8617.982131
20.0,745,8623.498749
19.0,703,8628.711387
10.0,551,8633.122317
31.0,909,8639.664337
17.0,645,8644.294484
9.0,496,8647.927684
15.0,684,8652.84397
25.0,671,8657.716099
14.0,599,8662.01502
26.0,819,8668.06036
20.0,590,8672.411578
10.0,450,8675.715132
16.0,542,8679.675398
10.0,454,8683.020875
17.0,724,8688.435901
16.0,570,8692.565534
14.0,680,8697.881983
13.0,530,8701.826601
17.0,657,8706.575159
19.0,624,8711.403402
7.0,338,8713.992408
24.0,574,8718.154499
18.0,634,8722.729444
16.0,532,8726.573618
6.0,357,8729.145324
19.0,640,8733.793044
14.0,489,8737.324588
14.0,427,8740.400313
14.0,381,8743.147461
15.0,706,8748.29581
14.0,634,8752.845993
13.0,697,8757.865803
15.0,589,8762.092652
9.0,454,8765.39425
16.0,550,8769.32865
11.0,530,8773.117549
29.0,818,8779.009838
16.0,628,8783.564488
19.0,668,8788.361039
27.0,735,8793.655893
15.0,621,8798.106626
14.0,622,8802.583457
9.0,478,8806.002311
16.0,587,8810.178786
17.0,702,8815.249654
23.0,600,8819.615604
11.0,514,8823.312343
9.0,487,8826.77692
21.0,765,8832.283564
19.0,596,8836.634032
21.0,573,8840.740183
39.0,976,8847.771473
22.0,750,8853.138811
24.0,793,8858.871294
31.0,1098,8866.751535
21.0,698,8871.790818
12.0,590,8876.040878
24.0,938,8882.829366
10.0,1634,8894.607009
20.0,645,8899.234992
22.0,719,8904.469698
16.0,657,8909.792877
11.0,405,8912.734255
12.0,582,8916.932161
15.0,528,8920.73134
14.0,617,8925.172907
24.0,790,8930.866889
16.0,1051,8938.370503
28.0,1101,8946.236921
17.0,616,8950.713748
18.0,653,8955.383548
25.0,781,8960.948625
13.0,2437,8978.523776
19.0,699,8983.575629
8.0,428,8986.65707
6.0,353,8989.221362
17.0,714,8994.352679
31.0,847,9000.506888
16.0,728,9005.733195
29.0,970,9012.683396
18.0,756,9018.117653
26.0,913,9024.736971
17.0,884,9031.138255
17.0,688,9036.094986
17.0,742,9041.468721
17.0,722,9046.710931
20.0,652,9051.454441
23.0,656,9056.124033
23.0,840,9062.135517
13.0,460,9065.425679
9.0,478,9068.840703
15.0,537,9072.675297
20.0,863,9078.888087
17.0,753,9084.311705
33.0,848,9090.362641
12.0,548,9094.24224
19.0,662,9098.986309
13.0,611,9103.44158
13.0,551,9107.389996
19.0,562,9111.42073
12.0,517,9115.125152
19.0,1124,9123.282435
21.0,721,9128.461259
13.0,761,9133.925745
11.0,517,9137.65731
13.0,538,9141.549159
19.0,594,9145.846109
19.0,577,9149.99759
20.0,690,9154.997839
22.0,810,9160.844245
14.0,623,9165.364084
18.0,554,9169.359311
10.0,388,9172.152227
13.0,527,9176.009888
24.0,617,9180.437955
29.0,1038,9187.926381
12.0,564,9191.950147
12.0,506,9195.622609
17.0,648,9200.279878
8.0,440,9203.428
13.0,582,9207.666719
27.0,646,9212.300081
22.0,729,9217.546272
15.0,537,9221.397832
12.0,522,9225.134346
8.0,390,9227.973411
13.0,469,9231.345116
10.0,502,9234.960303
16.0,1125,9243.034175
6.0,348,9245.597893
9.0,791,9251.27517
26.0,688,9256.246782
13.0,489,9259.784101
13.0,617,9264.292723
11.0,515,9268.016983
12.0,547,9271.986681
12.0,540,9275.905922
21.0,746,9281.285811
12.0,454,9284.554473
12.0,521,9288.313674
27.0,855,9294.492297
17.0,626,9298.996485
19.0,657,9303.735144
13.0,576,9307.864105
12.0,561,9311.899341
16.0,669,9316.720395
26.0,659,9321.473437
29.0,761,9326.944332
23.0,1173,9335.397477
17.0,521,9339.15888
17.0,760,9344.650314
38.0,1038,9352.115139
11.0,604,9356.470218
18.0,542,9360.390611
11.0,526,9364.180241
16.0,470,9367.527874
15.0,674,9372.408601
14.0,641,9377.039397
14.0,579,9381.206705
13.0,566,9385.234697
16.0,682,9390.166587
14.0,594,9394.451498
29.0,997,9401.602418
44.0,1133,9409.727552
11.0,760,9415.186622
19.0,714,9420.336673
11.0,594,9424.611249
15.0,462,9427.914275
24.0,680,9432.83301
19.0,701,9437.927145
14.0,478,9441.341027
24.0,723,9446.557923
25.0,798,9452.303454
17.0,458,9455.651555
14.0,664,9460.377607
30.0,891,9466.727225
6.0,342,9469.151716
13.0,565,9473.228681
22.0,683,9478.119426
24.0,731,9483.356062
22.0,746,9488.67881
16.0,638,9493.30888
32.0,939,9500.005882
11.0,552,9503.924335
20.0,622,9508.373175
27.0,927,9515.010787
23.0,726,9520.193929
16.0,696,9525.178236
13.0,577,9529.327524
13.0,593,9533.605326
10.0,459,9536.866138
12.0,527,9540.629228
19.0,698,9545.617203
14.0,531,9549.447009
19.0,782,9555.034999
28.0,944,9561.746422
16.0,595,9565.99614
24.0,609,9570.374071
14.0,642,9574.951852
16.0,590,9579.146751
12.0,414,9582.124115
16.0,949,9588.921399
25.0,775,9594.475908
10.0,488,9597.936252
17.0,599,9602.219092
15.0,673,9607.056697
19.0,968,9614.038717
26.0,634,9618.876609
20.0,713,9624.104463
18.0,779,9629.733287
30.0,556,9633.713322
12.0,503,9637.332351
25.0,514,9641.012389
24.0,616,9645.44384
28.0,875,9651.720971
13.0,379,9654.456855
20.0,635,9659.015589
24.0,1060,9666.652541
16.0,650,9671.314824
17.0,723,9676.462924
30.0,635,9681.054719
13.0,548,9685.028636
7.0,347,9687.507128
14.0,612,9691.903877
10.0,569,9695.998299
16.0,712,9701.156032
31.0,771,9706.68348
15.0,696,9711.706993
6.0,355,9714.260995
13.0,628,9718.790159
18.0,520,9722.52241
15.0,548,9726.434954
11.0,534,9730.285366
16.0,722,9735.473759
12.0,544,9739.345642
26.0,967,9746.234441
13.0,564,9750.28971
10.0,486,9753.790691
16.0,607,9758.14608
10.0,477,9761.571621
19.0,760,9767.012042
26.0,932,9773.708161
8.0,444,9776.878246
10.0,533,9780.741777
25.0,816,9786.601053
15.0,610,9790.985265
23.0,1063,9798.594751
6.0,430,9801.676065
13.0,589,9805.887241
14.0,343,9808.382183
11.0,488,9811.863245
29.0,654,9816.525084
22.0,658,9821.206214
22.0,729,9826.515409
26.0,1695,9838.666892
12.0,506,9842.306138
27.0,679,9847.176769
12.0,546,9851.154182
20.0,836,9857.128453
12.0,572,9861.180858
16.0,584,9865.350422
18.0,662,9870.126969
20.0,1186,9878.60016
18.0,634,9883.145344
29.0,998,9890.245839
30.0,1004,9897.502059
16.0,719,9902.650805
39.0,989,9909.727771
6.0,338,9912.166831
15.0,722,9917.356861
22.0,911,9923.905953
16.0,990,9930.976323
10.0,497,9934.549688
11.0,575,9938.700316
13.0,560,9942.710669
12.0,540,9946.585846
28.0,873,9952.862447
25.0,815,9958.70252
23.0,750,9964.086154
13.0,588,9968.332167
8.0,438,9971.464757
8.0,633,9976.057957
14.0,533,9979.881026
21.0,748,9985.218758
18.0,661,9989.969427
19.0,627,9994.496226
18.0,700,9999.514778
20.0,727,10004.752963
26.0,966,10011.668447
17.0,712,10016.825227
16.0,711,10021.908595
10.0,460,10025.211578
13.0,596,10029.480139
19.0,848,10035.621791
7.0,397,10038.469546
8.0,414,10041.456909
8.0,387,10044.241211
15.0,761,10049.784513
6.0,384,10052.524616
26.0,1404,10062.619622
7.0,381,10065.36074
16.0,554,10069.377272
18.0,648,10074.042852
11.0,513,10077.712459
32.0,952,10084.564804
12.0,594,10088.870758
25.0,797,10094.611972
12.0,521,10098.400589
13.0,580,10102.569879
10.0,452,10105.829057
20.0,686,10110.739321
12.0,469,10114.12045
9.0,308,10116.33705
14.0,732,10121.611138
10.0,493,10125.171035
18.0,646,10129.828109
14.0,608,10134.223605
22.0,706,10139.379648
20.0,724,10144.602369
9.0,553,10148.554285
16.0,465,10151.893651
17.0,734,10157.246296
10.0,477,10160.672922
17.0,595,10164.953606
15.0,498,10168.52885
22.0,710,10173.701356
18.0,637,10178.254077
29.0,658,10183.000104
22.0,742,10188.353408
24.0,571,10192.495263
15.0,856,10198.657481
17.0,494,10202.209862
17.0,671,10207.049615
14.0,598,10211.389957
15.0,690,10216.394276
8.0,433,10219.512715
17.0,541,10223.421805
14.0,582,10227.642121
15.0,525,10231.395276
34.0,987,10238.530845
13.0,602,10242.88483
9.0,689,10247.951273
11.0,530,10251.767758
18.0,706,10256.870183
21.0,1331,10266.420043
13.0,498,10270.073681
10.0,488,10273.563425
12.0,600,10277.918856
24.0,702,10282.97175
30.0,1027,10290.4393
15.0,548,10294.379709
23.0,1166,10302.811867
18.0,718,10307.988981
16.0,590,10312.306465
39.0,1071,10320.039558
15.0,658,10324.779016
15.0,669,10329.613569
44.0,1183,10338.161696
17.0,681,10343.033434
5.0,289,10345.10088
18.0,614,10349.544123
22.0,629,10354.105251
21.0,625,10358.584381
15.0,640,10363.171329
21.0,1532,10374.14461
15.0,447,10377.399612
17.0,701,10382.407758
15.0,660,10387.152803
10.0,508,10390.815
21.0,1276,10400.066529
14.0,640,10404.649807
12.0,504,10408.264627
15.0,529,10412.084075
17.0,508,10415.791845
10.0,519,10419.516609
18.0,644,10424.140657
20.0,806,10429.915101
15.0,526,10433.720126
7.0,378,10436.438175
27.0,921,10443.08744
10.0,559,10447.126694
24.0,724,10452.346156
6.0,343,10454.81401
12.0,515,10458.515267
16.0,550,10462.465024
43.0,1231,10471.316726
12.0,537,10475.195132
11.0,535,10479.036184
20.0,532,10482.83815
15.0,574,10486.970762
17.0,731,10492.212317
21.0,708,10497.304273
16.0,587,10501.552477
27.0,682,10506.477094
7.0,366,10509.120077
26.0,598,10513.458097
10.0,451,10516.727331
37.0,1066,10524.609406
22.0,555,10528.816276
11.0,561,10532.876271
9.0,395,10535.706925
6.0,356,10538.320601
15.0,637,10542.908273
33.0,660,10547.650543
39.0,1036,10555.158984
7.0,391,10558.027512
15.0,649,10562.697549
10.0,447,10566.037277
19.0,530,10569.893564
24.0,795,10575.636591
6.0,354,10578.233653
17.0,524,10582.021661
16.0,558,10586.051767
24.0,758,10591.568599
13.0,575,10595.711458
10.0,392,10598.549632
16.0,586,10602.792685
22.0,673,10607.707841
9.0,451,10610.997916
14.0,633,10615.563969
10.0,518,10619.312444
12.0,279,10621.374424
8.0,385,10624.166457
18.0,648,10628.865874
14.0,713,10634.033716
9.0,468,10637.465886
5.0,349,10639.971773
13.0,562,10644.062539
11.0,522,10647.805032
10.0,563,10651.982556
29.0,771,10657.546252
21.0,779,10663.201787
16.0,675,10668.039423
16.0,492,10671.662213
15.0,602,10676.027226
19.0,680,10680.966131
19.0,686,10685.943141
17.0,468,10689.416371
24.0,757,10694.891245
8.0,511,10698.595227
24.0,1032,10706.058983
18.0,497,10709.711275
12.0,549,10713.686357
23.0,816,10719.592881
20.0,808,10725.454046
14.0,588,10729.727428
17.0,680,10734.646188
19.0,665,10739.445067
8.0,480,10742.931436
19.0,734,10748.295171
19.0,778,10753.913266
30.0,701,10758.996376
15.0,708,10764.150717
13.0,892,10770.615937
10.0,424,10773.691932
16.0,706,10778.813645
16.0,673,10783.688069
22.0,745,10789.056716
17.0,548,10793.02966
19.0,672,10797.887325
28.0,1073,10805.685402
15.0,512,10809.440765
37.0,1068,10817.166356
17.0,505,10820.831782
26.0,852,10826.990121
18.0,523,10830.793646
19.0,782,10836.424462
9.0,466,10839.80571
7.0,379,10842.548215
9.0,428,10845.678789
13.0,597,10850.485023
31.0,765,10856.085875
22.0,522,10859.850494
15.0,406,10862.831742
14.0,622,10867.304617
14.0,462,10870.666737
20.0,745,10876.023552
18.0,568,10880.171338
9.0,490,10883.693787
16.0,585,10887.904243
13.0,513,10891.567558
27.0,849,10897.730025
15.0,660,10902.478306
21.0,861,10908.701741
7.0,331,10911.069741
21.0,783,10916.768709
18.0,633,10921.337852
19.0,624,10925.835559
12.0,509,10929.522267
19.0,1357,10939.279639
15.0,649,10943.947412
18.0,643,10948.594753
11.0,495,10952.180471
27.0,854,10958.366923
17.0,710,10963.512136
19.0,723,10968.7258
17.0,735,10974.051369
20.0,704,10979.182847
26.0,806,10985.005559
12.0,597,10989.301262
21.0,829,10995.265172
31.0,870,11001.534821
14.0,362,11004.100286
29.0,1034,11011.543592
16.0,591,11015.777151
14.0,581,11019.965238
14.0,598,11024.277706
15.0,480,11027.753862
15.0,591,11032.018478
17.0,827,11038.036571
12.0,499,11041.627779
9.0,503,11045.264557
16.0,557,11049.300507
25.0,800,11055.121458
10.0,462,11058.468999
17.0,653,11063.10576
16.0,427,11066.189836
14.0,500,11069.836192
11.0,515,11073.548316
19.0,510,11077.193473
10.0,411,11080.161709
14.0,587,11084.899743
17.0,786,11090.694098
13.0,558,11094.820093
13.0,583,11099.118688
16.0,567,11103.333801
12.0,604,11107.782033
20.0,664,11112.650336
12.0,500,11116.334139
16.0,604,11120.884719
15.0,657,11125.715427
9.0,412,11128.74879
16.0,684,11133.7968
15.0,590,11138.299463
24.0,753,11143.69786
12.0,453,11147.088933
17.0,625,11152.021479
17.0,654,11156.811552
20.0,683,11161.729169
9.0,344,11164.29887
15.0,401,11167.176965
17.0,688,11172.186186
6.0,316,11174.460898
5.0,289,11176.525951
18.0,655,11181.305525
17.0,748,11186.73815
17.0,627,11191.231835
26.0,728,11196.395692
22.0,808,11202.184644
16.0,559,11206.254536
18.0,540,11210.137493
27.0,967,11217.035846
6.0,356,11219.577297
25.0,686,11224.536923
21.0,735,11229.823606
24.0,1014,11237.04521
24.0,702,11242.060791
7.0,389,11244.881929
8.0,383,11247.631155
13.0,484,11251.079658
17.0,596,11255.316605
22.0,568,11259.409565
23.0,666,11264.20293
24.0,638,11268.838417
11.0,1117,11276.815026
17.0,698,11281.877259
23.0,828,11287.795063
25.0,833,11293.752062
9.0,484,11297.208711
16.0,705,11302.286815
12.0,469,11305.618117
30.0,1460,11315.988543
36.0,879,11322.230992
21.0,859,11328.41745
22.0,717,11333.502993
16.0,718,11338.609116
19.0,781,11344.235938
11.0,521,11348.016362
16.0,590,11352.221715
21.0,734,11357.537125
8.0,400,11360.379435
27.0,671,11365.19527
12.0,533,11368.997943
8.0,392,11371.805799
26.0,786,11377.419165
10.0,349,11379.952149
12.0,488,11383.413772
15.0,573,11387.521131
15.0,635,11392.045497
14.0,597,11396.335923
22.0,657,11401.010237
16.0,445,11404.191606
27.0,692,11409.120498
31.0,1084,11416.906877
9.0,473,11420.308783
11.0,528,11424.075447
10.0,466,11427.408181
21.0,711,11432.854729
18.0,579,11437.048901
12.0,449,11440.240988
16.0,549,11444.1854
43.0,865,11450.436551
19.0,707,11455.494649
18.0,608,11459.851292
17.0,684,11464.761686
32.0,1012,11472.044027
16.0,566,11476.107959
11.0,537,11479.988433
13.0,559,11484.03941
41.0,688,11488.977607
5.0,288,11491.038109
21.0,635,11495.596226
25.0,777,11501.176003
33.0,787,11506.818888
26.0,1539,11517.886082
19.0,667,11522.687393
13.0,615,11527.080518
22.0,756,11532.586628
22.0,773,11538.119926
16.0,647,11542.771075
13.0,587,11547.086338
33.0,714,11552.236304
16.0,321,11554.536395
20.0,665,11559.309637
9.0,427,11562.389788
22.0,516,11566.117167
20.0,667,11570.917761
15.0,639,11575.51249
31.0,1092,11583.348153
11.0,420,11586.398446
15.0,434,11589.464247
10.0,512,11593.136772
18.0,781,11598.736143
25.0,629,11603.304114
20.0,753,11608.721846
16.0,510,11612.36799
27.0,724,11617.531525
22.0,926,11624.254216
15.0,548,11628.174257
21.0,702,11633.217931
20.0,738,11638.514081
14.0,536,11642.396425
21.0,480,11645.857126
10.0,429,11648.929948
27.0,802,11654.685589
12.0,494,11658.27843
21.0,694,11663.246385
5.0,324,11665.54797
21.0,460,11668.848804
28.0,906,11675.360123
18.0,685,11680.265914
10.0,534,11684.122708
35.0,872,11690.359714
23.0,821,11696.287917
5.0,326,11698.610264
22.0,737,11703.919692
21.0,609,11708.251471
11.0,551,11712.282185
23.0,672,11717.066495
26.0,639,11721.632722
25.0,548,11725.553977
23.0,871,11731.801154
10.0,486,11735.274108
28.0,884,11741.609393
25.0,669,11746.323865
17.0,737,11751.663679
22.0,705,11756.721732
7.0,365,11759.338161
17.0,628,11763.862582
16.0,437,11767.029854
11.0,481,11770.460691
20.0,678,11775.288686
16.0,579,11779.45074
6.0,335,11781.872247
9.0,423,11784.923348
21.0,906,11791.392781
13.0,551,11795.350773
25.0,836,11801.366809
20.0,729,11806.641707
21.0,649,11811.265481
22.0,685,11816.14345
15.0,566,11820.213834
28.0,926,11826.85961
28.0,977,11833.802938
20.0,740,11839.090045
14.0,697,11844.102824
20.0,700,11849.108845
18.0,722,11854.296906
17.0,604,11858.629344
16.0,683,11863.578047
19.0,774,11869.137109
13.0,948,11875.939141
23.0,697,11880.952238
16.0,671,11885.805332
14.0,602,11890.128667
15.0,781,11895.743321
24.0,788,11901.403365
16.0,589,11905.664939
24.0,792,11911.335262
14.0,582,11915.525622
20.0,658,11920.268707
11.0,502,11923.914623
15.0,570,11928.016185
17.0,572,11932.119844
45.0,1282,11941.335258
20.0,599,11945.694697
14.0,583,11949.867426
17.0,697,11954.908777
12.0,589,11959.141758
14.0,521,11962.899705
13.0,569,11966.936917
6.0,303,11969.100464
17.0,757,11974.508216
26.0,976,11981.58752
19.0,656,11986.33243
19.0,517,11990.108426
17.0,678,11994.979898
17.0,445,11998.213051
12.0,544,12002.130967
23.0,716,12007.27507
25.0,661,12012.052894
8.0,411,12014.993665
12.0,442,12018.142478
21.0,597,12022.424308
10.0,459,12025.722407
18.0,644,12030.347323
28.0,1072,12038.069996
18.0,603,12042.410059
22.0,893,12048.788738
6.0,315,12051.088107
32.0,1019,12058.368782
10.0,437,12061.558512
15.0,1418,12071.773601
27.0,993,12078.931388
12.0,534,12082.808577
25.0,697,12087.833166
18.0,750,12093.229011
31.0,762,12098.73611
20.0,673,12103.590676
8.0,410,12106.547662
15.0,779,12112.163722
19.0,1249,12121.123608
12.0,542,12125.004649
21.0,648,12129.644372
17.0,795,12135.309027
18.0,519,12139.062078
51.0,2152,12154.453976
18.0,1000,12161.595062
7.0,320,12163.892676
16.0,678,12168.793262
25.0,630,12173.372867
13.0,579,12177.524248
16.0,589,12181.713995
19.0,690,12186.753469
11.0,526,12190.539383
24.0,782,12196.111166
22.0,821,12202.03368
15.0,498,12205.653912
16.0,695,12210.615235
20.0,1041,12218.078168
24.0,756,12223.516799
14.0,529,12227.375005
31.0,1028,12234.723285
13.0,474,12238.131474
19.0,767,12243.637155
16.0,722,12248.861093
16.0,650,12253.516096
11.0,452,12256.76231
16.0,690,12262.053396
17.0,749,12267.503161
47.0,1426,12277.770196
15.0,548,12281.686198
21.0,1160,12290.090855
34.0,862,12296.302389
20.0,683,12301.228069
23.0,841,12307.252121
18.0,713,12312.369295
7.0,404,12315.280207
26.0,788,12321.130068
18.0,888,12327.915095
22.0,812,12333.845534
12.0,536,12337.983991
26.0,1061,12345.890093
11.0,488,12349.400545
16.0,684,12354.276294
21.0,622,12358.762974
19.0,625,12363.246989
22.0,753,12368.633856
16.0,688,12373.571357
17.0,571,12377.73293
22.0,824,12383.720196
22.0,745,12389.062736
21.0,820,12395.005971
19.0,763,12400.56247
16.0,642,12405.17439
20.0,736,12410.462514
27.0,2189,12426.330727
19.0,682,12431.378345
17.0,579,12436.125569
20.0,760,12441.700901
22.0,785,12447.436487
11.0,565,12451.59804
17.0,653,12456.303703
10.0,451,12459.558658
17.0,574,12463.700991
14.0,622,12468.248275
11.0,498,12471.850596
16.0,634,12476.424317
59.0,1279,12485.645315
21.0,763,12491.20887
16.0,720,12496.421224
26.0,874,12502.680934
19.0,919,12509.321773
18.0,716,12514.54896
13.0,295,12516.681168
10.0,497,12520.295548
11.0,535,12524.164363
7.0,343,12526.669708
18.0,565,12530.930867
14.0,620,12535.423501
12.0,543,12539.340668
15.0,518,12543.09764
17.0,728,12548.357807
14.0,710,12553.510846
11.0,488,12557.04765
29.0,1576,12568.443026
14.0,632,12572.986244
20.0,714,12578.172198
19.0,715,12583.331411
30.0,927,12590.046702
21.0,765,12595.559041
27.0,915,12602.117094
27.0,815,12607.993581
14.0,501,12611.617774
33.0,818,12617.531663
13.0,555,12621.545984
13.0,592,12625.802828
19.0,687,12630.766695
18.0,673,12635.566745
34.0,773,12641.126604
18.0,721,12646.30328
16.0,474,12649.776131
24.0,840,12655.820766
13.0,580,12659.985834
28.0,893,12666.403837
39.0,1037,12673.871985
21.0,757,12679.313105
21.0,746,12684.66868
14.0,727,12689.894001
16.0,619,12694.379662
12.0,541,12698.274576
13.0,755,12703.693168
10.0,391,12706.494305
15.0,516,12710.205514
27.0,676,12715.055074
17.0,628,12719.581456
39.0,1039,12727.062428
27.0,716,12732.235811
23.0,785,12737.863763
23.0,1224,12746.623112
17.0,809,12752.406387
20.0,694,12757.412515
13.0,454,12760.681447
17.0,589,12764.909305
13.0,831,12770.793758
10.0,478,12774.311251
14.0,327,12776.66891
18.0,684,12781.574662
12.0,443,12784.736119
15.0,643,12789.423823
13.0,473,12792.832327
20.0,559,12796.842372
37.0,1030,12804.223344
17.0,475,12807.672984
22.0,773,12813.267821
22.0,709,12818.321107
28.0,785,12823.954383
22.0,613,12828.36266
18.0,709,12833.456936
8.0,417,12836.444335
15.0,619,12840.892338
23.0,743,12846.252565
21.0,911,12852.808189
16.0,468,12856.174586
16.0,563,12860.234789
22.0,493,12863.790982
20.0,610,12868.171742
13.0,617,12872.609879
18.0,674,12877.471459
18.0,699,12882.550673
19.0,803,12888.366388
9.0,421,12891.400849
14.0,609,12895.796463
8.0,404,12898.709078
15.0,735,12904.006756
14.0,565,12908.050124
20.0,597,12912.343927
46.0,1170,12920.778754
25.0,611,12925.169765
12.0,541,12929.037419
15.0,514,12932.765054
9.0,425,12935.866987
12.0,502,12939.483887
26.0,890,12945.899861
23.0,777,12951.495586
10.0,526,12955.31059
15.0,658,12960.060255
12.0,521,12963.770118
19.0,774,12969.347069
11.0,395,12972.22331
20.0,768,12977.710665
6.0,352,12980.244621
9.0,450,12983.505962
37.0,942,12990.256348
16.0,479,12993.669199
19.0,626,12998.153959
31.0,974,13005.151361
23.0,610,13009.555953
11.0,565,13013.602956
19.0,610,13017.991662
19.0,580,13022.134355
22.0,816,13028.004951
8.0,421,13031.026967
23.0,844,13037.07793
25.0,834,13043.049837
20.0,747,13048.435584
16.0,668,13053.243699
22.0,742,13058.596126
15.0,776,13064.127451
21.0,747,13069.494233
8.0,423,13072.525489
29.0,915,13079.08175
22.0,788,13084.732638
23.0,790,13090.361342
18.0,498,13093.932153
20.0,617,13098.382517
12.0,550,13102.328968
28.0,791,13107.993474
10.0,568,13112.049755
11.0,477,13115.483124
13.0,599,13119.733032
8.0,405,13122.698122
11.0,503,13126.268917
16.0,808,13132.064896
13.0,446,13135.26555
21.0,763,13140.722823
4.0,280,13142.708195
7.0,353,13145.230513
15.0,714,13150.295009
23.0,698,13155.330711
25.0,661,13160.058478
17.0,641,13164.623524
24.0,864,13170.792687
26.0,694,13175.745114
14.0,636,13180.27386
21.0,1225,13189.00262
17.0,675,13193.861157
19.0,548,13197.835622
34.0,1060,13205.368334
19.0,591,13209.540976
33.0,949,13216.300248
18.0,639,13220.927062
13.0,488,13224.41091
30.0,839,13230.384008
19.0,516,13234.073719
15.0,633,13238.603511
14.0,498,13242.212997
12.0,556,13246.549612
14.0,491,13250.136338
20.0,613,13254.570791
22.0,636,13259.124335
15.0,429,13262.195411
16.0,686,13267.11405
16.0,681,13272.022842
19.0,668,13276.796541
22.0,796,13282.518261
30.0,874,13288.806007
36.0,779,13294.403297
11.0,525,13298.181371
24.0,701,13303.177326
15.0,493,13306.714578
11.0,502,13310.376684
19.0,525,13314.129286
33.0,897,13320.572919
22.0,771,13326.124141
19.0,799,13331.90366
13.0,487,13335.403451
29.0,717,13340.550601
8.0,430,13343.620608
17.0,511,13347.347561
18.0,510,13351.02727
11.0,455,13354.267138
29.0,985,13361.297866
19.0,568,13365.397209
9.0,448,13368.612925
14.0,684,13373.497236
17.0,608,13377.847283
22.0,719,13383.038515
13.0,631,13387.546444
9.0,561,13391.562577
14.0,421,13394.586656
17.0,609,13398.989774
33.0,899,13405.378338
13.0,507,13409.023336
9.0,449,13412.235479
19.0,438,13415.423146
24.0,797,13421.127507
22.0,732,13426.378395
13.0,443,13429.562197
7.0,352,13432.109468
16.0,617,13436.527838
15.0,529,13440.284495
13.0,488,13443.795192
16.0,556,13447.798523
10.0,436,13450.906416
17.0,734,13456.182025
11.0,492,13459.724246
18.0,642,13464.374067
15.0,690,13469.315399
11.0,472,13472.727232
9.0,484,13476.175918
7.0,383,13478.967295
19.0,708,13484.043743
14.0,512,13487.688052
14.0,683,13492.57531
14.0,381,13495.325721
16.0,555,13499.290782
10.0,369,13501.961467
48.0,1153,13510.17507
13.0,546,13514.118522
18.0,554,13518.067028
12.0,572,13522.185356
16.0,514,13525.858116
22.0,666,13530.688116
16.0,532,13534.501215
11.0,491,13538.013922
17.0,597,13542.290771
19.0,718,13547.467925
11.0,498,13551.030535
23.0,792,13556.719558
20.0,753,13562.135953
22.0,860,13568.324998
14.0,650,13572.95777
7.0,365,13575.600197
10.0,507,13579.238762
13.0,608,13583.633961
22.0,746,13588.966805
10.0,674,13593.795074
20.0,453,13597.027514
22.0,718,13602.223687
11.0,491,13605.772734
18.0,577,13609.903912
14.0,529,13613.731517
8.0,410,13616.690481
13.0,580,13620.847895
6.0,474,13624.255268
15.0,626,13628.705642
15.0,577,13632.840572
22.0,919,13639.405423
15.0,572,13643.508713
8.0,394,13646.334312
8.0,416,13649.359238
25.0,907,13655.807008
18.0,504,13659.421761
20.0,474,13662.833097
11.0,493,13666.401562
20.0,595,13670.669492
16.0,460,13673.968341
15.0,513,13677.639893
15.0,632,13682.184635
31.0,875,13688.453303
23.0,832,13694.406194
21.0,774,13700.001566
17.0,608,13704.426924
16.0,556,13708.428575
15.0,410,13711.398902
14.0,503,13715.017616
12.0,561,13719.103913
11.0,392,13721.896405
7.0,364,13724.510587
23.0,691,13729.479999
16.0,658,13734.239534
19.0,547,13738.177161
12.0,547,13742.113595
14.0,609,13746.47793
15.0,688,13751.432754
17.0,602,13755.743798
25.0,659,13760.474358
11.0,466,13763.834997
6.0,321,13766.176897
11.0,567,13770.236131
12.0,416,13773.229561
8.0,392,13776.055604
13.0,656,13780.824394
20.0,545,13784.746826
17.0,644,13789.390189
22.0,689,13794.333042
20.0,674,13799.224276
18.0,671,13804.048513
5.0,267,13805.968102
21.0,771,13811.510736
14.0,463,13814.896345
27.0,711,13820.001835
15.0,646,13824.610337
15.0,620,13829.058667
25.0,877,13835.392552
17.0,567,13839.458227
11.0,521,13843.200613
10.0,525,13846.976477
21.0,469,13850.3932
18.0,646,13855.029573
7.0,344,13857.515258
15.0,640,13862.089107
11.0,510,13865.808733
21.0,784,13871.454221
20.0,920,13878.043391
19.0,625,13882.522842
22.0,773,13888.129307
32.0,946,13894.881996
29.0,780,13900.522113
33.0,1149,13908.809518
26.0,800,13914.707272
17.0,586,13918.92523
16.0,680,13923.821829
22.0,656,13928.559738
17.0,583,13932.810995
15.0,652,13937.491447
9.0,435,13940.621064
21.0,635,13945.202213
27.0,700,13950.308026
22.0,771,13955.845404
14.0,617,13960.301069
9.0,408,13963.204559
7.0,395,13966.051537
6.0,340,13968.506186
23.0,738,13973.808638
10.0,474,13977.205996
31.0,804,13983.007315
8.0,389,13985.792394
28.0,773,13991.286369
16.0,572,13995.38787
15.0,598,13999.736682
37.0,883,14006.055625
15.0,563,14010.097761
16.0,394,14012.901142
19.0,1089,14020.750826
12.0,296,14022.865343
18.0,634,14027.372766
12.0,563,14031.404852
5.0,308,14033.66246
20.0,687,14038.60822
9.0,420,14041.607635
15.0,570,14045.674752
15.0,505,14049.291803
18.0,667,14054.055107
23.0,514,14057.747751
13.0,498,14061.290108
23.0,722,14066.504384
17.0,726,14071.732095
19.0,533,14075.527149
9.0,439,14078.659087
11.0,507,14082.32115
28.0,746,14087.617999
12.0,512,14091.2653
16.0,636,14095.83554
9.0,446,14099.083624
9.0,421,14102.075353
19.0,663,14106.833524
15.0,530,14110.598332
39.0,803,14116.373245
15.0,644,14120.95391
26.0,673,14125.761352
23.0,856,14131.848601
22.0,740,14137.16006
21.0,715,14142.252365
14.0,635,14146.795443
20.0,594,14151.178828
26.0,834,14157.476911
31.0,883,14163.839048
10.0,499,14167.413313
18.0,725,14172.576568
17.0,675,14177.4626
9.0,416,14180.499748
19.0,735,14185.795561
27.0,877,14192.136367
22.0,577,14196.337058
10.0,452,14199.616013
20.0,618,14204.057306
15.0,575,14208.220872
19.0,723,14213.48834
19.0,638,14218.383334
15.0,514,14222.221572
7.0,403,14225.187798
17.0,588,14229.489006
35.0,1052,14237.044953
18.0,592,14241.291014
16.0,503,14244.905713
27.0,906,14251.474189
12.0,634,14255.960583
21.0,619,14260.419256
16.0,583,14264.8381
7.0,388,14267.933429
20.0,717,14273.075416
16.0,716,14278.233937
19.0,559,14282.239547
18.0,651,14286.921464
11.0,443,14290.095829
25.0,858,14296.219252
16.0,545,14300.103351
28.0,1058,14307.691066
15.0,562,14311.709643
23.0,689,14316.633442
20.0,756,14322.033725
14.0,539,14325.923348
7.0,402,14328.787265
17.0,653,14333.440179
19.0,648,14338.062037
6.0,326,14340.406841
15.0,388,14343.183487
15.0,545,14347.086533
7.0,374,14349.765805
13.0,587,14354.021506
20.0,624,14358.519362
23.0,656,14363.203105
16.0,575,14367.269892
2.0,197,14368.744414
14.0,485,14372.177634
3.0,228,14373.800023
21.0,776,14379.336867
19.0,628,14383.836653
22.0,680,14388.663562
7.0,408,14391.563133
10.0,452,14394.774765
23.0,825,14400.747535
20.0,651,14405.357616
14.0,395,14408.162844
9.0,520,14411.863794
8.0,425,14414.930402
15.0,625,14419.319505
12.0,535,14423.088438
18.0,730,14428.218539
11.0,509,14431.904712
20.0,615,14436.256229
25.0,495,14439.782095
16.0,615,14444.162611
30.0,810,14449.953104
17.0,743,14455.20496
27.0,834,14461.136187
18.0,644,14465.727892
15.0,612,14470.082154
18.0,652,14474.697551
16.0,490,14478.17191
22.0,623,14482.604033
9.0,435,14485.75082
19.0,729,14490.907077
24.0,871,14497.120905
10.0,486,14500.575385
19.0,520,14504.285803
15.0,643,14508.85212
16.0,692,14513.764411
24.0,730,14518.929334
22.0,833,14524.904161
19.0,656,14529.528491
14.0,377,14532.21771
12.0,314,14534.449194
8.0,421,14537.474354
10.0,484,14540.898883
7.0,366,14543.534969
9.0,414,14546.502974
16.0,681,14551.347617
14.0,498,14554.866254
30.0,890,14561.176936
13.0,592,14565.38326
22.0,769,14570.888396
11.0,521,14574.581755
17.0,589,14578.787112
18.0,646,14583.365444
18.0,556,14587.343205
11.0,487,14590.813778
33.0,957,14597.566237
22.0,843,14603.56153
15.0,716,14608.670907
21.0,544,14612.512573
20.0,2051,14627.050206
24.0,717,14632.167475
20.0,1407,14642.181652
13.0,484,14645.620664
23.0,546,14649.500398
26.0,920,14656.019595
16.0,684,14660.892462
12.0,528,14664.666395
11.0,470,14668.016369
15.0,549,14671.902309
12.0,549,14675.837265
26.0,750,14681.188992
10.0,478,14684.53964
20.0,757,14689.905205
16.0,713,14694.998885
13.0,547,14698.844642
7.0,368,14701.481436
15.0,550,14705.371207
15.0,639,14709.931329
11.0,388,14712.683119
24.0,754,14718.017286
16.0,538,14721.85405
13.0,535,14725.66474
21.0,711,14730.722999
16.0,590,14734.924996
26.0,895,14741.246474
28.0,759,14746.720133
17.0,1562,14757.833052
13.0,501,14761.373586
22.0,709,14766.364707
21.0,488,14769.881447
15.0,439,14772.987365
15.0,414,14775.936128
9.0,494,14779.479105
17.0,613,14783.876343
14.0,498,14787.464454
20.0,731,14792.641741
22.0,620,14797.059041
18.0,396,14799.939401
20.0,784,14805.50394
12.0,488,14808.989388
17.0,566,14813.031694
30.0,661,14817.76981
12.0,538,14821.612514
19.0,915,14828.09148
13.0,578,14832.224318
11.0,522,14835.917418
22.0,940,14842.568555
27.0,734,14847.79059
22.0,810,14853.534086
14.0,466,14856.906191
11.0,496,14860.444887
37.0,893,14866.787454
17.0,641,14871.309875
14.0,592,14875.547078
19.0,681,14880.363506
16.0,593,14884.549883
20.0,778,14890.076084
19.0,686,14894.91083
24.0,573,14898.945029
21.0,629,14903.360987
23.0,706,14908.371965
18.0,707,14913.40545
17.0,497,14916.91023
19.0,660,14921.578739
8.0,420,14924.540594
12.0,597,14928.80317
14.0,497,14932.301567
21.0,493,14935.812456
10.0,501,14939.364019
11.0,553,14943.295327
12.0,560,14947.269702
13.0,591,14951.436389
19.0,674,14956.311224
20.0,602,14960.59719
16.0,569,14964.625223
22.0,661,14969.274656
11.0,492,14972.769838
25.0,674,14977.585971
9.0,445,14980.701482
17.0,501,14984.237509
12.0,519,14987.921852
14.0,695,14992.854749
40.0,1067,15000.362607
24.0,738,15005.542834
17.0,606,15009.827513
14.0,620,15014.22805
19.0,675,15019.001135
10.0,445,15022.16905
22.0,611,15026.482645
15.0,625,15030.967856
19.0,660,15035.622993
23.0,590,15039.775713
19.0,703,15044.755797
9.0,718,15049.837712
15.0,408,15052.729947
12.0,527,15056.572242
19.0,702,15061.890888
23.0,786,15067.488957
19.0,571,15071.567048
11.0,415,15074.522545
18.0,642,15079.06268
25.0,748,15084.435735
15.0,622,15088.861912
18.0,760,15094.228646
12.0,468,15097.521183
14.0,633,15102.070499
17.0,719,15107.156631
13.0,595,15111.351931
18.0,632,15115.850779
8.0,373,15118.571816
20.0,619,15122.927353
19.0,658,15127.592424
22.0,570,15131.624173
12.0,420,15134.622227
18.0,420,15137.603966
18.0,667,15142.353945
17.0,708,15147.36884
9.0,448,15150.563572
15.0,403,15153.445314
18.0,755,15158.755738
17.0,1038,15166.062217
21.0,610,15170.467209
16.0,599,15174.721934
21.0,599,15178.951923
16.0,431,15182.036714
12.0,698,15186.98543
25.0,619,15191.388955
12.0,532,15195.148796
19.0,679,15199.972417
10.0,472,15203.343355
13.0,443,15206.481665
13.0,779,15211.969855
12.0,564,15215.981742
18.0,695,15220.956405
24.0,774,15226.46533
20.0,725,15231.590795
22.0,657,15236.239486
18.0,601,15240.526196
9.0,414,15243.461434
14.0,633,15247.924026
11.0,578,15252.021616
21.0,488,15255.527987
16.0,546,15259.367813
16.0,484,15262.796186
13.0,472,15266.166914
17.0,516,15269.876168
20.0,729,15275.032289
16.0,654,15279.663276
20.0,663,15284.399193
13.0,576,15288.519039
14.0,504,15292.10275
17.0,616,15296.46914
9.0,358,15298.967713
8.0,408,15301.900815
19.0,723,15307.075816
9.0,439,15310.18642
16.0,533,15313.930016
19.0,561,15317.953257
10.0,476,15321.348069
15.0,681,15326.122606
15.0,520,15329.828284
23.0,697,15334.838264
22.0,675,15339.630526
18.0,658,15344.295984
8.0,400,15347.142906
19.0,548,15351.065326
16.0,601,15355.310521
19.0,760,15360.671283
13.0,548,15364.54632
8.0,410,15367.519029
11.0,486,15370.959379
25.0,494,15374.477463
20.0,503,15378.021432
13.0,554,15382.021381
20.0,891,15388.40511
20.0,721,15393.499161
25.0,609,15397.850216
21.0,603,15402.185472
21.0,593,15406.396296
36.0,1063,15413.942575
15.0,654,15418.594419
13.0,592,15422.864972
13.0,569,15426.92079
27.0,864,15433.088888
24.0,843,15439.100491
12.0,552,15443.065722
14.0,625,15447.563445
43.0,1246,15456.419306
19.0,630,15460.941207
10.0,734,15466.215269
20.0,683,15471.121649
16.0,463,15474.421595
20.0,672,15479.203979
26.0,513,15482.902899
23.0,735,15488.171526
10.0,469,15491.51894
28.0,846,15497.506655
27.0,636,15502.072421
17.0,504,15505.660118
20.0,722,15510.859006
11.0,515,15514.537514
20.0,484,15518.035945
12.0,574,15522.132501
17.0,576,15526.265852
19.0,513,15529.924593
20.0,1510,15540.734557
12.0,623,15545.176285
11.0,391,15547.914581
30.0,829,15553.837313
22.0,737,15559.099116
15.0,414,15562.061881
7.0,518,15565.775077
17.0,692,15570.732558
20.0,464,15574.100432
15.0,574,15578.16918
15.0,658,15582.880173
15.0,509,15586.504848
28.0,1958,15600.496874
10.0,512,15604.125623
10.0,452,15607.388065
15.0,639,15611.96427
17.0,605,15616.318272
19.0,750,15621.64763
39.0,913,15628.195285
17.0,487,15631.685191
14.0,515,15635.411587
28.0,975,15642.353003
22.0,746,15647.684877
14.0,594,15651.995883
14.0,621,15656.549314
15.0,688,15661.479528
27.0,470,15664.853879
17.0,697,15669.833179
24.0,758,15675.559484
15.0,699,15680.51346
16.0,544,15684.376843
13.0,583,15688.554463
15.0,585,15692.753582
20.0,658,15697.417449
12.0,555,15701.355609
20.0,703,15706.351892
7.0,403,15709.263624
25.0,664,15713.968915
18.0,594,15718.143014
27.0,2913,15738.698335
18.0,644,15743.316003
20.0,572,15747.388649
16.0,463,15750.703381
20.0,695,15755.64408
12.0,581,15759.799872
24.0,749,15765.113626
10.0,501,15768.713035
16.0,644,15773.270516
15.0,671,15778.039288
16.0,594,15782.26708
23.0,727,15787.409145
15.0,867,15793.537482
17.0,717,15798.694933
11.0,527,15802.408989
17.0,695,15807.331694
25.0,481,15810.729639
10.0,522,15814.471095
20.0,711,15819.517555
5.0,286,15821.533828
21.0,749,15826.795007
15.0,622,15831.254564
29.0,808,15836.967781
18.0,404,15839.825099
8.0,420,15842.810786
27.0,844,15848.807246
26.0,829,15854.645995
16.0,708,15859.669468
13.0,465,15862.939004
14.0,634,15867.453865
13.0,572,15871.645323
9.0,443,15874.836251
33.0,1049,15882.238716
23.0,595,15886.532247
18.0,657,15891.209421
24.0,711,15896.227177
25.0,784,15901.756573
11.0,531,15905.519388
9.0,406,15908.407903
23.0,757,15913.755609
30.0,962,15920.553183
23.0,811,15926.341475
22.0,652,15930.979316
16.0,631,15935.433629
7.0,372,15938.073405
9.0,405,15940.970942
26.0,981,15947.890833
18.0,623,15952.26453
17.0,506,15955.86786
18.0,721,15961.00678
15.0,550,15965.167485
15.0,615,15969.646151
25.0,1140,15977.75162
25.0,754,15983.169748
22.0,720,15988.24486
28.0,938,15994.951946
26.0,710,15999.97577
19.0,538,16003.801225
17.0,577,16007.90433
9.0,461,16011.199205
12.0,531,16014.945205
17.0,619,16019.360522
19.0,705,16024.371872
34.0,958,16031.155248
19.0,587,16035.306817
11.0,1421,16045.403537
15.0,396,16048.209769
25.0,655,16052.859885
23.0,750,16058.15521
18.0,790,16063.818214
20.0,678,16068.617171
23.0,643,16073.193926
18.0,699,16078.145024
20.0,589,16082.336936
11.0,540,16086.169616
12.0,555,16090.139778
20.0,759,16095.532518
11.0,535,16099.364904
21.0,706,16104.413096
30.0,927,16111.046732
16.0,478,16114.438148
6.0,320,16116.791689
21.0,1060,16124.314813
28.0,663,16129.027301
10.0,603,16133.320225
16.0,642,16137.872238
26.0,783,16143.42088
17.0,567,16147.468179
16.0,421,16150.42827
20.0,466,16153.786439
27.0,804,16159.483868
20.0,775,16165.017112
21.0,724,16170.196432
14.0,641,16174.791565
24.0,751,16180.160649
8.0,438,16183.278177
18.0,1032,16190.577365
15.0,714,16195.698647
32.0,749,16201.038119
21.0,600,16205.31027
22.0,754,16210.657701
15.0,655,16215.360645
13.0,591,16219.544355
7.0,381,16222.275966
28.0,784,16227.852559
29.0,692,16232.804674
17.0,738,16238.023019
25.0,881,16244.280473
26.0,790,16249.895781
23.0,634,16254.416271
11.0,472,16257.86442
8.0,397,16260.7425
15.0,558,16264.765246
7.0,357,16267.334942
15.0,652,16271.954214
21.0,657,16276.644549
12.0,558,16280.608187
27.0,670,16285.42001
5.0,287,16287.452415
19.0,617,16291.835026
15.0,500,16295.3887
21.0,742,16300.627592
12.0,527,16304.412758
9.0,438,16307.512022
20.0,681,16312.365325
18.0,610,16316.689824
18.0,645,16321.23667
6.0,356,16323.777888
29.0,487,16327.224028
26.0,559,16331.276774
22.0,770,16336.721132
16.0,733,16341.930375
12.0,526,16345.657111
21.0,651,16350.322263
9.0,484,16353.754236
19.0,617,16358.130055
14.0,527,16361.884857
10.0,509,16365.533509
16.0,612,16369.883695
12.0,535,16373.677154
19.0,671,16378.443741
20.0,699,16383.436216
15.0,555,16387.388703
9.0,442,16390.548465
22.0,702,16395.532986
16.0,462,16398.881528
18.0,711,16403.926847
26.0,914,16410.45172
14.0,629,16414.911491
10.0,482,16418.397622
13.0,525,16422.121696
13.0,361,16424.703659
24.0,556,16428.674364
36.0,1346,16438.289681
18.0,526,16442.041773
18.0,776,16447.584947
14.0,487,16451.058701
16.0,466,16454.425386
13.0,469,16457.779653
18.0,1396,16467.682702
33.0,1091,16475.434766
16.0,733,16480.698336
23.0,595,16484.93487
12.0,452,16488.125735
19.0,556,16492.113599
13.0,581,16496.312338
15.0,649,16500.938684
21.0,1087,16508.70386
22.0,784,16514.29021
13.0,569,16518.458622
28.0,647,16523.098089
24.0,738,16528.343705
33.0,1688,16540.407176
17.0,606,16544.799638
11.0,530,16548.574447
29.0,847,16554.623413
33.0,781,16560.198157
13.0,583,16564.407354
10.0,466,16567.72694
10.0,545,16571.650827
19.0,728,16576.875346
18.0,635,16581.453636
7.0,399,16584.611344
23.0,778,16590.12288
21.0,819,16595.928802
14.0,620,16600.382595
28.0,678,16605.215376
30.0,908,16611.667508
23.0,692,16616.614113
20.0,496,16620.163494
18.0,670,16624.909847
9.0,444,16628.063495
15.0,714,16633.156914
17.0,593,16637.404675
14.0,496,16640.936287
23.0,695,16645.861238
7.0,367,16648.480898
11.0,499,16652.073517
15.0,446,16655.262142
12.0,580,16659.405843
17.0,702,16664.40656
14.0,622,16668.875763
17.0,510,16672.485232
7.0,421,16675.487352
18.0,781,16681.01947
17.0,620,16685.439686
25.0,774,16690.879765
13.0,517,16694.556116
11.0,499,16698.06841
12.0,579,16702.226235
27.0,736,16707.441577
13.0,602,16711.729436
19.0,665,16716.392262
29.0,921,16722.942641
20.0,836,16728.890329
29.0,823,16734.750677
17.0,622,16739.135943
17.0,680,16743.972725
22.0,738,16749.201574
12.0,543,16753.002509
21.0,1166,16761.232223
19.0,1018,16768.465571
16.0,404,16771.30566
28.0,692,16776.175297
28.0,898,16782.520077
30.0,663,16787.241915
29.0,902,16793.635458
27.0,847,16799.605774
10.0,472,16802.942166
13.0,577,16807.007845
24.0,1065,16814.560343
22.0,681,16819.365838
23.0,749,16824.654025
15.0,706,16829.688763
17.0,645,16834.236
18.0,642,16838.786286
8.0,436,16841.876855
19.0,711,16846.949867
21.0,629,16851.409669
12.0,538,16855.229593
24.0,603,16859.498071
12.0,600,16863.753013
17.0,620,16868.217783
19.0,663,16873.259541
19.0,1289,16882.410225
20.0,750,16887.751925
16.0,709,16892.746836
27.0,657,16897.415014
17.0,581,16901.52371
18.0,621,16905.967455
12.0,533,16909.723678
19.0,569,16913.742547
19.0,574,16917.806205
11.0,858,16923.924066
12.0,431,16926.958083
21.0,744,16932.219984
15.0,587,16936.387444
16.0,654,16941.067101
13.0,551,16944.919236
21.0,561,16948.903486
23.0,882,16955.096142
19.0,671,16959.898769
23.0,803,16965.548081
9.0,416,16968.475753
15.0,664,16973.16904
14.0,403,16976.049069
21.0,877,16982.252583
10.0,524,16985.959309
18.0,660,16990.623899
15.0,552,16994.555558
15.0,559,16998.500382
10.0,528,17002.221452
19.0,861,17008.331944
20.0,549,17012.26077
28.0,810,17017.98319
25.0,597,17022.232393
18.0,495,17025.701777
13.0,512,17029.369846
21.0,1090,17037.109999
18.0,602,17041.356307
27.0,1368,17051.013121
17.0,751,17056.360495
22.0,678,17061.181037
20.0,837,17067.127078
33.0,987,17074.114349
27.0,877,17080.350015
13.0,548,17084.231308
17.0,477,17087.58906
12.0,485,17091.002751
26.0,977,17097.967758
10.0,448,17101.114311
17.0,505,17104.695157
9.0,471,17108.061265
9.0,486,17111.537108
21.0,615,17115.867447
20.0,731,17121.044141
12.0,842,17126.997032
15.0,594,17131.265495
17.0,734,17136.454491
16.0,585,17140.583561
18.0,737,17145.814306
25.0,775,17151.327354
20.0,872,17157.498822
23.0,1147,17165.664007
13.0,577,17169.721727
11.0,1029,17177.053801
18.0,756,17182.409226
15.0,449,17185.599765
16.0,720,17190.719187
9.0,487,17194.230566
16.0,1147,17202.385121
20.0,817,17208.177187
7.0,374,17210.812676
11.0,504,17214.426849
17.0,698,17219.406275
21.0,710,17224.445353
14.0,523,17228.157039
14.0,751,17233.528737
23.0,827,17239.380665
17.0,545,17243.261729
18.0,628,17247.723707
16.0,701,17252.781348
36.0,892,17259.146199
16.0,556,17263.095698
22.0,705,17268.154892
16.0,753,17273.579656
10.0,482,17277.037802
11.0,492,17280.583511
14.0,651,17285.222233
21.0,597,17289.561742
20.0,604,17293.862256
34.0,913,17300.359792
6.0,344,17302.828838
27.0,543,17306.774892
35.0,1278,17315.856679
21.0,640,17320.400023
15.0,702,17325.447853
9.0,467,17328.838707
29.0,982,17335.868204
11.0,686,17340.815974
12.0,430,17343.858406
14.0,507,17347.530056
22.0,722,17352.689749
23.0,1246,17361.599468
16.0,744,17366.927073
23.0,617,17371.395602
20.0,704,17376.46563
16.0,1357,17386.154057
12.0,501,17389.776914
10.0,465,17393.130801
7.0,406,17396.03251
25.0,1292,17405.286536
13.0,491,17408.836471
31.0,677,17413.734865
7.0,386,17416.866208
11.0,528,17420.647192
5.0,323,17422.967572
22.0,595,17427.246821
8.0,433,17430.348597
18.0,673,17435.149499
26.0,850,17441.1958
15.0,792,17446.853655
7.0,374,17449.557976
8.0,389,17452.306753
25.0,1054,17459.839596
15.0,409,17462.770856
20.0,566,17466.807835
21.0,496,17470.315866
10.0,464,17473.630881
23.0,779,17479.217285
21.0,624,17483.659805
10.0,464,17486.967645
9.0,449,17490.134656
13.0,346,17492.647716
10.0,492,17496.117392
15.0,539,17499.92366
11.0,513,17503.584878
29.0,873,17509.815865
15.0,527,17513.59249
18.0,543,17517.450887
13.0,469,17520.758641
11.0,521,17524.503253
14.0,555,17528.434258
15.0,654,17533.052048
9.0,445,17536.218479
22.0,786,17541.794067
16.0,957,17548.60421
10.0,473,17551.99665
17.0,628,17556.430191
13.0,611,17560.797833
7.0,370,17563.440225
28.0,809,17569.314247
15.0,571,17573.386213
14.0,586,17577.586608
19.0,774,17583.063097
17.0,754,17588.342661
29.0,410,17591.243608
30.0,957,17598.014122
15.0,563,17601.987952
21.0,578,17606.08461
15.0,491,17609.555415
15.0,461,17612.85149
22.0,532,17616.598639
12.0,432,17619.656342
12.0,530,17623.435102
12.0,571,17627.555546
7.0,357,17630.077273
21.0,725,17635.224021
19.0,671,17639.95434
13.0,483,17643.401902
19.0,747,17648.645483
13.0,541,17652.498208
16.0,456,17655.70109
15.0,512,17659.343605
12.0,640,17663.894484
14.0,483,17667.305969
8.0,435,17670.34852
8.0,366,17672.990017
13.0,462,17676.239181
12.0,411,17679.14288
7.0,357,17681.666645
19.0,542,17685.542603
15.0,462,17688.774648
9.0,411,17691.703995
13.0,488,17695.153552
17.0,745,17700.462957
12.0,560,17704.449015
6.0,335,17706.843028
17.0,622,17711.237923
17.0,501,17714.865276
30.0,767,17720.248401
17.0,609,17724.578245
20.0,460,17727.849374
14.0,786,17733.481854
18.0,626,17737.899487
21.0,650,17742.510851
11.0,485,17745.921448
17.0,457,17749.202733
10.0,426,17752.227809
12.0,975,17759.143733
16.0,477,17762.51524
16.0,542,17766.415227
15.0,755,17771.713309
18.0,820,17777.804123
12.0,557,17781.954164
18.0,634,17786.491705
22.0,752,17791.788625
22.0,520,17795.460589
12.0,492,17798.930467
16.0,446,17802.145324
20.0,899,17808.49422
19.0,624,17812.913484
17.0,690,17817.84123
16.0,597,17822.091995
9.0,434,17825.15831
17.0,602,17829.415096
16.0,553,17833.313176
9.0,428,17836.35349
15.0,593,17840.571295
17.0,630,17844.993032
9.0,392,17847.785249
28.0,763,17853.206958
5.0,291,17855.260537
12.0,528,17858.993114
15.0,645,17863.53375
18.0,879,17869.804474
14.0,395,17872.58898
21.0,600,17876.831814
11.0,476,17880.210619
8.0,425,17883.269034
12.0,626,17887.706823
12.0,418,17890.682844
11.0,504,17894.258558
20.0,766,17899.683697
14.0,494,17903.173474
11.0,536,17906.95623
27.0,975,17913.890539
17.0,874,17920.164356
16.0,686,17924.993318
22.0,1947,17938.759148
14.0,608,17943.120056
20.0,656,17947.804667
15.0,430,17950.863562
8.0,396,17953.688262
24.0,449,17956.855583
17.0,503,17960.426381
20.0,727,17965.555269
25.0,738,17970.786265
19.0,640,17975.277193
11.0,547,17979.196757
15.0,569,17983.268204
14.0,507,17986.874237
9.0,449,17990.057835
11.0,471,17993.460867
12.0,535,17997.265685
23.0,867,18003.459165
24.0,766,18008.89711
10.0,497,18012.478598
10.0,489,18015.942932
22.0,582,18020.09394
16.0,483,18023.508069
17.0,617,18027.978471
15.0,428,18031.028306
9.0,439,18034.118308
17.0,592,18038.318297
15.0,504,18041.938786
22.0,674,18046.745212
12.0,534,18050.518325
12.0,450,18053.73157
10.0,516,18057.477712
17.0,590,18061.657621
28.0,872,18067.854346
19.0,537,18071.682332
15.0,451,18074.922122
12.0,530,18078.688669
17.0,616,18083.069493
32.0,1045,18090.508853
22.0,656,18095.23057
8.0,438,18098.359917
10.0,372,18101.019415
20.0,589,18105.219094
8.0,407,18108.170381
13.0,458,18111.448674
19.0,527,18115.210117
12.0,512,18118.844856
10.0,458,18122.148877
15.0,650,18126.797415
21.0,501,18130.355663
10.0,430,18133.406924
16.0,440,18136.57314
21.0,588,18140.738665
31.0,797,18146.358156
20.0,789,18151.992132
18.0,513,18155.687363
18.0,622,18160.14239
18.0,623,18164.567665
8.0,386,18167.308071
17.0,603,18171.643022
14.0,588,18175.851857
17.0,444,18179.012484
7.0,372,18181.684774
8.0,395,18184.544067
11.0,492,18188.054191
19.0,651,18192.658682
13.0,575,18196.739999
5.0,274,18198.761269
20.0,588,18202.937218
19.0,417,18205.891537
5.0,329,18208.240664
22.0,1457,18218.605541
10.0,347,18221.064696
7.0,352,18223.596828
28.0,759,18228.997791
17.0,598,18233.313023
6.0,336,18235.70136
7.0,368,18238.336845
9.0,417,18241.351
26.0,689,18246.288119
12.0,519,18249.991852
17.0,602,18254.276913
24.0,685,18259.1651
8.0,382,18261.949753
14.0,471,18265.315906
8.0,400,18268.163436
20.0,631,18272.657807
12.0,535,18276.525889
8.0,367,18279.186581
20.0,468,18282.535846
32.0,1948,18296.439803
7.0,481,18299.951601
15.0,663,18304.758905
12.0,549,18308.671064
9.0,465,18311.993158
5.0,322,18314.3472
13.0,365,18316.967488
16.0,915,18323.544445
16.0,535,18327.401192
11.0,514,18331.136686
31.0,1028,18338.847179
11.0,566,18342.895886
14.0,394,18345.699816
12.0,565,18349.806732
20.0,677,18354.656118
18.0,567,18358.692684
11.0,529,18362.450391
14.0,638,18367.037465
23.0,718,18372.136209
20.0,711,18377.226423
15.0,544,18381.116505
14.0,462,18384.488213
14.0,519,18388.220518
17.0,600,18392.509
21.0,620,18396.956399
11.0,502,18400.560061
29.0,974,18407.512252
17.0,503,18411.103462
17.0,637,18415.650244
27.0,1157,18423.898364
10.0,451,18427.110869
16.0,617,18431.488471
18.0,711,18436.552789
21.0,1070,18444.153382
27.0,706,18449.163773
19.0,516,18452.840964
14.0,543,18456.659528
19.0,554,18460.673308
11.0,378,18463.346814
22.0,741,18468.621575
13.0,577,18472.731733
9.0,408,18475.673014
13.0,368,18478.300393
27.0,804,18483.980947
11.0,486,18487.417112
19.0,751,18492.772492
13.0,542,18496.594237
3.0,210,18498.070562
12.0,549,18501.929094
15.0,627,18506.378186
13.0,362,18508.922952
29.0,668,18513.644846
14.0,475,18516.98568
14.0,1468,18527.378322
11.0,524,18531.054227
15.0,558,18535.022969
12.0,481,18538.413251
13.0,583,18542.571534
12.0,494,18546.045039
12.0,469,18549.34565
6.0,335,18551.692055
5.0,304,18553.952282
17.0,487,18557.528253
10.0,450,18560.880477
10.0,454,18564.123297
12.0,443,18567.348392
11.0,518,18571.070344
13.0,576,18575.315367
24.0,675,18580.233821
35.0,952,18587.261633
10.0,370,18590.007098
13.0,500,18593.584459
26.0,694,18598.815738
12.0,561,18603.035935
11.0,517,18606.906812
18.0,539,18610.765794
22.0,745,18616.042723
18.0,735,18621.283261
21.0,681,18626.131267
14.0,570,18630.151332
13.0,491,18633.635976
8.0,416,18636.625498
11.0,500,18640.160865
13.0,892,18646.484693
11.0,421,18649.441856
11.0,505,18653.034645
29.0,703,18658.045057
15.0,557,18661.969969
9.0,409,18664.884368
5.0,322,18667.219254
9.0,458,18670.460588
25.0,737,18675.668435
13.0,559,18679.644007
12.0,533,18683.603063
21.0,743,18689.151223
11.0,495,18692.614181
25.0,779,18698.132711
21.0,723,18703.27129
20.0,728,18708.369442
14.0,620,18712.7354
4.0,260,18714.563651
21.0,736,18719.77891
7.0,351,18722.285434
33.0,1176,18730.570212
11.0,402,18733.398715
24.0,610,18737.760214
9.0,466,18741.02627
16.0,660,18745.699512
17.0,603,18749.985468
8.0,406,18752.903205
11.0,569,18757.300144
15.0,552,18761.228835
17.0,653,18765.815948
18.0,602,18770.137483
19.0,666,18774.827094
22.0,577,18778.874582
25.0,735,18784.055141
17.0,634,18788.566352
7.0,402,18791.437717
10.0,367,18794.029674
24.0,2534,18811.792825
12.0,453,18815.022079
16.0,538,18818.856812
14.0,616,18823.162835
19.0,449,18826.285704
23.0,670,18831.061583
19.0,684,18835.889933
15.0,654,18840.448132
21.0,728,18845.565628
10.0,443,18848.712326
20.0,446,18851.824898
19.0,707,18856.775446
11.0,491,18860.242783
16.0,641,18864.779247
10.0,460,18868.024277
14.0,619,18872.396952
14.0,460,18875.651768
17.0,665,18880.373866
24.0,736,18885.575905
20.0,593,18889.731652
14.0,597,18893.967512
11.0,566,18897.961822
14.0,365,18900.542448
7.0,335,18902.917811
10.0,506,18906.497121
22.0,522,18910.205623
15.0,617,18914.592023
10.0,567,18918.616012
17.0,484,18922.035335
20.0,739,18927.314953
22.0,561,18931.282687
12.0,456,18934.519099
20.0,626,18938.934042
16.0,1565,18949.961059
6.0,328,18952.283689
13.0,1231,18960.9642
23.0,708,18966.012134
12.0,573,18970.093036
18.0,579,18974.223733
22.0,843,18980.165287
21.0,615,18984.515264
18.0,770,18990.064071
5.0,305,18992.227156
9.0,324,18994.529348
15.0,649,18999.132229
13.0,436,19002.264631
13.0,455,19005.529906
10.0,367,19008.138971
13.0,509,19011.75549
12.0,535,19015.597854
16.0,714,19020.673393
12.0,315,19022.92376
21.0,752,19028.284431
23.0,726,19033.472644
12.0,511,19037.101784
12.0,424,19040.108145
6.0,341,19042.509778
10.0,454,19045.778831
23.0,663,19050.496567
14.0,508,19054.080843
16.0,637,19058.58833
18.0,691,19063.542252
20.0,658,19068.193475
11.0,489,19071.656959
2.0,200,19073.086633
12.0,402,19075.986441
16.0,466,19079.313552
6.0,322,19081.609615
19.0,691,19086.513471
22.0,668,19091.275511
20.0,565,19095.269789
11.0,503,19098.84618
32.0,803,19104.517148
17.0,487,19108.002995
3.0,228,19109.615384
15.0,424,19112.616858
17.0,1390,19122.42152
18.0,394,19125.237363
16.0,555,19129.194551
7.0,359,19131.743552
22.0,538,19135.535206
7.0,371,19138.199877
12.0,280,19140.169801
12.0,434,19143.216075
27.0,720,19148.306276
23.0,591,19152.543423
12.0,546,19156.428696
21.0,597,19160.623828
18.0,603,19164.906709
15.0,508,19168.499753
10.0,457,19171.714705
15.0,670,19176.410908
20.0,629,19180.859919
11.0,495,19184.384995
13.0,605,19188.676343
14.0,378,19191.328813
11.0,406,19194.201105
7.0,359,19196.796114
12.0,316,19199.024556
13.0,608,19203.343025
10.0,465,19206.639379
10.0,467,19209.955012
15.0,494,19213.470755
15.0,661,19218.143761
11.0,494,19221.639314
14.0,524,19225.364688
17.0,635,19229.858578
25.0,667,19234.581959
12.0,550,19238.500795
20.0,782,19244.034644
14.0,498,19247.556601
20.0,1017,19254.715004
8.0,295,19256.820303
9.0,465,19260.144789
9.0,441,19263.27297
6.0,338,19265.682494
9.0,454,19268.871815
13.0,468,19272.190593
7.0,387,19274.92696
8.0,410,19277.824801
16.0,673,19282.577788
23.0,693,19287.493517
23.0,1945,19301.143317
6.0,336,19303.50739
15.0,462,19306.793834
34.0,881,19313.020291
13.0,327,19315.323279
18.0,690,19320.190037
21.0,548,19324.064405
16.0,606,19328.391423
19.0,660,19333.038074
13.0,542,19336.873545
13.0,498,19340.415552
23.0,571,19344.461951
9.0,325,19346.780493
7.0,244,19348.507482
18.0,628,19352.966628
18.0,601,19357.236474
16.0,442,19360.363254
17.0,632,19364.816813
22.0,700,19369.751908
18.0,680,19374.576305
12.0,425,19377.598046
16.0,564,19381.59685
14.0,446,19384.731397
12.0,507,19388.354401
16.0,587,19392.507857
11.0,265,19394.384998
19.0,700,19399.321933
17.0,590,19403.508189
10.0,453,19406.73446
11.0,475,19410.040524
17.0,465,19413.287405
19.0,545,19417.121951
13.0,346,19419.622833
15.0,484,19423.062145
12.0,577,19427.147328
18.0,680,19431.955746
13.0,354,19434.463923
16.0,544,19438.254661
16.0,625,19442.632351
11.0,500,19446.201129
9.0,425,19449.221256
18.0,619,19453.583143
13.0,813,19459.316802
19.0,657,19463.99649
11.0,423,19466.968156
9.0,447,19470.090832
8.0,415,19473.026794
16.0,537,19476.83541
22.0,678,20090.555332
13.0,770,20097.017723
6.0,341,20099.702564
11.0,555,20103.840236
18.0,510,20107.587446
18.0,587,20111.870069
6.0,375,20114.65144
14.0,633,20119.399551
20.0,622,20123.983067
21.0,737,20129.398666
23.0,746,20134.867472
17.0,1207,20143.747571
17.0,510,20147.484752
17.0,568,20151.646132
15.0,541,20155.488397
11.0,403,20158.434604
9.0,392,20161.632446
16.0,614,20166.015299
18.0,672,20170.75467
7.0,377,20173.43759
13.0,366,20175.991357
17.0,653,20180.594902
16.0,435,20183.658092
13.0,495,20187.207415
22.0,907,20193.589113
13.0,665,20198.435578
17.0,488,20202.189623
20.0,1017,20209.434011
8.0,416,20212.40434
20.0,539,20216.220652
21.0,619,20220.60554
23.0,670,20225.388985
17.0,457,20228.627802
16.0,546,20232.508878
22.0,757,20237.87575
18.0,635,20242.422803
21.0,875,20248.648923
7.0,385,20251.737802
10.0,460,20255.011049
12.0,588,20259.230926
30.0,928,20265.787723
13.0,564,20269.818277
12.0,445,20272.972226
11.0,448,20276.201226
13.0,728,20281.387328
11.0,507,20284.98293
22.0,732,20290.158425
30.0,896,20296.555961
21.0,578,20300.662946
16.0,545,20304.541299
11.0,463,20307.868073
18.0,488,20311.37488
22.0,731,20316.531403
10.0,503,20320.090315
14.0,373,20322.716392
12.0,490,20326.297693
21.0,662,20330.98379
14.0,519,20334.683706
22.0,645,20339.266282
14.0,1350,20348.907743
13.0,487,20352.388847
15.0,408,20355.307028
12.0,546,20359.163051
15.0,526,20362.975985
18.0,558,20366.930083
9.0,416,20369.893406
12.0,525,20373.611334
21.0,692,20378.554251
18.0,615,20382.939523
17.0,588,20387.131362
13.0,562,20391.172059
14.0,365,20393.819801
15.0,582,20397.958122
14.0,546,20401.849345
12.0,439,20404.98013
14.0,543,20408.886911
30.0,871,20415.045375
23.0,968,20421.944113
21.0,505,20425.521783
8.0,389,20428.344207
22.0,631,20432.802378
16.0,616,20437.152357
25.0,761,20442.583839
9.0,455,20445.835705
32.0,850,20451.900399
15.0,471,20455.258829
18.0,700,20460.239174
11.0,492,20463.765296
20.0,508,20467.386172
12.0,449,20470.560188
9.0,431,20473.629449
19.0,756,20479.002458
21.0,491,20482.460427
5.0,304,20484.62478
14.0,591,20488.835352
14.0,613,20493.19721
18.0,534,20497.016871
17.0,706,20502.032578
16.0,656,20506.701086
7.0,367,20509.362202
26.0,811,20515.099025
17.0,504,20518.66572
17.0,615,20523.038424
27.0,717,20528.608593
16.0,732,20533.927541
21.0,555,20537.991929
8.0,368,20540.67721
19.0,548,20544.701485
21.0,733,20550.027643
18.0,546,20553.960814
13.0,616,20558.425897
14.0,606,20562.907724
29.0,832,20568.9917
10.0,375,20571.724933
22.0,764,20577.305522
16.0,565,20581.579015
20.0,571,20585.634214
18.0,1194,20594.632825
11.0,401,20597.508783
9.0,299,20599.744979
14.0,633,20604.248574
10.0,369,20606.933158
11.0,520,20610.697945
20.0,685,20615.594485
8.0,438,20618.715718
17.0,691,20623.624704
11.0,517,20627.302313
22.0,654,20632.046785
23.0,1010,20639.234346
12.0,511,20642.874257
14.0,499,20646.464218
19.0,880,20652.775186
14.0,1065,20660.307857
11.0,550,20664.194161
16.0,611,20668.488256
13.0,574,20672.637978
19.0,704,20677.632636
19.0,635,20682.167445
16.0,1099,20689.991737
13.0,454,20693.284561
20.0,626,20697.730888
9.0,418,20700.725183
26.0,899,20707.12174
26.0,2029,20721.54184
14.0,582,20725.644145
14.0,520,20729.334302
20.0,890,20735.658786
15.0,648,20740.294001
8.0,734,20745.509096
18.0,596,20749.751154
18.0,630,20754.228057
26.0,992,20761.3695
20.0,684,20766.242702
17.0,584,20770.385277
20.0,601,20774.65438
15.0,538,20778.532846
16.0,595,20782.741065
21.0,710,20787.802167
15.0,536,20791.618393
19.0,560,20795.6069
16.0,599,20799.863104
16.0,448,20803.073395
14.0,608,20807.402595
21.0,717,20812.564299
12.0,494,20816.082307
10.0,470,20819.433327
10.0,477,20822.798341
21.0,747,20828.158834
16.0,700,20833.146362
12.0,534,20836.927889
23.0,740,20842.229439
12.0,528,20846.037376
11.0,406,20848.951418
25.0,863,20855.061307
15.0,641,20859.634987
15.0,543,20863.563757
11.0,512,20867.216083
26.0,548,20871.144384
16.0,698,20876.106391
11.0,361,20878.735782
15.0,500,20882.316359
15.0,533,20886.144459
7.0,372,20888.820231
13.0,521,20892.572271
14.0,586,20896.760482
12.0,512,20900.406221
21.0,494,20903.970322
13.0,515,20907.735306
18.0,777,20913.283248
12.0,449,20916.47124
14.0,591,20920.68328
20.0,601,20925.000337
9.0,436,20928.117903
31.0,851,20934.184709
13.0,450,20937.380242
16.0,553,20941.385074
13.0,552,20945.302665
17.0,721,20950.415305
14.0,607,20954.757872
18.0,505,20958.378806
20.0,655,20963.030657
14.0,534,20966.795764
16.0,880,20973.081468
12.0,322,20975.41409
16.0,681,20980.280755
18.0,757,20985.662091
15.0,795,20991.346097
17.0,757,20996.765584
15.0,501,21000.315164
9.0,1588,21011.621941
8.0,454,21014.87757
25.0,615,21019.307911
15.0,460,21022.593841
23.0,673,21027.406437
13.0,512,21031.028707
19.0,657,21035.735319
11.0,594,21039.957485
20.0,631,21044.445234
11.0,450,21047.658606
28.0,880,21053.904657
26.0,796,21059.569414
15.0,430,21062.598884
20.0,568,21066.643977
12.0,415,21069.601832
17.0,480,21073.030144
22.0,1212,21081.622908
19.0,690,21086.542055
19.0,721,21091.66692
20.0,744,21096.989478
7.0,359,21099.551664
14.0,609,21103.903947
16.0,459,21107.465832
11.0,612,21111.941226
18.0,541,21115.775703
5.0,288,21117.809055
17.0,648,21122.436081
11.0,516,21126.081543
21.0,724,21131.225755
11.0,442,21134.358499
5.0,271,21136.306695
14.0,497,21139.8614
9.0,308,21142.067504
8.0,401,21144.938839
16.0,532,21148.774566
15.0,522,21152.488198
17.0,631,21157.179169
17.0,725,21162.448068
14.0,641,21166.996088
9.0,429,21170.034992
16.0,648,21174.601299
7.0,367,21177.189235
16.0,482,21180.663085
10.0,480,21184.045672
10.0,368,21186.664157
11.0,426,21189.66364
12.0,508,21193.340997
14.0,632,21197.784111
11.0,488,21201.259923
20.0,606,21205.556863
16.0,550,21209.478118
19.0,672,21214.233969
8.0,411,21217.132205
7.0,394,21219.94508
16.0,546,21223.853281
18.0,404,21226.711131
14.0,593,21230.902003
22.0,668,21235.607929
15.0,664,21240.363482
14.0,516,21244.013144
21.0,447,21247.186882
20.0,494,21250.675705
24.0,605,21254.981905
19.0,726,21260.067988
18.0,1224,21268.732876
12.0,531,21272.504959
21.0,609,21276.866822
14.0,585,21281.03075
14.0,540,21284.843604
26.0,630,21289.305868
17.0,615,21293.74887
10.0,491,21297.241888
16.0,449,21300.431619
22.0,678,21305.263776
10.0,529,21309.060499
21.0,681,21313.881915
22.0,497,21317.361362
13.0,580,21321.46029
15.0,587,21325.66174
10.0,486,21329.100468
9.0,427,21332.122486
22.0,675,21336.873455
29.0,1046,21344.307077
23.0,842,21350.264197
4.0,275,21352.220545
8.0,381,21354.914845
9.0,403,21357.82815
11.0,548,21361.697053
12.0,560,21365.633073
13.0,545,21369.460978
10.0,461,21372.749634
21.0,706,21377.776683
9.0,450,21380.963337
18.0,765,21386.35995
10.0,488,21389.845744
13.0,653,21394.508497
12.0,508,21398.116216
22.0,582,21402.245185
7.0,366,21404.924784
11.0,546,21408.814358
5.0,306,21411.033435
12.0,516,21414.743667
14.0,573,21418.883143
18.0,598,21423.150455
18.0,552,21427.081771
11.0,478,21430.514164
16.0,601,21434.841287
13.0,568,21438.897369
9.0,422,21441.890448
18.0,601,21446.169583
14.0,642,21450.765079
14.0,479,21454.172684
18.0,647,21458.772114
16.0,710,21463.806618
11.0,512,21467.464782
13.0,580,21471.586967
7.0,365,21474.177755
14.0,663,21478.849498
9.0,509,21482.530071
9.0,418,21485.475717
15.0,496,21488.998638
11.0,539,21492.82885
14.0,466,21496.134571
9.0,489,21499.621139
14.0,732,21504.815233
15.0,563,21508.802094
23.0,764,21514.237851
14.0,493,21517.738893
6.0,509,21521.330267
11.0,505,21524.875003
15.0,519,21528.609884
13.0,476,21532.014096
16.0,857,21538.047267
22.0,605,21542.327582
19.0,509,21546.025479
15.0,1147,21554.110527
12.0,503,21557.678842
13.0,652,21562.299053
20.0,613,21566.656794
21.0,611,21570.985487
16.0,445,21574.123766
8.0,395,21576.944243
9.0,420,21579.946098
21.0,457,21583.173337
19.0,664,21587.885441
22.0,2112,21602.762919
9.0,344,21605.290879
29.0,811,21611.052465
9.0,424,21614.062079
13.0,583,21618.172251
14.0,483,21621.626472
16.0,578,21625.700887
13.0,599,21629.927334
21.0,776,21635.437591
17.0,499,21639.024109
25.0,707,21643.998372
23.0,717,21649.11225
15.0,447,21652.256656
18.0,689,21657.166903
17.0,452,21660.350534
25.0,888,21666.631519
21.0,516,21670.333307
17.0,649,21675.006707
28.0,1111,21682.931248
18.0,501,21686.50757
21.0,613,21690.84727
19.0,693,21695.852521
14.0,606,21700.156991
20.0,606,21704.461285
28.0,635,21708.990463
10.0,361,21711.588409
21.0,591,21715.791149
20.0,724,21720.940535
15.0,755,21726.288155
18.0,549,21730.210855
18.0,592,21734.39688
16.0,479,21737.80259
15.0,645,21742.361705
16.0,541,21746.238431
20.0,532,21750.043657
17.0,851,21756.105104
21.0,650,21760.75684
18.0,788,21766.437045
7.0,365,21769.03114
19.0,694,21773.963412
